id,x,y,z,vx,vy,vz,m,t
2,0.4084507706729419,0.30200320960912796,0.0,-1.0987059141973428,-0.48325433180596106,0.0,1.0,3.8099999999999627
3,0.6674842714736512,-0.3580584815890216,0.0,1.0124438042038326,0.015952742055769513,0.0,1.0,3.8099999999999627
1,-1.0759350421465959,0.05605527197989361,0.0,0.08626210999350983,0.46730158975019154,0.0,1.0,3.8099999999999627
