id,x,y,z,vx,vy,vz,m,t
2,0.9560797014695351,-0.25555511941414166,0.0,0.5018280910207963,0.4226367188632522,0.0,1.0,2.0799999999999996
3,-0.9829594628623591,0.2306102786128054,0.0,0.4319830077713309,0.44030295650016354,0.0,1.0,2.0799999999999996
1,0.026879761392821562,0.02494484080133588,0.0,-0.9338110987921284,-0.8629396753634159,0.0,1.0,2.0799999999999996
