id,x,y,z,vx,vy,vz,m
1,1.7921768401361726E-9,4.428512206223117E-9,0.0,-6.118439661979343E-10,1.787801404942727E-9,0.0,0.999999999
2,-0.7921768383439848,-0.6175122017946093,0.0,0.6118439655860926,-0.787801403154927,0.0,1.0E-9
