id,x,y,z,vx,vy,vz,m,t
2,0.36365628353219703,0.21555160136980922,0.0,-0.6118815717319178,0.1322819200180353,0.0,0.4,0.8500000000000005
1,-0.24243752235479804,-0.14370106757987286,0.0,0.4079210478212785,-0.08818794667869016,0.0,0.6,0.8500000000000005
