id,x,y,z,vx,vy,vz,m
1,1.3806567896404916E-9,1.0351639231196243E-9,0.0,9.253515148771192E-10,1.3789669748950396E-9,0.0,0.999999999
2,-0.3806567882598334,0.9258360779155387,0.0,-0.9253515139517671,-0.3789669735160757,0.0,1.0E-9
