id,x,y,z,vx,vy,vz,m
1,6.098393171017021E-10,2.4925328173881034E-10,0.0,9.207467550529556E-10,6.098394652148728E-10,0.0,0.999999999
2,0.390160683508138,0.9207467185104429,0.0,-0.9207467541322085,0.3901605353949669,0.0,1.0E-9
