id,x,y,z,vx,vy,vz,m
1,9.691956760348534E-10,5.40474699153512E-10,0.0,9.995253823145362E-10,9.691959140588387E-10,0.0,0.999999999
2,0.03080432493434309,0.9995253013869626,0.0,-0.999525381315011,0.030804086910357322,0.0,1.0E-9
