id,x,y,z,vx,vy,vz,m
1,1.3217866432605966E-10,2.3123638833210236E-11,0.0,4.968763622362105E-10,1.32178727085706E-10,0.0,0.999999999
2,0.8678213358061193,0.4968763611899136,0.0,-0.4968763617393341,0.8678212730464729,0.0,1.0E-9
