id,x,y,z,vx,vy,vz,m
1,2.1302087403714568E-11,6.284702037981329E-9,0.0,2.052984454663552E-10,2.1299806710974637E-11,0.0,0.999999999
2,0.9786979126175899,0.2052979683033632,0.0,-0.20529844526105645,0.978700193310322,0.0,1.0E-9
