id,x,y,z,vx,vy,vz,m,t
2,0.38435750644474265,-0.2910823308892156,0.0,1.091175853101133,-0.524647667783001,0.0,1.0,1.440000000000001
3,-1.073874900767077,-0.06609812705506839,0.0,-0.10252478487349742,0.46734036433830217,0.0,1.0,1.440000000000001
1,0.6895173943223325,0.357180457944284,0.0,-0.9886510682276365,0.05730730344469841,0.0,1.0,1.440000000000001
