id,x,y,z,vx,vy,vz,m
1,1.8670155580262946E-9,2.1217199900902547E-9,0.0,4.98279967951401E-10,1.867016419898383E-9,0.0,0.999999999
2,-0.8670155561592776,0.4982800120314646,0.0,-0.49827996745312053,-0.867016418031367,0.0,1.0E-9
