id,x,y,z,vx,vy,vz,m
1,2.4103417183732134E-11,1.7583898926587154E-12,0.0,2.182413236531238E-10,2.3994258425265827E-11,0.0,0.999999999
2,0.9758965828403716,0.21824161010909962,0.0,-0.21824132343488253,0.9760057415987287,0.0,1.0E-9
