id,x,y,z,vx,vy,vz,m
1,6.158653716706566E-11,6.303262604064991E-9,0.0,-3.598573140898949E-10,7.053171707582116E-11,0.0,0.999999999
2,0.9384134628945447,-0.3632625977617307,0.0,0.3598573137300447,0.9294682829947097,0.0,1.0E-9
