id,x,y,z,vx,vy,vz,m,t
1,-0.3580394742123633,0.08723215260029238,0.0,-0.18950905348381517,-0.1772671061676638,0.0,0.6,2.260999999999862
2,0.5370592113185486,-0.13084822890043996,0.0,0.2842635802257245,0.26590065925149403,0.0,0.4,2.260999999999862
