id,x,y,z,vx,vy,vz,m
1,1.0224225602001189E-9,5.689747161792927E-9,0.0,-9.997494219710722E-10,1.0224223532703497E-9,0.0,0.999999999
2,-0.022422559177694992,-0.9997471561031829,0.0,0.9997494209713232,-0.02242235224793095,0.0,1.0E-9
