id,x,y,z,vx,vy,vz,m,t
1,-0.04544755845795762,-0.126148135618823,0.0,0.7526455124424882,0.3288480179895281,0.0,0.6,1.2009999999999785
2,0.06817133768693766,0.1892222034282341,0.0,-1.128968268663731,-0.49327202698429273,0.0,0.4,1.2009999999999785
