id,x,y,z,vx,vy,vz,m,t
2,1.075562649614354,0.057785467188347116,0.0,-0.08940283419729807,0.4673263432851474,0.0,1.0,2.759999999999985
3,-0.40358664175787695,0.29999970565195816,0.0,1.0972972229841156,-0.4918461718414376,0.0,1.0,2.759999999999985
1,-0.6719760078564795,-0.35778517284030553,0.0,-1.0078943887868181,0.024519828556290507,0.0,1.0,2.759999999999985
