id,x,y,z,vx,vy,vz,m,t
1,0.009476657362270765,-0.09240626924073408,0.0,0.7958209732998266,0.6816299958235623,0.0,0.6,1.2709999999999708
2,-0.01421498604340483,0.13860940386110063,0.0,-1.193731459949739,-1.0224449937353444,0.0,0.4,1.2709999999999708
