id,x,y,z,vx,vy,vz,m
1,1.895334036042798E-9,2.2346059568211492E-9,0.0,4.453939649381334E-10,1.8953349407725E-9,0.0,0.999999999
2,-0.8953340341474627,0.4453940454134557,0.0,-0.44539396449273894,-0.8953349388771654,0.0,1.0E-9
