id,x,y,z,vx,vy,vz,m,t
2,0.6270706354301457,0.35698933119099446,0.0,-1.0490803488988376,-0.06207248972114643,0.0,1.0,3.609999999999967
3,0.45169349407027554,-0.31959579473007577,0.0,1.1065566086813972,-0.405212488168499,0.0,1.0,3.609999999999967
1,-1.078764129500424,-0.0373935364609187,0.0,-0.057476259782560137,0.4672849778896455,0.0,1.0,3.609999999999967
