id,x,y,z,vx,vy,vz,m
1,6.181804981936368E-10,6.05075866677036E-9,0.0,-9.222039418106726E-10,6.223467991720707E-10,0.0,0.999999999
2,0.3818195024245621,-0.9307586607196058,0.0,0.9222039408884734,0.37765320145027564,0.0,1.0E-9
