id,x,y,z,vx,vy,vz,m
1,1.7785911464923854E-9,4.447529767738925E-9,0.0,-6.275312065888585E-10,1.7785922211716932E-9,0.0,0.999999999
2,-0.7785911447137924,-0.6275297632913951,0.0,0.6275312059613277,-0.778592219393104,0.0,1.0E-9
