id,x,y,z,vx,vy,vz,m
1,9.924247368383447E-10,5.719969878985537E-9,0.0,-9.999721434745813E-10,9.924244696188346E-10,0.0,0.999999999
2,0.007575264154081458,-0.9999698732655707,0.0,0.9999721424746094,0.007575531373586233,0.0,1.0E-9
