id,x,y,z,vx,vy,vz,m,t
1,-0.390522042034557,-0.043134998062377576,0.0,0.08769215017449185,-0.19516774904739298,0.0,0.6,2.930999999999788
2,0.5857830630518395,0.0647024970935643,0.0,-0.13153822526173603,0.2927516235710891,0.0,0.4,2.930999999999788
