id,x,y,z,vx,vy,vz,m
1,1.8036828878858583E-10,3.7044397461067695E-11,0.0,5.729400065296144E-10,1.8007582909822227E-10,0.0,0.999999999
2,0.8196317113917825,0.5729556025759768,0.0,-0.5729400059566748,0.8199241710818533,0.0,1.0E-9
