id,x,y,z,vx,vy,vz,m,t
1,-0.21531262236712914,0.14832611341032223,0.0,-0.45398179791510124,-0.0588098475590307,0.0,0.6,1.8009999999999124
2,0.3229689335506958,-0.22248917011548433,0.0,0.6809726968726543,0.08821477133854495,0.0,0.4,1.8009999999999124
