id,x,y,z,vx,vy,vz,m
1,-5.909108986010092E-12,6.312942269320695E-9,0.0,2.681910317287214E-11,3.4691381197966765E-12,0.0,0.999999999
2,1.0059091089801266,0.02705773699223695,0.0,-0.026819103146046,0.9965308618836719,0.0,1.0E-9
