id,x,y,z,vx,vy,vz,m,t
2,-0.32903496984094277,0.2618165682554787,0.0,1.068044815757424,-0.6124667834421281,0.0,1.0,0.7200000000000004
3,-0.7385920626380417,-0.3519183733069883,0.0,-0.926318526207828,0.14534818840613029,0.0,1.0,0.7200000000000004
1,1.0676270324789836,0.0901018050515096,0.0,-0.14172628954959704,0.4671185950359978,0.0,1.0,0.7200000000000004
