id,x,y,z,vx,vy,vz,m
1,2.1180751059195326E-10,6.364364602530368E-9,0.0,6.197913321130562E-10,2.1884342577073934E-10,0.0,0.999999999
2,0.7881924896198838,0.6256354038339892,0.0,-0.6197913314932584,0.7811565744481042,0.0,1.0E-9
