id,x,y,z,vx,vy,vz,m
1,2.395349189164383E-10,6.340623614016134E-9,0.0,6.493779215140189E-10,2.3953321096869987E-10,0.0,0.999999999
2,0.7604650813230991,0.6493763923244789,0.0,-0.6493779208646412,0.7604667892708303,0.0,1.0E-9
