id,x,y,z,vx,vy,vz,m
1,3.7004676861161277E-10,6.194561832516288E-9,0.0,-7.772774588299453E-10,3.763581649068758E-10,0.0,0.999999999
2,0.6299532317584536,-0.7845618263217334,0.0,0.7772774580526736,0.6236418354694809,0.0,1.0E-9
