id,x,y,z,vx,vy,vz,m,t
2,-0.5810292985075869,0.3524401587375186,0.0,1.0796760625136943,-0.153154355495816,0.0,1.0,0.49000000000000027
3,-0.4995485947363349,-0.3350748452552305,0.0,-1.1061891161101494,-0.31406974493070394,0.0,1.0,0.49000000000000027
1,1.080577893243921,-0.01736531348228799,0.0,0.026513053596454447,0.4672241004265197,0.0,1.0,0.49000000000000027
