id,x,y,z,vx,vy,vz,m
1,2.6816742370758993E-12,6.283164302247664E-9,0.0,-7.316447451558438E-11,2.679314852692433E-12,0.0,0.999999999
2,0.9973183257656083,-0.07316429596450759,0.0,0.07316447444242018,0.9973206851499834,0.0,1.0E-9
