id,x,y,z,vx,vy,vz,m,t
2,0.3379290619878286,-0.21632260645157,0.0,0.6575427925585982,0.11162116373535269,0.0,0.4,1.8200000000000014
1,-0.22528604132521948,0.14421507096771355,0.0,-0.4383618617057322,-0.07441410915690139,0.0,0.6,1.8200000000000014
