id,x,y,z,vx,vy,vz,m,t
2,1.0513502107127815,0.13247927025240375,0.0,-0.2165403313510831,0.4654795635949508,0.0,1.0,2.9199999999999817
3,-0.233940689708977,0.2000732826520193,0.0,1.0161303794048118,-0.7358227088010206,0.0,1.0,2.9199999999999817
1,-0.8174095210038066,-0.3325525529044233,0.0,-0.7995900480537295,0.2703431452060702,0.0,1.0,2.9199999999999817
