id,x,y,z,vx,vy,vz,m,t
2,-0.47116687818973596,0.3263134326654289,0.0,1.1076590989004202,-0.368618529362673,0.0,1.0,0.5900000000000003
3,-0.6084986905640261,-0.35567000724076897,0.0,-1.0628194412398249,-0.09863372458017616,0.0,1.0,0.5900000000000003
1,1.079665568753761,0.02935657457534007,0.0,-0.044839657660595965,0.4672522539428489,0.0,1.0,0.5900000000000003
