id,x,y,z,vx,vy,vz,m
1,1.257065378658758E-10,6.288161814697779E-9,0.0,-4.935014630504666E-10,1.3412271605228303E-10,0.0,0.999999999
2,0.8742934622598534,-0.4981618084096206,0.0,0.49350146255697225,0.8658772840818386,0.0,1.0E-9
