id,x,y,z,vx,vy,vz,m
1,7.841387844358851E-10,5.906422544324567E-9,0.0,-9.764247808018737E-10,7.841380872902683E-10,0.0,0.999999999
2,0.21586121634825534,-0.9764225384181485,0.0,0.9764247798254492,0.21586191349386608,0.0,1.0E-9
