id,x,y,z,vx,vy,vz,m,t
2,0.7618097825029931,-0.3478175734246138,0.0,0.8921807694054966,0.18437996831357387,0.0,1.0,1.8000000000000014
3,-1.0637284900302149,0.10211760755120615,0.0,0.1620377960065065,0.46689298009816815,0.0,1.0,1.8000000000000014
1,0.3019187075272196,0.24569996587340742,0.0,-1.0542185654120042,-0.6512729484117425,0.0,1.0,1.8000000000000014
