id,x,y,z,vx,vy,vz,m,t
1,-0.3343533228520479,0.1059716089570236,0.0,-0.2418441859840639,-0.1626162471049975,0.0,0.6,2.150999999999874
2,0.5015299842780748,-0.15895741343553668,0.0,0.36276627897609803,0.2439243706574949,0.0,0.4,2.150999999999874
