id,x,y,z,vx,vy,vz,m,t
1,-0.39993403728401894,-0.003481350715220125,0.0,0.006826009632317352,-0.19997334193816715,0.0,0.6,2.7309999999998102
2,0.5999010559260322,0.005222026072828189,0.0,-0.010239014448474382,0.29996001290725044,0.0,0.4,2.7309999999998102
