id,x,y,z,vx,vy,vz,m
1,1.3451719180380857E-9,5.298538066667635E-9,0.0,-9.385401537084376E-10,1.3451723253330441E-9,0.0,0.999999999
2,-0.3451719166929121,-0.9385380613691007,0.0,0.9385401527698979,-0.3451723239878757,0.0,1.0E-9
