id,x,y,z,vx,vy,vz,m
1,1.2303359127669937E-9,5.453109780621193E-9,0.0,-9.731119558608978E-10,1.2303361096124201E-9,0.0,0.999999999
2,-0.23033591153665622,-0.9731097751680864,0.0,0.9731119548877862,-0.2303361083820877,0.0,1.0E-9
