id,x,y,z,vx,vy,vz,m,t
2,-0.20492447457620416,0.1783803673328407,0.0,0.9997741549645769,-0.7656268684921893,0.0,1.0,0.8400000000000005
3,-0.8398197359929674,-0.32441407669359357,0.0,-0.7578406879964292,0.30134175393941476,0.0,1.0,0.8400000000000005
1,1.044744210569171,0.14603370936075297,0.0,-0.2419334669681485,0.4642851145527745,0.0,1.0,0.8400000000000005
