id,x,y,z,vx,vy,vz,m,t
2,0.6581437216888265,0.35794122991606386,0.0,-1.0217708554610219,-0.0018197044755413963,0.0,1.0,3.5799999999999677
3,0.41856878256345365,-0.3065285778219095,0.0,1.1011178316910069,-0.4655004973273385,0.0,1.0,3.5799999999999677
1,-1.0767125042522827,-0.05141265209415443,0.0,-0.0793469762299857,0.46732020180288003,0.0,1.0,3.5799999999999677
