id,x,y,z,vx,vy,vz,m,t
2,0.5949209875563854,0.0388892835258102,0.0,-0.0782761849600492,0.29744431533147864,0.0,0.4,0.12999999999999998
1,-0.39661399170425704,-0.0259261890172068,0.0,0.052184123306699484,-0.19829621022098573,0.0,0.6,0.12999999999999998
