id,x,y,z,vx,vy,vz,m
1,1.0160214075169457E-9,5.7165744669141205E-9,0.0,-9.96517720049921E-10,1.0168816207906865E-9,0.0,0.999999999
2,-0.016021406500908487,-1.0055744611975495,0.0,0.996517719053407,-0.01688161977380651,0.0,1.0E-9
