id,x,y,z,vx,vy,vz,m,t
1,0.011113773298536224,0.09097084164963584,0.0,-0.7942289707419141,0.69702620301816,0.0,0.6,1.440999999999952
2,-0.016670659947803066,-0.13645626247445442,0.0,1.1913434561128717,-1.0455393045272408,0.0,0.4,1.440999999999952
