id,x,y,z,vx,vy,vz,m,t
2,-0.7047772887668253,0.3560463498752917,0.0,0.9707086382446877,0.0853631027035678,0.0,1.0,0.37000000000000016
3,-0.3674026631480086,-0.2826071934909268,0.0,-1.0850397305574042,-0.5526446553711338,0.0,1.0,0.37000000000000016
1,1.0721799519148332,-0.0734391563843649,0.0,0.11433109231271667,0.46728155266756577,0.0,1.0,0.37000000000000016
