id,x,y,z,vx,vy,vz,m
1,1.4395626709787026E-10,6.256900376348739E-9,0.0,-5.169015907820066E-10,1.439541842811343E-10,0.0,0.999999999
2,0.8560437330460882,-0.5169003700918461,0.0,0.5169015902651053,0.856045815862816,0.0,1.0E-9
