id,x,y,z,vx,vy,vz,m,t
2,1.0361862318426827,-0.16155225002211698,0.0,0.27243120911877655,0.46233921520725113,0.0,1.0,2.289999999999995
3,-0.864132046317145,0.3139933261553139,0.0,0.7097819626995473,0.3323573097416109,0.0,1.0,2.289999999999995
1,-0.17205418552554014,-0.1524410761331973,0.0,-0.9822131718183247,-0.7946965249488619,0.0,1.0,2.289999999999995
