id,x,y,z,vx,vy,vz,m,t
2,0.5941078803290071,0.041861665782595814,0.0,-0.08434526051563562,0.297032136025645,0.0,0.4,0.13999999999999999
1,-0.39607192021933807,-0.027907777188397213,0.0,0.056230173677090434,-0.19802142401709663,0.0,0.6,0.13999999999999999
