id,x,y,z,vx,vy,vz,m,t
2,-0.38303440927070015,0.2903483718622893,0.0,1.0908279400550167,-0.526897484280244,0.0,1.0,0.6700000000000004
3,-0.6907157726321809,-0.35708839742453286,0.0,-0.9873735136731596,0.059592971116083596,0.0,1.0,0.6700000000000004
1,1.0737501819028799,0.06674002556224364,0.0,-0.1034544263818579,0.4673045131641602,0.0,1.0,0.6700000000000004
