id,x,y,z,vx,vy,vz,m,t
1,-0.20133979785738093,0.1498406121988979,0.0,-0.47776005045329345,-0.04178006753572778,0.0,0.6,1.7709999999999158
2,0.3020096967860734,-0.224760918298348,0.0,0.7166400756799425,0.06267010130359053,0.0,0.4,1.7709999999999158
