id,x,y,z,vx,vy,vz,m
1,2.4813822338263087E-11,6.2813792625850206E-9,0.0,-2.2137978375443569E-10,2.4811496572536015E-11,0.0,0.999999999
2,0.9751861776865534,-0.22137925630364905,0.0,0.2213797835330562,0.9751885034522718,0.0,1.0E-9
