id,x,y,z,vx,vy,vz,m
1,1.6449005133754513E-9,1.5047654654365118E-9,0.0,7.658574141728225E-10,1.6424376133265367E-9,0.0,0.999999999
2,-0.6449005117305486,0.7662345360682524,0.0,-0.7658574134069634,-0.6424376116841005,0.0,1.0E-9
