id,x,y,z,vx,vy,vz,m
1,5.463956905442061E-10,2.0879686484990687E-10,0.0,8.912031650249166E-10,5.463958267340179E-10,0.0,0.999999999
2,0.4536043100021902,0.8912031353588901,0.0,-0.891203164133713,0.45360417381237816,0.0,1.0E-9
