id,x,y,z,vx,vy,vz,m,t
1,-0.3866834035776731,-0.05090282177542957,0.0,0.10427339764599669,-0.19316085791821966,0.0,0.6,2.970999999999784
2,0.5800251053665134,0.07635423266314223,0.0,-0.1564100964689933,0.2897412868773291,0.0,0.4,2.970999999999784
