id,x,y,z,vx,vy,vz,m
1,1.220593519932595E-9,5.465364429661615E-9,0.0,-9.753666110188807E-10,1.2205936984719364E-9,0.0,0.999999999
2,-0.22059351871199973,-0.9753644241962536,0.0,0.9753666100435143,-0.22059369725134634,0.0,1.0E-9
