id,x,y,z,vx,vy,vz,m,t
2,0.5291297332523703,0.13806910706867412,0.0,-0.302981764705261,0.26112139639423787,0.0,0.4,0.48000000000000026
1,-0.35275315550158004,-0.09204607137911609,0.0,0.20198784313684062,-0.17408093092949195,0.0,0.6,0.48000000000000026
