id,x,y,z,vx,vy,vz,m,t
2,-0.09793537419603031,0.0894326173890472,0.0,0.9497201551083794,-0.8420947009862779,0.0,1.0,0.9500000000000006
3,-0.9144878025002342,-0.28609817509943986,0.0,-0.6012880766930069,0.38744875929484046,0.0,1.0,0.9500000000000006
1,1.0124231766962637,0.1966655577103928,0.0,-0.34843207841537344,0.4546459416914374,0.0,1.0,0.9500000000000006
