id,x,y,z,vx,vy,vz,m
1,1.2883686070925647E-10,6.2609904829499605E-9,0.0,-4.909916368908434E-10,1.28834745716709E-10,0.0,0.999999999
2,0.8711631394195827,-0.4909904766889776,0.0,0.49099163639985205,0.8711652544121219,0.0,1.0E-9
