id,x,y,z,vx,vy,vz,m,t
2,-0.26594162716240716,0.2223958031742096,0.0,1.0344210066492763,-0.6985071549941424,0.0,1.0,0.7800000000000005
3,-0.7917451567285934,-0.34050441884734395,0.0,-0.8443128501612924,0.23220693526237526,0.0,1.0,0.7800000000000005
1,1.0576867838909996,0.11810861567313444,0.0,-0.1901081564879846,0.4663002197317671,0.0,1.0,0.7800000000000005
