id,x,y,z,vx,vy,vz,m
1,3.5373608931981564E-11,6.286385163168375E-9,0.0,2.6361545768182086E-10,3.5371368705209566E-11,0.0,0.999999999
2,0.9646263911033944,0.26361484311799993,0.0,-0.26361545741820513,0.9646286313301586,0.0,1.0E-9
