id,x,y,z,vx,vy,vz,m
1,4.690446871199652E-10,1.6340710289516372E-10,0.0,8.474950597679955E-10,4.685526920628508E-10,0.0,0.999999999
2,0.5309553133490797,0.8475928972682435,0.0,-0.8474950589205015,0.5314473084057006,0.0,1.0E-9
