id,x,y,z,vx,vy,vz,m,t
2,-0.9451834838538526,0.2642795069042551,0.0,0.5288418141760672,0.4143849032617792,0.0,1.0,0.05
3,-0.04668948627935706,-0.04314901795703871,0.0,-0.9364651114279952,-0.859575440983124,0.0,1.0,0.05
1,0.9918729701332095,-0.22113048894721637,0.0,0.40762329725192803,0.4451905377213447,0.0,1.0,0.05
