id,x,y,z,vx,vy,vz,m
1,4.879486727944747E-10,6.1089530751647345E-9,0.0,-8.58955070462184E-10,4.879473393584425E-10,0.0,0.999999999
2,0.512051327693476,-0.8589530690557866,0.0,0.8589550696032295,0.512052661129501,0.0,1.0E-9
