id,x,y,z,vx,vy,vz,m
1,3.3609464447910077E-11,2.92154609486365E-12,0.0,2.5707845354725376E-10,3.360949660107947E-11,0.0,0.999999999
2,0.9663905355856997,0.2570784539080579,0.0,-0.25707845329017526,0.96639050343253,0.0,1.0E-9
