id,x,y,z,vx,vy,vz,m,t
2,0.25113372816651536,0.22673302835872697,0.0,-0.8041747139311354,-0.009317147628609987,0.0,0.4,1.0100000000000007
1,-0.16742248544434363,-0.15115535223915136,0.0,0.5361164759540902,0.006211431752406678,0.0,0.6,1.0100000000000007
