id,x,y,z,vx,vy,vz,m
1,1.9137477828709143E-9,3.9662794767856165E-9,0.0,-4.062805367122603E-10,1.9137489871128536E-9,0.0,0.999999999
2,-0.913747780957165,-0.40627947281933696,0.0,0.40628053630598027,-0.9137489851991069,0.0,1.0E-9
