id,x,y,z,vx,vy,vz,m
1,-6.191919590731562E-12,6.312813919110888E-9,0.0,-1.2680282115817858E-11,3.2090876802996043E-12,0.0,0.999999999
2,1.0061919195845657,-0.012813912798082562,0.0,0.012680282103144619,0.9967909123229092,0.0,1.0E-9
