id,x,y,z,vx,vy,vz,m,t
2,0.8144972795977987,0.33352765612689206,0.0,-0.8048298320487532,0.2661499743641294,0.0,1.0,3.4099999999999713
3,0.237633349052479,-0.20274123749764997,0.0,1.01823799181413,-0.7317497099834545,0.0,1.0,3.4099999999999713
1,-1.0521306286502807,-0.1307864186292422,0.0,-0.2134081597653777,0.4655997356193253,0.0,1.0,3.4099999999999713
