id,x,y,z,vx,vy,vz,m,t
2,0.5998799937491737,0.005999549937800068,0.0,-0.012001000152957398,0.2999399888726016,0.0,0.4,0.02
1,-0.3999199958327825,-0.00399969995853338,0.0,0.008000666768638264,-0.1999599925817344,0.0,0.6,0.02
