id,x,y,z,vx,vy,vz,m
1,9.903512393802297E-10,5.604856851237197E-10,0.0,1.00016345009768E-9,9.89365095157192E-10,0.0,0.999999999
2,0.009648761610121792,1.0005143154367662,0.0,-1.0001634490975158,0.010634905832171051,0.0,1.0E-9
