id,x,y,z,vx,vy,vz,m
1,8.706919055097616E-10,4.48942455418231E-10,0.0,9.917684178874787E-10,8.698521783421935E-10,0.0,0.999999999
2,0.1293080953609301,0.9920575450307109,0.0,-0.9917684168957095,0.13014782252765655,0.0,1.0E-9
