id,x,y,z,vx,vy,vz,m,t
1,-0.08697706759593872,0.14045854818311646,0.0,-0.6802937456723114,0.17882214546344138,0.0,0.6,1.5709999999999378
2,0.13046560139390953,-0.21068782227467556,0.0,1.020440618508468,-0.26823321819516316,0.0,0.4,1.5709999999999378
