id,x,y,z,vx,vy,vz,m,t
2,0.5899605616943675,-0.04359097745303964,0.0,0.09888033788559097,0.2977394903449433,0.0,0.4,2.53999999999999
1,-0.39330704112957926,0.029060651635360223,0.0,-0.06592022525706087,-0.19849299356329525,0.0,0.6,2.53999999999999
