id,x,y,z,vx,vy,vz,m,t
2,0.39528713673983656,-0.29623611270157124,0.0,1.0947502059176513,-0.5061086946881304,0.0,1.0,1.450000000000001
3,-1.074862797999512,-0.06142469449992656,0.0,-0.09505466161352186,0.467346146690063,0.0,1.0,1.450000000000001
1,0.6795756612596736,0.35766080720149784,0.0,-0.9996955443041302,0.038762547998066915,0.0,1.0,1.450000000000001
