id,x,y,z,vx,vy,vz,m
1,1.991073618743308E-9,2.8378523556327033E-9,0.0,1.5446998149443748E-10,1.986643345900204E-9,0.0,0.999999999
2,-0.9910736167522315,0.1531476472051461,0.0,-0.15446998133996404,-0.9866433439135619,0.0,1.0E-9
