id,x,y,z,vx,vy,vz,m,t
2,1.0275850695711808,-0.17538810755629647,0.0,0.30115780167254125,0.45994727983019196,0.0,1.0,2.259999999999996
3,-0.8847789497992944,0.30365256181383943,0.0,0.6667728765989781,0.3564910373367225,0.0,1.0,2.259999999999996
1,-0.142806119771889,-0.12826445425754335,0.0,-0.9679306782715202,-0.8164383171669144,0.0,1.0,2.259999999999996
