id,x,y,z,vx,vy,vz,m,t
2,0.19813831587243783,0.17310657454862743,0.0,-0.9961191291268552,-0.7719460135385894,0.0,1.0,4.009999999999959
3,0.8449095341694703,-0.32244886121586464,0.0,0.7479781096424993,0.30803118879250846,0.0,1.0,4.009999999999959
1,-1.0430478500419114,0.14934228666723723,0.0,0.24814101948435568,0.463914824746081,0.0,1.0,4.009999999999959
