id,x,y,z,vx,vy,vz,m,t
1,-0.37890125318211626,0.06336559682554783,0.0,-0.13209334389824204,-0.18904591363621118,0.0,0.6,2.3909999999998477
2,0.5683518797731784,-0.09504839523832322,0.0,0.19814001584736476,0.28356887045431506,0.0,0.4,2.3909999999998477
