id,x,y,z,vx,vy,vz,m
1,-1.6155092044398364E-12,6.313304847897788E-9,0.0,9.58064450342458E-11,7.68751512649454E-12,0.0,0.999999999
2,1.0016155092028507,0.09669515841550472,0.0,-0.09580644493843235,0.9923124848811931,0.0,1.0E-9
