id,x,y,z,vx,vy,vz,m
1,9.525489606056701E-11,1.4013594281567221E-11,0.0,4.2598197801492146E-10,9.504070643884432E-11,0.0,0.999999999
2,0.9047451040346881,0.4259864057324463,0.0,-0.42598197758893974,0.904959293656197,0.0,1.0E-9
