id,x,y,z,vx,vy,vz,m
1,1.1301347186948068E-10,1.8165245570803338E-11,0.0,4.6182854354619495E-10,1.1278071480470045E-10,0.0,0.999999999
2,0.8869865282435331,0.46183475444736183,0.0,-0.46182854308436666,0.8872192853080808,0.0,1.0E-9
