id,x,y,z,vx,vy,vz,m
1,8.482221113694128E-11,6.298355509602603E-9,0.0,-4.144369978415729E-10,9.357860906855491E-11,0.0,0.999999999
2,0.9151777889479045,-0.41835550330425264,0.0,0.414436997427143,0.9064213910250226,0.0,1.0E-9
