id,x,y,z,vx,vy,vz,m
1,6.063068079180734E-11,7.072184755725689E-12,0.0,3.429260102404442E-10,6.045883252554853E-11,0.0,0.999999999
2,0.9393693192688235,0.3429278152513463,0.0,-0.3429260098975182,0.9395411675349105,0.0,1.0E-9
