id,x,y,z,vx,vy,vz,m,t
1,-0.2608640208737281,0.13907825003554505,0.0,-0.37650503918359046,-0.10594108812584298,0.0,0.6,1.9109999999999003
2,0.3912960313105944,-0.2086173750533187,0.0,0.5647575587753882,0.15891163218876317,0.0,0.4,1.9109999999999003
