id,x,y,z,vx,vy,vz,m,t
2,0.4248178076394074,-0.1928498156256546,0.0,0.5065738640639901,0.19366078556914146,0.0,0.4,1.9700000000000015
1,-0.2832118717596055,0.12856654375043666,0.0,-0.3377159093759935,-0.12910719037942725,0.0,0.6,1.9700000000000015
