id,x,y,z,vx,vy,vz,m
1,1.9449569929255156E-9,3.829708338133179E-9,0.0,-3.3489531746300877E-10,1.9400522910023334E-9,0.0,0.999999999
2,-0.9449569909805487,-0.338708334303473,0.0,0.3348953171281171,-0.9400522890622808,0.0,1.0E-9
