id,x,y,z,vx,vy,vz,m,t
2,0.44152198100305756,0.3156176332694455,0.0,-1.1054321419728077,-0.42390562864438713,0.0,1.0,3.7799999999999634
3,0.6366704887681361,-0.35765413537445295,0.0,1.0411461676389133,-0.04337363055427676,0.0,1.0,3.7799999999999634
1,-1.0781924697711964,0.04203650210500749,0.0,0.06428597433389378,0.4672792591986639,0.0,1.0,3.7799999999999634
