id,x,y,z,vx,vy,vz,m
1,1.2851741421283713E-9,9.015245111488809E-10,0.0,9.58475602310641E-10,1.2851745092214248E-9,0.0,0.999999999
2,-0.28517414084319626,0.9584754897526435,0.0,-0.9584756013521648,-0.28517450793624993,0.0,1.0E-9
