id,x,y,z,vx,vy,vz,m
1,1.2726544569516346E-10,2.176026072663991E-11,0.0,4.882318858727075E-10,1.2701884455737495E-10,0.0,0.999999999
2,0.8727345544321022,0.4882397392951203,0.0,-0.48823188538447576,0.8729811555696443,0.0,1.0E-9
