id,x,y,z,vx,vy,vz,m,t
2,0.14707541948563543,-0.13198681741101986,0.0,0.9697702692463397,-0.8135955499940503,0.0,1.0,1.2100000000000009
3,-1.028934714130118,-0.1731589390847759,0.0,-0.2967783222823149,0.46043549414355306,0.0,1.0,1.2100000000000009
1,0.8818592946444811,0.3051457564957959,0.0,-0.6729919469640258,0.35316005585049687,0.0,1.0,1.2100000000000009
