id,x,y,z,vx,vy,vz,m
1,3.417269238583225E-11,6.317575998488178E-9,0.0,2.798013850201091E-10,4.3047866877792684E-11,0.0,0.999999999
2,0.9658273076483683,0.28242400782938953,0.0,-0.2798013847403008,0.9569521331652554,0.0,1.0E-9
