id,x,y,z,vx,vy,vz,m
1,1.5569467616537935E-9,1.3288520583363713E-9,0.0,8.317010382461267E-10,1.5547776419556782E-9,0.0,0.999999999
2,-0.5569467600968452,0.8321479429924795,0.0,-0.8317010374144247,-0.5547776404009026,0.0,1.0E-9
