id,x,y,z,vx,vy,vz,m
1,1.1809468625955597E-10,6.33537929854878E-9,0.0,4.801058293008747E-10,1.2608280480110137E-10,0.0,0.999999999
2,0.8819053138585677,0.4846207077865917,0.0,-0.48010582882076236,0.8739171953249814,0.0,1.0E-9
