id,x,y,z,vx,vy,vz,m
1,0,0,0,0,0,0,0.999999999
2,1,0,0,0,0.5,0,0.000000001