x,y,z,vx,vy,vz,m,id
0,0,0,0,0,0,0.99999999,1
1,0,0,0,1,0,0.00000001,2