id,x,y,z,vx,vy,vz,m
1,1.224154379442569E-10,2.0578132940640236E-11,0.0,4.794218678763648E-10,1.224154984063761E-10,0.0,0.999999999
2,0.8775845621781588,0.47942186707993806,0.0,-0.4794218673969428,0.8775845017160396,0.0,1.0E-9
