id,x,y,z,vx,vy,vz,m
1,5.19867931734398E-10,1.9280384030820353E-10,0.0,8.771961868291215E-10,5.198680631634627E-10,0.0,0.999999999
2,0.4801320687854705,0.8771961598846004,0.0,-0.877196185951925,0.4801319373564055,0.0,1.0E-9
