id,x,y,z,vx,vy,vz,m
1,7.408962889629882E-10,5.962002184439704E-9,0.0,-9.63120417731818E-10,7.440194444012774E-10,0.0,0.999999999
2,0.25910371177792574,-0.9720021784777017,0.0,0.963120416768702,0.2559805563427414,0.0,1.0E-9
