id,x,y,z,vx,vy,vz,m,t
2,0.668310931186816,0.35786246382257675,0.0,-1.0116710441368613,0.017572923172966423,0.0,1.0,3.569999999999968
3,0.40757125880978706,-0.30177657860463997,0.0,1.0983869190423117,-0.48489934612657504,0.0,1.0,3.569999999999968
1,-1.0758821899966056,-0.05608588521793687,0.0,-0.08671587490545131,0.46732642295360877,0.0,1.0,3.569999999999968
