id,x,y,z,vx,vy,vz,m,t
1,-0.3999587996981959,0.002518515856375703,0.0,-0.005175042867405549,-0.19998778964181996,0.0,0.6,2.7009999999998136
2,0.5999381995472974,-0.0037777737845655396,0.0,0.007762564301109967,0.29998168446272927,0.0,0.4,2.7009999999998136
