id,x,y,z,vx,vy,vz,m
1,4.793849388731395E-10,6.113789729795337E-9,0.0,-8.537917138048544E-10,4.793835867620717E-10,0.0,0.999999999
2,0.5206150616062475,-0.8537897236815526,0.0,0.8537917129510633,0.5206164137173082,0.0,1.0E-9
