id,x,y,z,vx,vy,vz,m,t
2,0.5836467229076944,0.0699700702215202,0.0,-0.13242962197737165,0.29246922721684177,0.0,0.4,2.9199999999999817
1,-0.38909781527179704,-0.046646713481012896,0.0,0.08828641465158088,-0.1949794848112276,0.0,0.6,2.9199999999999817
