id,x,y,z,vx,vy,vz,m
1,3.444661437379335E-11,6.280198999111824E-9,0.0,-2.601996116088188E-10,3.4444306441905484E-11,0.0,0.999999999
2,0.9655533856606558,-0.26019899283163217,0.0,0.26019961134861946,0.9655556935925351,0.0,1.0E-9
