id,x,y,z,vx,vy,vz,m
1,1.4190704964466686E-9,5.187952273072078E-9,0.0,-9.079542872212466E-10,1.4190710334007568E-9,0.0,0.999999999
2,-0.41907049502759647,-0.9079522678841291,0.0,0.9079542863132927,-0.41907103198168927,0.0,1.0E-9
