id,x,y,z,vx,vy,vz,m,t
2,0.9293813748546476,-0.27617422103416217,0.0,0.5667174398471172,0.40106930842489785,0.0,1.0,2.0300000000000007
3,-1.0031363580449413,0.20831949409158615,0.0,0.3757350402164584,0.4507063130244406,0.0,1.0,2.0300000000000007
1,0.07375498319029135,0.06785472694257567,0.0,-0.9424524800635767,-0.8517756214493387,0.0,1.0,2.0300000000000007
