id,x,y,z,vx,vy,vz,m,t
2,0.5576324670771327,-0.10176386981740693,0.0,0.22591518764559135,0.2815019571976252,0.0,0.4,2.339999999999994
1,-0.37175497805142244,0.06784257987827169,0.0,-0.15061012509706112,-0.18766797146508316,0.0,0.6,2.339999999999994
