id,x,y,z,vx,vy,vz,m
1,5.652912675629677E-10,2.2018413151055417E-10,0.0,9.006780270496621E-10,5.647303834155719E-10,0.0,0.999999999
2,0.4347087330023231,0.9008158687096294,0.0,-0.9006780261489854,0.4352696171491572,0.0,1.0E-9
