id,x,y,z,vx,vy,vz,m,t
2,0.5511697384572855,0.11664257669594047,0.0,-0.24845251026601878,0.2739982528404172,0.0,0.4,0.4000000000000002
1,-0.3674464923048568,-0.07776171779729366,0.0,0.16563500684401244,-0.1826655018936115,0.0,0.6,0.4000000000000002
