id,x,y,z,vx,vy,vz,m
1,-5.1753224073432866E-12,6.3130181707218165E-9,0.0,4.6557194993879854E-11,4.186020104474512E-12,0.0,0.999999999
2,1.005175322402194,0.046981835591192185,0.0,-0.04655719494731561,0.9958139798997112,0.0,1.0E-9
