id,x,y,z,vx,vy,vz,m,t
2,0.45362516381232093,-0.1805403349487662,0.0,0.4542706592601815,0.215925973950775,0.0,0.4,2.0300000000000007
1,-0.30241677587488125,0.12036022329917777,0.0,-0.3028471061734545,-0.14395064930051635,0.0,0.6,2.0300000000000007
