id,x,y,z,vx,vy,vz,m,t
2,-0.8277884639574293,0.32900545771479833,0.0,0.7805289389570649,0.2849248356934892,0.0,1.0,0.23000000000000007
3,-0.22061749308647075,-0.19024948835001576,0.0,-1.0086239764001723,-0.7498936910221518,0.0,1.0,0.23000000000000007
1,1.0484059570438995,-0.13875596936478254,0.0,0.228095037443108,0.4649688553286625,0.0,1.0,0.23000000000000007
