id,x,y,z,vx,vy,vz,m
1,1.95581311662155E-9,3.733971812215951E-9,0.0,-2.939727004189154E-10,1.955814339216094E-9,0.0,0.999999999
2,-0.9558131146657354,-0.29397180848197974,0.0,0.29397270012494314,-0.9558143372602812,0.0,1.0E-9
