id,x,y,z,vx,vy,vz,m
1,7.133418864798668E-11,9.082480119083612E-12,0.0,3.7091751976283746E-10,7.133423514641683E-11,0.0,0.999999999
2,0.9286658114233478,0.37091751988999894,0.0,-0.37091751939191997,0.9286657649249176,0.0,1.0E-9
