id,x,y,z,vx,vy,vz,m,t
2,-0.46009234241469416,0.3225227875209296,0.0,1.107248056107936,-0.3895104995371818,0.0,1.0,0.6000000000000003
3,-0.6190888114329357,-0.35655194898323045,0.0,-1.0552047325420986,-0.07775462391212018,0.0,1.0,0.6000000000000003
1,1.0791811538476288,0.034029161462300825,0.0,-0.05204332356583818,0.46726512344930177,0.0,1.0,0.6000000000000003
