id,x,y,z,vx,vy,vz,m,t
1,-0.387417469777265,-0.04946958700701481,0.0,0.10132979147189468,-0.19355672220929762,0.0,0.6,0.25000000000000017
2,0.5811262046658975,0.07420438051052218,0.0,-0.15199468720784198,0.29033508331394614,0.0,0.4,0.25000000000000017
