id,x,y,z,vx,vy,vz,m,t
1,-0.38710959369346154,0.04997204579033468,0.0,-0.10255999265158003,-0.1934200980299012,0.0,0.6,2.46099999999984
2,0.5806643905401963,-0.07495806868550363,0.0,0.15383998897737167,0.2901301470448499,0.0,0.4,2.46099999999984
