id,x,y,z,vx,vy,vz,m
1,1.371384478126178E-9,1.0214204746597913E-9,0.0,9.290955580800426E-10,1.3697165041590027E-9,0.0,0.999999999
2,-0.37138447675479214,0.9295795263616285,0.0,-0.9290955571509463,-0.3697165027892892,0.0,1.0E-9
