id,x,y,z,vx,vy,vz,m,t
2,1.0799456886437249,-0.026319185460452095,0.0,0.040008581749672506,0.4672391408804304,0.0,1.0,2.579999999999989
3,-0.6011962789146426,0.35502547713602917,0.0,1.0676728230337007,-0.11312236151392938,0.0,1.0,2.579999999999989
1,-0.4787494097290848,-0.3287062916755773,0.0,-1.1076814047833736,-0.3541167793665008,0.0,1.0,2.579999999999989
