id,x,y,z,vx,vy,vz,m,t
1,0.03254504586706998,-0.06822312572828668,0.0,0.7220316631120317,0.9444692063818456,0.0,0.6,1.3009999999999675
2,-0.04881756880060363,0.10233468859242943,0.0,-1.0830474946680473,-1.416703809572769,0.0,0.4,1.3009999999999675
