id,x,y,z,vx,vy,vz,m,t
2,0.5867084803790321,0.06253043982896259,0.0,-0.12717491112987248,0.2932420861323425,0.0,0.4,0.21000000000000005
1,-0.3911389869193547,-0.041686959885975046,0.0,0.08478327408658168,-0.19549472408822832,0.0,0.6,0.21000000000000005
