id,x,y,z,vx,vy,vz,m,t
2,0.8286940831461708,-0.32879191016089715,0.0,0.778769064099432,0.28609669350699424,0.0,1.0,1.8800000000000014
3,-1.04812105712387,0.13940523173438718,0.0,0.22917439087702476,0.46493263838046317,0.0,1.0,1.8800000000000014
1,0.21942697397769678,0.18938667842650977,0.0,-1.0079434549764579,-0.7510293318874579,0.0,1.0,1.8800000000000014
