id,x,y,z,vx,vy,vz,m
1,7.893770655757311E-11,1.0584737581076442E-11,0.0,3.8941526239766015E-10,7.893775540809999E-11,0.0,0.999999999
2,0.9210622935213648,0.38941526242950836,0.0,-0.3894152620082449,0.921062244670838,0.0,1.0E-9
