id,x,y,z,vx,vy,vz,m,t
2,1.0790016495229742,-0.03566420072545358,0.0,0.054407839635635884,0.46726263288925957,0.0,1.0,2.5599999999999894
3,-0.6224024176626145,0.35686834114876265,0.0,1.0526571812835197,-0.07128249853245845,0.0,1.0,2.5599999999999894
1,-0.45659923186036205,-0.32120414042330925,0.0,-1.107065020919156,-0.3959801343568009,0.0,1.0,2.5599999999999894
