id,x,y,z,vx,vy,vz,m,t
2,0.5681083320580385,-0.08754710221736516,0.0,0.1932411518471755,0.2869998471755667,0.0,0.4,2.389999999999993
1,-0.37873888803869304,0.0583647348115772,0.0,-0.12882743456478388,-0.19133323145037748,0.0,0.6,2.389999999999993
