id,x,y,z,vx,vy,vz,m
1,1.9528256735161067E-9,3.7535150183896305E-9,0.0,-3.0351592066972976E-10,1.9528268955198575E-9,0.0,0.999999999
2,-0.9528256715632796,-0.3035150146361163,0.0,0.3035159203662143,-0.9528268935670321,0.0,1.0E-9
