id,x,y,z,vx,vy,vz,m,t
1,-0.03629293420633817,0.12191018812243809,0.0,-0.7668831957060502,0.371740855407359,0.0,0.6,1.5009999999999455
2,0.05443940130950857,-0.18286528218365786,0.0,1.1503247935590755,-0.5576112831110394,0.0,0.4,1.5009999999999455
