id,x,y,z,vx,vy,vz,m,t
2,-0.6851316239611754,0.35739391754934297,0.0,0.99366065879027,0.049175047302824466,0.0,1.0,0.3900000000000002
3,-0.3891841149082475,-0.29330072466509044,0.0,-1.092936188563576,-0.5164856262322712,0.0,1.0,0.3900000000000002
1,1.0743157388694222,-0.06409319288425246,0.0,0.09927552977330606,0.46731057892944644,0.0,1.0,0.3900000000000002
