id,x,y,z,vx,vy,vz,m
1,9.761581602485113E-10,5.756458836311737E-9,0.0,-9.963835567717386E-10,9.773382509933239E-10,0.0,0.999999999
2,0.023841840727663308,-1.005458830555282,0.0,0.996383555775359,0.022661749984013237,0.0,1.0E-9
