id,x,y,z,vx,vy,vz,m,t
2,0.40381898123971627,-0.20025174770475615,0.0,0.5436726262809777,0.17604790715713892,0.0,0.4,1.9300000000000015
1,-0.2692126541598114,0.13350116513650434,0.0,-0.36244841752065193,-0.11736527143809221,0.0,0.6,1.9300000000000015
