id,x,y,z,vx,vy,vz,m,t
2,0.4172438926021517,-0.305977238648978,0.0,1.1007194536791178,-0.4678073323495638,0.0,1.0,1.470000000000001
3,-1.0766157178104216,-0.05207780261205382,0.0,-0.08026038034375653,0.4673406370199576,0.0,1.0,1.470000000000001
1,0.6593718252082682,0.3580550412610318,0.0,-1.020459073335362,4.6669532960572427E-4,0.0,1.0,1.470000000000001
