id,x,y,z,vx,vy,vz,m
1,8.508837847509892E-10,4.3174336606235374E-10,0.0,9.88977863174895E-10,8.500659213029848E-10,0.0,0.999999999
2,0.14911621609989414,0.9892566343693889,0.0,-0.9889778621859162,0.14993407954707877,0.0,1.0E-9
