id,x,y,z,vx,vy,vz,m,t
2,0.5793937159134785,0.07870899502874303,0.0,-0.1511280081331269,0.2900784941097174,0.0,0.4,2.949999999999981
1,-0.38626247727565316,-0.052472663352494765,0.0,0.10075200542208437,-0.19338566273981136,0.0,0.6,2.949999999999981
