id,x,y,z,vx,vy,vz,m,t
2,0.5829143140346431,-0.061361309185070774,0.0,0.1360890444041635,0.29440725302007303,0.0,0.4,2.479999999999991
1,-0.3886095426897629,0.0409075394567143,0.0,-0.09072602960277588,-0.19627150201338173,0.0,0.6,2.479999999999991
