id,x,y,z,vx,vy,vz,m,t
2,0.9715492789335937,0.24157689389146517,0.0,-0.4622951660818452,0.4333851477897394,0.0,1.0,3.1599999999999766
3,-0.002969181681555808,0.0027520539747779137,0.0,0.9323129464033632,-0.8648388393535832,0.0,1.0,3.1599999999999766
1,-0.9685800972520404,-0.2443289478662433,0.0,-0.47001778032151886,0.4314536915638442,0.0,1.0,3.1599999999999766
