id,x,y,z,vx,vy,vz,m
1,1.2136971003126372E-9,5.493510266598025E-9,0.0,-9.73753142720647E-10,1.2130221546725876E-9,0.0,0.999999999
2,-0.21369709909892545,-0.9825102611045179,0.0,0.973753141746897,-0.213022153459567,0.0,1.0E-9
