id,x,y,z,vx,vy,vz,m,t
2,0.5979732272134759,0.004411609619208482,0.0,0.001583144547128137,0.30096979731519213,0.0,0.4,2.6999999999999864
1,-0.3986488181423181,-0.002941073079471804,0.0,-0.0010554296980856527,-0.20064653154346113,0.0,0.6,2.6999999999999864
