id,x,y,z,vx,vy,vz,m
1,2.1968720246752798E-11,1.5418144158728855E-12,0.0,2.0845818524480868E-10,2.1968746309440557E-11,0.0,0.999999999
2,0.9780312797752162,0.20845818558566892,0.0,-0.20845818503635047,0.9780312537125281,0.0,1.0E-9
