id,x,y,z,vx,vy,vz,m
1,8.284905329670189E-10,5.891144497054358E-9,0.0,-9.821279496604326E-10,8.308803044598216E-10,0.0,0.999999999
2,0.17150946786148938,-0.9911444911632157,0.0,0.9821279486783089,0.16911969637105811,0.0,1.0E-9
