id,x,y,z,vx,vy,vz,m
1,1.6905658144763742E-10,3.3643083101475347E-11,0.0,5.563569191249209E-10,1.6905665221065464E-10,0.0,0.999999999
2,0.8309434187214195,0.5563569169321678,0.0,-0.5563569185685638,0.8309433479584022,0.0,1.0E-9
