id,x,y,z,vx,vy,vz,m,t
2,0.07790658140525392,-0.19135953790943425,0.0,1.1221608294460281,-0.4467704423457541,0.0,0.4,1.5200000000000011
1,-0.051937720936836226,0.1275730252729562,0.0,-0.748107219630686,0.2978469615638365,0.0,0.6,1.5200000000000011
