id,x,y,z,vx,vy,vz,m,t
2,-0.9170939605755151,0.2844154006627979,0.0,0.5953191433137774,0.3898925075423707,0.0,1.0,0.09999999999999999
3,-0.0937803245409799,-0.08577934906982787,0.0,-0.9483775353196765,-0.8439269045837771,0.0,1.0,0.09999999999999999
1,1.0108742851164945,-0.19863605159297001,0.0,0.3530583920058993,0.45403439704140636,0.0,1.0,0.09999999999999999
