id,x,y,z,vx,vy,vz,m
1,1.97624873115543E-9,3.5766486416921144E-9,0.0,-2.1664941930125913E-10,1.9762499526336182E-9,0.0,0.999999999
2,-0.9762487291791793,-0.21664863811546597,0.0,0.21664941908461016,-0.9762499506573697,0.0,1.0E-9
