id,x,y,z,vx,vy,vz,m
1,1.2568299647868233E-10,6.304647936939167E-9,0.0,4.853532076823279E-10,1.2568099733739343E-10,0.0,0.999999999
2,0.8743170036470032,0.4853520693654709,0.0,-0.4853532071969745,0.8743190027882846,0.0,1.0E-9
