id,x,y,z,vx,vy,vz,m
1,4.373641192022321E-10,6.136702968782802E-9,0.0,-8.2670489311612E-10,4.3736267532881903E-10,0.0,0.999999999
2,0.5626358812351341,-0.8267029626461044,0.0,0.8267048922894157,0.5626373251085398,0.0,1.0E-9
