id,x,y,z,vx,vy,vz,m,t
2,0.27965340260569277,0.2314476005926897,0.0,-1.042191471821193,-0.6810902978326494,0.0,1.0,3.92999999999996
3,0.7804468092293346,-0.34355417583694364,0.0,0.8629153346752819,0.2145537695192594,0.0,1.0,3.92999999999996
1,-1.0601002118350304,0.11210657524425398,0.0,0.17927613714591084,0.46653652831339,0.0,1.0,3.92999999999996
