id,x,y,z,vx,vy,vz,m
1,4.934182319198401E-11,6.320093772601565E-9,0.0,3.268399853191711E-10,5.8051337208171755E-11,0.0,0.999999999
2,0.9506581768573859,0.3299062337185207,0.0,-0.32683998499232436,0.9419486628498799,0.0,1.0E-9
