id,x,y,z,vx,vy,vz,m
1,4.1282006316163085E-10,6.149454537486955E-9,0.0,-8.094564234706573E-10,4.12818565612771E-10,0.0,0.999999999
2,0.5871799372511913,-0.8094545313375057,0.0,0.8094564226612013,0.5871814348000437,0.0,1.0E-9
