id,x,y,z,vx,vy,vz,m
1,6.741541228638767E-10,6.011759194603673E-9,0.0,-9.430341983932106E-10,6.77842603962817E-10,0.0,0.999999999
2,0.32584587781029545,-0.9517591885919147,0.0,0.9430341974501811,0.32215739671502497,0.0,1.0E-9
