id,x,y,z,vx,vy,vz,m,t
2,1.0685575742370867,-0.08706371111448148,0.0,0.1364784692325167,0.4671456463523225,0.0,1.0,2.4499999999999917
3,-0.7322069960279731,0.35296337468500927,0.0,0.9351333605647175,0.13424519404934793,0.0,1.0,2.4499999999999917
1,-0.3363505782091161,-0.2658996635705282,0.0,-1.0716118297972348,-0.6013908404016702,0.0,1.0,2.4499999999999917
