id,x,y,z,vx,vy,vz,m,t
2,-0.08129138585977257,0.03494844993402524,0.0,-0.47138927565222655,-2.005758548641118,0.0,0.4,1.340000000000001
1,0.054194257239848206,-0.023298966622683548,0.0,0.31425951710148403,1.3371723657607455,0.0,0.6,1.340000000000001
