id,x,y,z,vx,vy,vz,m
1,1.772277062596083E-9,4.465284119493464E-9,0.0,-6.352855726716159E-10,1.7722781297362635E-9,0.0,0.999999999
2,-0.7722770608238041,-0.6352841150281806,0.0,0.6352855720363308,-0.7722781279639884,0.0,1.0E-9
