id,x,y,z,vx,vy,vz,m,t
2,0.080459700985311,0.19431171695434482,0.0,-1.108786734616064,-0.44101201012471347,0.0,0.4,1.1900000000000008
1,-0.053639800656874126,-0.12954114463622993,0.0,0.7391911564107092,0.294008006749809,0.0,0.6,1.1900000000000008
