id,x,y,z,vx,vy,vz,m,t
2,0.2661595040594185,-0.22326748197185498,0.0,0.7818179818594759,0.020304250467090914,0.0,0.4,1.7200000000000013
1,-0.17743966937294608,0.14884498798123683,0.0,-0.5212119879063175,-0.013536166978060208,0.0,0.6,1.7200000000000013
