id,x,y,z,vx,vy,vz,m
1,1.661201397689081E-9,4.74020686992771E-9,0.0,-7.502085447908103E-10,1.6612023183029509E-9,0.0,0.999999999
2,-0.6612013960278779,-0.750206865187504,0.0,0.7502085440406023,-0.6612023166417518,0.0,1.0E-9
