id,x,y,z,vx,vy,vz,m,t
2,0.7546817172905008,0.3490257523565094,0.0,-0.9030668002721198,0.17267752354693974,0.0,1.0,3.47999999999997
3,0.3103363105431397,-0.25088856536402054,0.0,1.0586135445868967,-0.6396679100173345,0.0,1.0,3.47999999999997
1,-1.0650180278336434,-0.09813718699248897,0.0,-0.15554674431477752,0.466990386470395,0.0,1.0,3.47999999999997
