id,x,y,z,vx,vy,vz,m,t
2,0.23843270805630692,0.20318534154564605,0.0,-1.0188230225722914,-0.7307022399049775,0.0,1.0,3.9699999999999593
3,0.8138296077954716,-0.33393562841731433,0.0,0.8059587839044582,0.26514061386305054,0.0,1.0,3.9699999999999593
1,-1.0522623158517819,0.13075028687166837,0.0,0.21286423866783297,0.465561626041927,0.0,1.0,3.9699999999999593
