id,x,y,z,vx,vy,vz,m
1,4.022140232823861E-10,1.281841358835581E-10,0.0,8.0174251030931E-10,4.017671660144313E-10,0.0,0.999999999
2,0.5977859771198283,0.8018158642446267,0.0,-0.8017425095075684,0.5982328343873347,0.0,1.0E-9
