id,x,y,z,vx,vy,vz,m,t
2,-0.8578484445107954,0.316792650809299,0.0,0.7224884390963672,0.3245897702285112,0.0,1.0,0.19000000000000003
3,-0.18071784344145322,-0.15947536411489555,0.0,-0.9866743632427056,-0.7875449591849968,0.0,1.0,0.19000000000000003
1,1.038566287952248,-0.15731728669440345,0.0,0.26418592414633885,0.4629551889564855,0.0,1.0,0.19000000000000003
