id,x,y,z,vx,vy,vz,m,t
2,0.30415757290925144,0.22462829735571221,0.0,-0.7129071062803145,0.06528322105782318,0.0,0.4,0.9400000000000006
1,-0.2027717152728343,-0.14975219823714156,0.0,0.4752714041868763,-0.043522147371882106,0.0,0.6,0.9400000000000006
