id,x,y,z,vx,vy,vz,m,t
1,-0.39439377225475547,-0.03332441258120892,0.0,0.06721871266793235,-0.19716306504495734,0.0,0.6,2.8809999999997937
2,0.5915906583821372,0.049986618871811335,0.0,-0.10082806900189685,0.29574459756743565,0.0,0.4,2.8809999999997937
