id,x,y,z,vx,vy,vz,m,t
2,0.03323150179738506,-0.03081480611155924,0.0,0.9344046702230976,-0.8621574836073784,0.0,1.0,1.0900000000000007
3,-0.9859045230491079,-0.2274820643403798,0.0,-0.42402739121510113,0.4420095587699755,0.0,1.0,1.0900000000000007
1,0.9526730212517216,0.2582968704519392,0.0,-0.5103772790079975,0.4201479248374028,0.0,1.0,1.0900000000000007
