id,x,y,z,vx,vy,vz,m
1,1.1229198969921777E-11,5.562756322435476E-13,0.0,1.4944366229935916E-10,1.115447152478749E-11,0.0,0.999999999
2,0.9887708010413078,0.14944372436831274,0.0,-0.14944366214991547,0.9888455284863672,0.0,1.0E-9
