id,x,y,z,vx,vy,vz,m
1,1.4415635474771348E-11,8.104740504266256E-13,0.0,1.691894235616016E-10,1.4331030261720253E-11,0.0,0.999999999
2,0.9855843645396446,0.16918952595038383,0.0,-0.16918942339241214,0.9856689697526111,0.0,1.0E-9
