id,x,y,z,vx,vy,vz,m
1,4.860996770300533E-10,1.7294824153690243E-10,0.0,8.57947219269071E-10,4.855958777682353E-10,0.0,0.999999999
2,0.5139003234560464,0.858051758636046,0.0,-0.8579472184111246,0.5144041227173592,0.0,1.0E-9
