id,x,y,z,vx,vy,vz,m
1,9.784229074464216E-12,4.5201266437683286E-13,0.0,1.395479402449725E-10,9.714451129838476E-12,0.0,0.999999999
2,0.9902157709353202,0.13954798733607518,0.0,-0.1395479401054245,0.9902855488798762,0.0,1.0E-9
