id,x,y,z,vx,vy,vz,m,t
1,0.05678176843567473,-0.008435714172560414,0.0,0.1174945303212951,1.39132803030376,0.0,0.6,1.350999999999962
2,-0.08517265265351076,0.01265357125883998,0.0,-0.17624179548194308,-2.0869920454556405,0.0,0.4,1.350999999999962
