id,x,y,z,vx,vy,vz,m
1,4.9754298141453645E-11,6.28850367315344E-9,0.0,3.114970605778715E-10,4.975209781990687E-11,0.0,0.999999999
2,0.9502457019083029,0.3114963331350527,0.0,-0.31149706026637425,0.950247902229842,0.0,1.0E-9
