id,x,y,z,vx,vy,vz,m,t
1,-0.35475035878305444,-0.09030022150312701,0.0,0.19734373984694453,-0.1752776535393989,0.0,0.6,0.47000000000000036
2,0.5321255381745822,0.1354503322546904,0.0,-0.29601560977041685,0.26291648030909837,0.0,0.4,0.47000000000000036
