id,x,y,z,vx,vy,vz,m,t
2,1.0744238914406872,-0.06370154811568937,0.0,0.09841861615797345,0.46729764497712295,0.0,1.0,2.4999999999999907
3,-0.6839180888275547,0.3575380282941113,0.0,0.9949908558836486,0.046915276257354054,0.0,1.0,2.4999999999999907
1,-0.39050580261313483,-0.2938364801784222,0.0,-1.0934094720416223,-0.5142129212344768,0.0,1.0,2.4999999999999907
