id,x,y,z,vx,vy,vz,m
1,1.9606069921928318E-9,2.5820918805817874E-9,0.0,2.7790790645138584E-10,1.9606080179767743E-9,0.0,0.999999999
2,-0.9606069902322234,0.2779081220003037,0.0,-0.2779079061734775,-0.9606080160161673,0.0,1.0E-9
