id,x,y,z,vx,vy,vz,m
1,1.8546181597523374E-9,4.22834500506146E-9,0.0,-5.223145060787947E-10,1.8499758593371351E-9,0.0,0.999999999
2,-0.8546181578977089,-0.5273450008331165,0.0,0.5223145055564831,-0.8499758574871604,0.0,1.0E-9
