id,x,y,z,vx,vy,vz,m,t
2,0.5229295970658657,0.14325418966682,0.0,-0.317056190002953,0.2573574686908016,0.0,0.4,0.5000000000000002
1,-0.3486197313772436,-0.09550279311121335,0.0,0.21137079333530195,-0.1715716457938678,0.0,0.6,0.5000000000000002
