id,x,y,z,vx,vy,vz,m
1,1.8516794037850513E-9,2.0659378213051063E-9,0.0,5.24062153293282E-10,1.8516802439809084E-9,0.0,0.999999999
2,-0.8516794019333704,0.5240621807608306,0.0,-0.5240621527692193,-0.8516802421292281,0.0,1.0E-9
