id,x,y,z,vx,vy,vz,m,t
2,0.5708747587624022,0.09146697253444042,0.0,-0.18984733896931516,0.2848874615447816,0.0,0.4,0.3100000000000001
1,-0.3805831725082682,-0.06097798168962694,0.0,0.1265648926462101,-0.18992497436318778,0.0,0.6,0.3100000000000001
