id,x,y,z,vx,vy,vz,m
1,4.2592622018832034E-10,6.166294712625395E-9,0.0,-8.186386690799807E-10,4.3175220466649916E-10,0.0,0.999999999
2,0.5740737802376252,-0.8262947064591076,0.0,0.8186386682613475,0.5682477957652518,0.0,1.0E-9
