id,x,y,z,vx,vy,vz,m,t
2,0.10225834376966167,0.20228994577577608,0.0,-1.0710093176507973,-0.35870734284874045,0.0,0.4,1.1700000000000008
1,-0.06817222917977457,-0.1348599638505174,0.0,0.7140062117671981,0.239138228565827,0.0,0.6,1.1700000000000008
