id,x,y,z,vx,vy,vz,m,t
2,0.3974792733001134,0.29707547394310163,0.0,-1.0955935603683535,-0.5022928013993097,0.0,1.0,3.8199999999999625
3,0.6775560923768853,-0.3578037609638992,0.0,1.0019203764429858,0.03499138296870215,0.0,1.0,3.8199999999999625
1,-1.0750353656770015,0.060728287020797606,0.0,0.09367318392536736,0.4673014184306075,0.0,1.0,3.8199999999999625
