id,x,y,z,vx,vy,vz,m
1,2.943611436413266E-11,6.280837296101906E-9,0.0,-2.408378630530616E-10,2.943379705301974E-11,0.0,0.999999999
2,0.970563885665306,-0.24083728982107616,0.0,0.24083786281222402,0.9705662029764104,0.0,1.0E-9
