id,x,y,z,vx,vy,vz,m
1,1.8205753567548149E-9,4.321536464142631E-9,0.0,-5.715378017295699E-10,1.820576478852683E-9,0.0,0.999999999
2,-0.8205753549342377,-0.5715364598210945,0.0,0.5715378011580325,-0.8205764770321095,0.0,1.0E-9
