id,x,y,z,vx,vy,vz,m
1,7.991066500630541E-10,5.915633410699348E-9,0.0,-9.766534322111157E-10,8.017412605187064E-10,0.0,0.999999999
2,0.2008933507360702,-0.985633404783716,0.0,0.9766534312344667,0.19825874028303447,0.0,1.0E-9
