id,x,y,z,vx,vy,vz,m
1,3.5773140756634203E-11,6.307841246484243E-9,0.0,-2.851394611315692E-10,4.4921097708287143E-11,0.0,0.999999999
2,0.9642268592791634,-0.28784124017640217,0.0,0.28513946084643677,0.9550789023366331,0.0,1.0E-9
