id,x,y,z,vx,vy,vz,m
1,3.653388113662703E-10,6.17278851587825E-9,0.0,-7.727903196122105E-10,3.6533720988766043E-10,0.0,0.999999999
2,0.6346611889990705,-0.7727885097054673,0.0,0.7727903188394206,0.6346627904776729,0.0,1.0E-9
