id,x,y,z,vx,vy,vz,m,t
2,0.5894956523933257,0.055260878561841885,0.0,-0.10158510895724142,0.29576328040065686,0.0,0.4,2.869999999999983
1,-0.39299710159555135,-0.03684058570789404,0.0,0.06772340597149405,-0.19717552026710428,0.0,0.6,2.869999999999983
