id,x,y,z,vx,vy,vz,m
1,2.3307932452262877E-10,6.3382605599602536E-9,0.0,6.417409572478911E-10,2.3307760020741047E-10,0.0,0.999999999
2,0.7669206757104531,0.6417394463779964,0.0,-0.6417409566061504,0.7669224000256641,0.0,1.0E-9
