id,x,y,z,vx,vy,vz,m,t
1,-0.3863833399325974,-0.05140245691875541,0.0,0.1054984408222715,-0.19301328917895777,0.0,0.6,0.2600000000000002
2,0.5795750098988962,0.0771036853781331,0.0,-0.15824766123340722,0.2895199337684364,0.0,0.4,0.2600000000000002
