id,x,y,z,vx,vy,vz,m
1,1.4711450189765943E-9,1.1776090775603409E-9,0.0,8.829124903233861E-10,1.4692253230073021E-9,0.0,0.999999999
2,-0.4711450175054476,0.8833909236172666,0.0,-0.882912489440473,-0.4692253215380787,0.0,1.0E-9
