id,x,y,z,vx,vy,vz,m
1,1.6991443015735404E-9,4.6724920129599905E-9,0.0,-7.150389974174962E-10,1.6952404619811081E-9,0.0,0.999999999
2,-0.6991442998743843,-0.7214920082875013,0.0,0.7150389967024599,-0.6952404602858695,0.0,1.0E-9
