id,x,y,z,vx,vy,vz,m,t
1,-0.08836084278280489,-0.1408481496056919,0.0,0.6776832333663836,0.17485899370387006,0.0,0.6,1.1409999999999851
2,0.13254126417420845,0.21127222440853732,0.0,-1.0165248500495747,-0.2622884905558055,0.0,0.4,1.1409999999999851
