id,x,y,z,vx,vy,vz,m
1,6.089773373187818E-10,6.056936482142006E-9,0.0,-9.184133276830261E-10,6.132224886915728E-10,0.0,0.999999999
2,0.3910226632902138,-0.9269364760850731,0.0,0.9184133267646177,0.3867775119216492,0.0,1.0E-9
