id,x,y,z,vx,vy,vz,m,t
1,-0.30554427467156786,-0.12242471752234717,0.0,0.29754631175726365,-0.14260768256253079,0.0,0.6,0.6700000000000005
2,0.45831641200735257,0.1836370762835208,0.0,-0.4463194676358952,0.2139115238437959,0.0,0.4,0.6700000000000005
