id,x,y,z,vx,vy,vz,m
1,1.9941316700280028E-9,3.3581690852049267E-9,0.0,-1.0816971792419151E-10,1.9941328740232996E-9,0.0,0.999999999
2,-0.9941316680338693,-0.10816908184675844,0.0,0.10816971781602225,-0.9941328720291676,0.0,1.0E-9
