id,x,y,z,vx,vy,vz,m
1,1.4787113104113261E-9,1.1920279669467723E-9,0.0,8.77972148102528E-10,1.4787117923254912E-9,0.0,0.999999999
2,-0.4787113089326137,0.8779720342452554,0.0,-0.8779721472245555,-0.4787117908467792,0.0,1.0E-9
