id,x,y,z,vx,vy,vz,m
1,1.2621014622624237E-9,5.431655677462341E-9,0.0,-9.620243228519357E-10,1.2610655226724E-9,0.0,0.999999999
2,-0.2621014610003079,-0.9706556720306886,0.0,0.9620243218899147,-0.2610655214113368,0.0,1.0E-9
