id,x,y,z,vx,vy,vz,m,t
2,-0.7426192100554823,0.35127086782900485,0.0,0.9206002315425238,0.15222222039670458,0.0,1.0,0.3300000000000001
3,-0.32437371379771757,-0.259143638853803,0.0,-1.0657886591480663,-0.6193098954720593,0.0,1.0,0.3300000000000001
1,1.0669929238531992,-0.09212722897520187,0.0,0.14518842760554282,0.4670876750753545,0.0,1.0,0.3300000000000001
