id,x,y,z,vx,vy,vz,m
1,1.601203706049191E-11,6.310609893007417E-9,0.0,-2.0862911366941168E-10,2.5305508285866498E-11,0.0,0.999999999
2,0.9839879629555451,-0.21060988669680744,0.0,0.20862911346078972,0.9746944917394383,0.0,1.0E-9
