id,x,y,z,vx,vy,vz,m,t
1,-0.23286935044167328,0.14557180190986937,0.0,-0.4241970432502822,-0.07836471381223484,0.0,0.6,1.840999999999908
2,0.3493040256625122,-0.21835770286480513,0.0,0.6362955648754258,0.11754707071835108,0.0,0.4,1.840999999999908
