id,x,y,z,vx,vy,vz,m,t
2,0.350856815264264,-0.21394993185647043,0.0,0.6353274182279538,0.1255027474856774,0.0,0.4,1.8400000000000014
1,-0.23390454350950976,0.14263328790431384,0.0,-0.4235516121519693,-0.08366849832378453,0.0,0.6,1.8400000000000014
