id,x,y,z,vx,vy,vz,m
1,1.989010883013309E-9,3.43783694318815E-9,0.0,-1.4783762750995619E-10,1.9890120953943938E-9,0.0,0.999999999
2,-0.989010881024296,-0.14783693975031398,0.0,0.147837627362119,-0.9890120934053829,0.0,1.0E-9
