id,x,y,z,vx,vy,vz,m,t
1,-0.258213859992166,-0.13986426869951785,0.0,0.381023372939468,-0.10343524559874433,0.0,0.6,0.8100000000000006
2,0.3873207899882497,0.20979640304927666,0.0,-0.5715350594092014,0.15515286839811598,0.0,0.4,0.8100000000000006
