id,x,y,z,vx,vy,vz,m
1,6.788313657306746E-15,6.283230257517279E-9,0.0,-3.230265119427827E-12,4.431366934640223E-15,0.0,0.999999999
2,0.999993211686352,-0.0032302512340576482,0.0,0.003230265116197839,0.9999955686330663,0.0,1.0E-9
