id,x,y,z,vx,vy,vz,m
1,6.64739915546404E-10,6.018490923724856E-9,0.0,-9.397920156046968E-10,6.685085398034052E-10,0.0,0.999999999
2,0.335260085118354,-0.9484909177063665,0.0,0.9397920146649095,0.3314914608651027,0.0,1.0E-9
