id,x,y,z,vx,vy,vz,m,t
1,-0.3853074539679168,-0.05332977157888895,0.0,0.10968111824209158,-0.19244561324423975,0.0,0.6,0.2700000000000002
2,0.5779611809518753,0.0799946573683334,0.0,-0.16452167736313736,0.2886684198663594,0.0,0.4,0.2700000000000002
