id,x,y,z,vx,vy,vz,m
1,1.963357262664553E-9,3.7127368808780745E-9,0.0,-2.7826209813080526E-10,1.9584340597363516E-9,0.0,0.999999999
2,-0.9633572607011868,-0.281736877165341,0.0,0.2782620978525469,-0.9584340577779163,0.0,1.0E-9
