id,x,y,z,vx,vy,vz,m
1,2.351540484839089E-10,5.5786802803163634E-11,0.0,6.44213202268727E-10,2.351541318405007E-10,0.0,0.999999999
2,0.7648459517512456,0.6442131972526232,0.0,-0.6442132016245137,0.7648458683946536,0.0,1.0E-9
