id,x,y,z,vx,vy,vz,m
1,1.2772504095494912E-11,6.831112610221974E-13,0.0,1.5931688845682209E-10,1.2772524010768891E-11,0.0,0.999999999
2,0.9872274959172779,0.15931688873966093,0.0,-0.15931688829750518,0.9872274760020036,0.0,1.0E-9
