id,x,y,z,vx,vy,vz,m,t
2,0.9509980779087004,-0.25976250651144406,0.0,0.514496621146151,0.418840700597225,0.0,1.0,2.07
3,-0.9872214332036482,0.22619524749227923,0.0,0.4204110604864734,0.4427032676050702,0.0,1.0,2.07
1,0.03622335529494533,0.033567259019164436,0.0,-0.9349076816326256,-0.8615439682022954,0.0,1.0,2.07
