id,x,y,z,vx,vy,vz,m,t
2,-0.07543396353698369,0.05435871645763464,0.0,-0.7000951889055506,-1.876294756080762,0.0,0.4,1.330000000000001
1,0.050289309024655615,-0.036239144305089815,0.0,0.46673012593703345,1.250863170720508,0.0,0.6,1.330000000000001
