id,x,y,z,vx,vy,vz,m,t
2,0.5822913513285538,0.07289095479663157,0.0,-0.13864469385074885,0.29170768780543255,0.0,0.4,2.9299999999999815
1,-0.38819423421903665,-0.04859396986442047,0.0,0.092429795900499,-0.19447179187028812,0.0,0.6,2.9299999999999815
