id,x,y,z,vx,vy,vz,m
1,1.0902518810560804E-9,6.644135317671282E-10,0.0,9.961874879356922E-10,1.0891221421152601E-9,0.0,0.999999999
2,-0.09025187996582856,0.9965864688972866,0.0,-0.9961874869395045,-0.08912214102613979,0.0,1.0E-9
