id,x,y,z,vx,vy,vz,m
1,2.4490278707205287E-12,5.5934465933226766E-14,0.0,6.994406262198908E-11,2.414055716462714E-12,0.0,0.999999999
2,0.9975509721317289,0.06994406553412272,0.0,-0.06994406255204501,0.9975859442859516,0.0,1.0E-9
