id,x,y,z,vx,vy,vz,m,t
1,-0.3942024861945732,-0.03383485531370996,0.0,0.06841340066083534,-0.1970693857582082,0.0,0.6,0.17000000000000012
2,0.5913037292918598,0.050752282970564895,0.0,-0.10262010099125307,0.2956040786373121,0.0,0.4,0.17000000000000012
