id,x,y,z,vx,vy,vz,m
1,6.128187972284946E-10,6.032002007704727E-9,0.0,-9.220041376278473E-10,6.128177346814818E-10,0.0,0.999999999
2,0.3871812033843259,-0.9220020016727297,0.0,0.9220041367058439,0.3871822659313322,0.0,1.0E-9
