id,x,y,z,vx,vy,vz,m
1,1.0211364195518494E-10,6.294274091508155E-9,0.0,-4.500214181890643E-10,1.1072714066926379E-10,0.0,0.999999999
2,0.8978863581469522,-0.4542740852138871,0.0,0.4500214177390501,0.8892728594414623,0.0,1.0E-9
