id,x,y,z,vx,vy,vz,m
1,3.9843318258781824E-11,6.279456627284125E-9,0.0,-2.7945728507139276E-10,3.984102062639293E-11,0.0,0.999999999
2,0.9601566817810641,-0.2794566210046755,0.0,0.27945728479193577,0.9601589794134443,0.0,1.0E-9
