id,x,y,z,vx,vy,vz,m
1,1.4391549658149363E-9,5.175157536551772E-9,0.0,-8.961677568300121E-10,1.4368605610841376E-9,0.0,0.999999999
2,-0.4391549643757688,-0.9041575313766216,0.0,0.8961677559338467,-0.43686055964727893,0.0,1.0E-9
