id,x,y,z,vx,vy,vz,m,t
2,0.33246580691225736,0.2637080052801784,0.0,-1.0697663873693555,-0.6072461055778134,0.0,1.0,3.8799999999999613
3,0.735590802532424,-0.35247087949925404,0.0,0.9304609915251261,0.1401231424101169,0.0,1.0,3.8799999999999613
1,-1.0680566094446844,0.08876287421907568,0.0,0.139305395844229,0.46712296316769647,0.0,1.0,3.8799999999999613
