id,x,y,z,vx,vy,vz,m
1,9.238594321022331E-11,6.2698018448932605E-9,0.0,-4.198028322338221E-10,9.238375159718522E-11,0.0,0.999999999
2,0.9076140568821651,-0.4198018386234661,0.0,0.4198028318140196,0.9076162484951947,0.0,1.0E-9
