id,x,y,z,vx,vy,vz,m
1,1.2264629994597238E-11,6.283872819313817E-9,0.0,1.5612754832306445E-10,1.2262321853948636E-11,0.0,0.999999999
2,0.9877353700176698,0.15612718697004438,0.0,-0.1561275481669366,0.9877376781583105,0.0,1.0E-9
