id,x,y,z,vx,vy,vz,m
1,1.040831743697491E-10,6.3318067610627595E-9,0.0,4.539263100333807E-10,1.1221590814264768E-10,0.0,0.999999999
2,0.8959168257343629,0.4581932452690412,0.0,-0.45392630957944785,0.8877840919695681,0.0,1.0E-9
