id,x,y,z,vx,vy,vz,m
1,1.7573093561275739E-9,1.7769443689545755E-9,0.0,6.53055676805727E-10,1.7573100800550052E-9,0.0,0.999999999
2,-0.7573093543702631,0.6530556328223682,0.0,-0.6530556761526706,-0.7573100782976949,0.0,1.0E-9
