id,x,y,z,vx,vy,vz,m,t
2,0.5628363319613572,0.3494808058149827,0.0,-1.0886450048137015,-0.1892851912922078,0.0,1.0,3.6699999999999657
3,0.518082397540441,-0.34012204920730926,0.0,1.10310009848045,-0.27793023386067184,0.0,1.0,3.6699999999999657
1,-1.0809187295018008,-0.009358756607673421,0.0,-0.014455093666749033,0.46721542515287967,0.0,1.0,3.6699999999999657
