id,x,y,z,vx,vy,vz,m,t
2,0.858683965811764,-0.31653651347099615,0.0,0.720748035758454,0.32555081112653994,0.0,1.0,1.9200000000000015
3,-1.038237104726289,0.15796453415850228,0.0,0.26532176499658794,0.46288934334768417,0.0,1.0,1.9200000000000015
1,0.17955313891452285,0.15857197931249362,0.0,-0.9860698007550431,-0.7884401544742244,0.0,1.0,1.9200000000000015
