id,x,y,z,vx,vy,vz,m
1,1.630672423789418E-9,4.8060476124721495E-9,0.0,-7.760493397881554E-10,1.6306733002590144E-9,0.0,0.999999999
2,-0.6306724221587439,-0.7760476076661038,0.0,0.7760493390121066,-0.6306732986283443,0.0,1.0E-9
