id,x,y,z,vx,vy,vz,m,t
1,-0.16147427308941906,-0.15104221388648323,0.0,0.5464984202672556,0.015757493122347536,0.0,0.6,1.0209999999999984
2,0.24221140963412985,0.22656332082972455,0.0,-0.8197476304008823,-0.02363623968352185,0.0,0.4,1.0209999999999984
