id,x,y,z,vx,vy,vz,m
1,1.304285184480958E-9,9.274192592243816E-10,0.0,9.525808552974287E-10,1.3042855614886525E-9,0.0,0.999999999
2,-0.30428518317667186,0.9525807417030375,0.0,-0.9525808543448474,-0.30428556018436653,0.0,1.0E-9
