id,x,y,z,vx,vy,vz,m
1,1.277305241170963E-11,6.75433379117098E-13,0.0,1.5932448626964596E-10,1.2693382414492663E-11,0.0,0.999999999
2,0.9872269476010637,0.15932456662155833,0.0,-0.15932448611032143,0.9873066175982009,0.0,1.0E-9
