id,x,y,z,vx,vy,vz,m,t
1,-0.11450617889303578,-0.14642236552200807,0.0,0.6301826660508749,0.10718212932415294,0.0,0.6,1.1009999999999895
2,0.1717592683395548,0.21963354828301157,0.0,-0.9452739990763113,-0.16077319398622994,0.0,0.4,1.1009999999999895
