id,x,y,z,vx,vy,vz,m
1,1.1794255129499723E-9,7.664489908667683E-10,0.0,9.841145460074865E-10,1.1781484880737724E-9,0.0,0.999999999
2,-0.17942551177054658,0.984551009899682,0.0,-0.9841145450233713,-0.17814848689562626,0.0,1.0E-9
