id,x,y,z,vx,vy,vz,m,t
2,-0.6131293265306159,0.3560766469011258,0.0,1.0595451319060636,-0.08953283333956862,0.0,1.0,0.46000000000000024
3,-0.4663309479094159,-0.3246941226021951,0.0,-1.1075663695116902,-0.37772552084005184,0.0,1.0,0.46000000000000024
1,1.0794602744400312,-0.03138252429893055,0.0,0.04802123760562619,0.46725835417962014,0.0,1.0,0.46000000000000024
