id,x,y,z,vx,vy,vz,m,t
1,-0.3838446789329959,0.055749354258859046,0.0,-0.1151227792104235,-0.1916970359015064,0.0,0.6,2.4309999999998433
2,0.5757670183994978,-0.08362403138829012,0.0,0.17268416881563695,0.28754555385225783,0.0,0.4,2.4309999999998433
