id,x,y,z,vx,vy,vz,m,t
2,0.453809806606423,0.18575683682415214,0.0,-0.45459016939278457,0.2105629159466536,0.0,0.4,0.6800000000000004
1,-0.3025398710709486,-0.12383789121610148,0.0,0.303060112928523,-0.1403752772977691,0.0,0.6,0.6800000000000004
