id,x,y,z,vx,vy,vz,m
1,1.9869677114467275E-9,2.8190859408125376E-9,0.0,1.6091373486793354E-10,1.9869688075109222E-9,0.0,0.999999999
2,-0.9869677094597581,0.16091406200654737,0.0,-0.16091373470701936,-0.9869688055239537,0.0,1.0E-9
