id,x,y,z,vx,vy,vz,m,t
2,0.5999699993749692,0.0029999249967185304,0.0,-0.006000125006152712,0.2999849993437061,0.0,0.4,0.01
1,-0.3999799995833129,-0.0019999499978123536,0.0,0.004000083337435141,-0.19998999956247074,0.0,0.6,0.01
