id,x,y,z,vx,vy,vz,m
1,1.637209985831121E-9,1.4883793520347843E-9,0.0,7.722355084539224E-10,1.6347745213410384E-9,0.0,0.999999999
2,-0.6372099841939088,0.7726206494535941,0.0,-0.7722355076816851,-0.6347745197062653,0.0,1.0E-9
