id,x,y,z,vx,vy,vz,m
1,2.4485116171036638E-14,6.283230390321419E-9,0.0,6.769625622173806E-12,2.212946104619E-14,0.0,0.999999999
2,0.9999755148838559,0.006769615961802545,0.0,-0.006769625615403903,0.9999778705389725,0.0,1.0E-9
