id,x,y,z,vx,vy,vz,m
1,4.265317487914114E-10,1.4060035740116722E-10,0.0,8.19317718809221E-10,4.26068632309322E-10,0.0,0.999999999
2,0.5734682516351207,0.8193996427394337,0.0,-0.8193177179899043,0.5739313681167455,0.0,1.0E-9
