id,x,y,z,vx,vy,vz,m
1,4.970983321525195E-13,6.313478780012479E-9,0.0,1.1544744837325309E-10,9.770397017638247E-12,0.0,0.999999999
2,0.9995029016683713,0.11652122630098755,0.0,-0.11544744825779864,0.9902296029921324,0.0,1.0E-9
