id,x,y,z,vx,vy,vz,m,t
2,0.5061798474765942,0.15586608630717064,0.0,-0.35315192948310437,0.2468587163601723,0.0,0.4,0.5500000000000003
1,-0.3374532316510627,-0.10391072420478044,0.0,0.23543461965540288,-0.16457247757344823,0.0,0.6,0.5500000000000003
