id,x,y,z,vx,vy,vz,m
1,1.6384011902379585E-9,4.789702235580755E-9,0.0,-7.697039499199534E-10,1.6384020780199257E-9,0.0,0.999999999
2,-0.6384011885995556,-0.7697022307910545,0.0,0.76970394915025,-0.6384020763815269,0.0,1.0E-9
