id,x,y,z,vx,vy,vz,m,t
1,-0.39861552536624795,0.01650001722192974,0.0,-0.03322394651835508,-0.19931916553583975,0.0,0.6,2.6309999999998213
2,0.5979232880493756,-0.02475002583289652,0.0,0.049835919777534286,0.2989787483037586,0.0,0.4,2.6309999999998213
