id,x,y,z,vx,vy,vz,m
1,8.201755974215799E-10,4.0630137533298994E-10,0.0,9.836986870984502E-10,8.201757925711613E-10,0.0,0.999999999
2,0.1798244033985966,0.9836986250733114,0.0,-0.9836986861147513,0.17982420824901466,0.0,1.0E-9
