id,x,y,z,vx,vy,vz,m,t
1,-0.39837863032567705,-0.01797564172407677,0.0,0.036060917914043485,-0.1991868429540034,0.0,0.6,0.09000000000000007
2,0.5975679454885154,0.026963462586115147,0.0,-0.054091376871065217,0.29878026443100514,0.0,0.4,0.09000000000000007
