id,x,y,z,vx,vy,vz,m
1,4.5969066681091695E-10,1.5853357349638466E-10,0.0,8.414664478091882E-10,4.596907878257652E-10,0.0,0.999999999
2,0.5403093336487742,0.841466426662149,0.0,-0.8414664469677213,0.5403092126339257,0.0,1.0E-9
