id,x,y,z,vx,vy,vz,m
1,9.624337307302806E-10,5.749292701927137E-9,0.0,-9.992949686842102E-10,9.624334027864646E-10,0.0,0.999999999
2,0.03756627023215464,-0.9992926961778477,0.0,0.9992949676849154,0.03756659817596516,0.0,1.0E-9
