id,x,y,z,vx,vy,vz,m,t
1,-0.36694832565720814,0.07823654226717923,0.0,-0.16695525013616974,-0.18241779383502388,0.0,0.6,2.3109999999998565
2,0.5504224884858164,-0.1173548134007703,0.0,0.2504328752042564,0.2736266907525342,0.0,0.4,2.3109999999998565
