id,x,y,z,vx,vy,vz,m,t
2,1.0181036281202533,-0.1891408767632003,0.0,0.33112858572868786,0.4567769849071891,0.0,1.0,2.2299999999999964
3,-0.9041467724624038,0.29264031992581946,0.0,0.6245530765851939,0.3771714160149916,0.0,1.0,2.2299999999999964
1,-0.11395685565785216,-0.10349944316261955,0.0,-0.9556816623138826,-0.8339484009221807,0.0,1.0,2.2299999999999964
