id,x,y,z,vx,vy,vz,m,t
2,0.12124581301462335,-0.20592408800880221,0.0,1.0447693300407235,-0.29032281310673536,0.0,0.4,1.5600000000000012
1,-0.0808305420097492,0.13728272533920155,0.0,-0.6965128866938162,0.19354854207115735,0.0,0.6,1.5600000000000012
