id,x,y,z,vx,vy,vz,m,t
2,0.2466221630066522,-0.20915676436054492,0.0,1.0233545159459834,-0.7214951873926949,0.0,1.0,1.310000000000001
3,-1.0539695452407276,-0.12679470159075226,0.0,-0.20590507018494686,0.465873888164741,0.0,1.0,1.310000000000001
1,0.8073473822340739,0.3359514659512972,0.0,-0.8174494457610375,0.25562129922795357,0.0,1.0,1.310000000000001
