id,x,y,z,vx,vy,vz,m
1,1.5816446488668184E-9,1.3758659590596089E-9,0.0,8.147022768024494E-10,1.5793972580382357E-9,0.0,0.999999999
2,-0.5816446472851718,0.8151340423162557,0.0,-0.8147022759877461,-0.5793972564588405,0.0,1.0E-9
