id,x,y,z,vx,vy,vz,m
1,2.63331677478689E-11,2.024345904807589E-12,0.0,2.279756537427798E-10,2.6333196254094615E-11,0.0,0.999999999
2,0.9736668322784645,0.22797565409721673,0.0,-0.22797565351480412,0.9736668037722385,0.0,1.0E-9
