id,x,y,z,vx,vy,vz,m,t
1,-0.39919970672462857,0.012510579686371927,0.0,-0.025196636175490825,-0.19961108130721866,0.0,0.6,2.650999999999819
2,0.5987995600869463,-0.01876586952955983,0.0,0.037794954263237895,0.2994166219608271,0.0,0.4,2.650999999999819
