id,x,y,z,vx,vy,vz,m
1,2.416342607963187E-10,5.8170745188909E-11,0.0,6.518292602132297E-10,2.4163434530857326E-10,0.0,0.999999999
2,0.758365739445316,0.6518292548692617,0.0,-0.6518292595614004,0.7583656549330613,0.0,1.0E-9
