id,x,y,z,vx,vy,vz,m,t
1,-0.20748841843541366,-0.14929242768572248,0.0,0.46723949759505307,-0.04937443980890414,0.0,0.6,0.9300000000000007
2,0.3112326276531217,0.22393864152858337,0.0,-0.7008592463925788,0.0740616597133557,0.0,0.4,0.9300000000000007
