id,x,y,z,vx,vy,vz,m,t
2,1.0674584623403152,0.09049443622328118,0.0,-0.1426281122909108,0.4671315098200827,0.0,1.0,2.8299999999999836
3,-0.3277380277282588,0.2611502800172786,0.0,1.0673850451808948,-0.6144332326219827,0.0,1.0,2.8299999999999836
1,-0.7397204346120587,-0.3516447162405601,0.0,-0.9247569328899847,0.14730172280190015,0.0,1.0,2.8299999999999836
