id,x,y,z,vx,vy,vz,m,t
2,0.5718443408925705,-0.08178779054266945,0.0,0.1803730477538825,0.2889115227812758,0.0,0.4,2.4099999999999926
1,-0.38122956059504776,0.0545251936951134,0.0,-0.12024869850258853,-0.19260768185418356,0.0,0.6,2.4099999999999926
