id,x,y,z,vx,vy,vz,m,t
2,1.0656714618979486,-0.09640514967638815,0.0,0.15216995212627152,0.46698937711028254,0.0,1.0,2.429999999999992
3,-0.7506492931440167,0.34995979745744765,0.0,0.9089640290554561,0.16586707015933183,0.0,1.0,2.429999999999992
1,-0.3150221687539343,-0.2535546477810599,0.0,-1.0611339811817282,-0.6328564472696142,0.0,1.0,2.429999999999992
