id,x,y,z,vx,vy,vz,m,t
2,-0.14588423065647318,0.13089194270170462,0.0,0.9692492682784994,-0.814453023999537,0.0,1.0,0.9000000000000006
3,-0.8826848488267306,-0.304674505041135,0.0,-0.6712668741540057,0.35417751017729676,0.0,1.0,0.9000000000000006
1,1.028569079483203,0.17378256233943057,0.0,-0.2979823941244946,0.46027551382224013,0.0,1.0,0.9000000000000006
