id,x,y,z,vx,vy,vz,m
1,1.9100402416954912E-11,6.3154572366227234E-9,0.0,2.224606412045734E-10,2.814552492643606E-11,0.0,0.999999999
2,0.9808995976021728,0.22454276969272516,0.0,-0.22246064098210575,0.9718544751017097,0.0,1.0E-9
