id,x,y,z,vx,vy,vz,m
1,4.49958750843897E-13,4.749737493439321E-15,0.0,2.999525020626688E-11,4.4996250006279844E-13,0.0,0.999999999
2,0.999550041249606,0.029995250262511312,0.0,-0.029995250176271627,0.9995500375003872,0.0,1.0E-9
