id,x,y,z,vx,vy,vz,m,t
2,0.30906992258491794,-0.2501352100324671,0.0,1.0579034066105029,-0.6413768373951682,0.0,1.0,1.370000000000001
3,-1.0648266574834728,-0.09880358786977865,0.0,-0.1565325508587749,0.46699138273653223,0.0,1.0,1.370000000000001
1,0.7557567348985532,0.3489387979022458,0.0,-0.901370855751729,0.17438545465863556,0.0,1.0,1.370000000000001
