id,x,y,z,vx,vy,vz,m
1,2.2670042063544432E-10,6.335961678558535E-9,0.0,6.340398201890009E-10,2.2669868013615255E-10,0.0,0.999999999
2,0.7732995795912586,0.6340383277774153,0.0,-0.6340398195549612,0.7733013200905432,0.0,1.0E-9
