id,x,y,z,vx,vy,vz,m
1,4.466567468278301E-11,4.457640217853759E-12,0.0,2.9554137787450533E-10,4.45177250611034E-11,0.0,0.999999999
2,0.9553343253618831,0.2955423597866038,0.0,-0.29554137757896426,0.9554822749834144,0.0,1.0E-9
