id,x,y,z,vx,vy,vz,m
1,1.599134521891557E-9,4.8706468604860795E-9,0.0,-8.006486387302087E-10,1.5991353512911281E-9,0.0,0.999999999
2,-0.599134520292421,-0.8006468556154349,0.0,0.8006486379295604,-0.5991353496919961,0.0,1.0E-9
