id,x,y,z,vx,vy,vz,m
1,8.159682113092455E-11,6.294358174885691E-9,0.0,3.956427574546137E-10,8.15947065025083E-11,0.0,0.999999999
2,0.9184031789506748,0.39564183140865644,0.0,-0.39564275705897073,0.9184052935790833,0.0,1.0E-9
