id,x,y,z,vx,vy,vz,m
1,3.029461172201771E-11,6.285729009508738E-9,0.0,2.4427156575676864E-10,3.0292357101052264E-11,0.0,0.999999999
2,0.9697053883082792,0.24427099677698166,0.0,-0.2442715655124968,0.969707642929237,0.0,1.0E-9
