id,x,y,z,vx,vy,vz,m
1,1.154927266169274E-9,5.564545105549344E-9,0.0,-9.846630481189252E-10,1.1546990452878493E-9,0.0,0.999999999
2,-0.15492726501433182,-0.9935450999848023,0.0,0.9846630471342657,-0.1546990441331516,0.0,1.0E-9
