id,x,y,z,vx,vy,vz,m
1,1.0752779308055056E-11,6.283757755372704E-9,0.0,1.4624258898537195E-10,1.0750466368681772E-11,0.0,0.999999999
2,0.9892472207027001,0.1462422509110425,0.0,-0.14624258883912908,0.9892495336420655,0.0,1.0E-9
