id,x,y,z,vx,vy,vz,m,t
2,-0.5917954447257562,0.35386473991708123,0.0,1.073553181120173,-0.13176188041671374,0.0,1.0,0.48000000000000026
3,-0.48848156673995596,-0.33182713527313107,0.0,-1.107216483165638,-0.3354722514891876,0.0,1.0,0.48000000000000026
1,1.0802770114657114,-0.022037604643950093,0.0,0.03366330204546421,0.467234131905901,0.0,1.0,0.48000000000000026
