id,x,y,z,vx,vy,vz,m
1,1.767083995907153E-9,4.4995288613180635E-9,0.0,-6.426322935552642E-10,1.762828231557074E-9,0.0,0.999999999
2,-0.7670839941400578,-0.6485288568185382,0.0,0.6426322929126342,-0.7628282297942476,0.0,1.0E-9
