id,x,y,z,vx,vy,vz,m,t
2,0.5854058415995493,0.06545948760171956,0.0,-0.13335284476667392,0.2925674684190526,0.0,0.4,0.22000000000000006
1,-0.39027056106636626,-0.043639658401146364,0.0,0.08890189651111596,-0.1950449789460351,0.0,0.6,0.22000000000000006
