id,x,y,z,vx,vy,vz,m
1,1.6760722091984656E-9,4.706833780908132E-9,0.0,-7.36835429025395E-10,1.6760731507721834E-9,0.0,0.999999999
2,-0.6760722075223917,-0.7368337762012991,0.0,0.7368354282885602,-0.6760731490961133,0.0,1.0E-9
