id,x,y,z,vx,vy,vz,m
1,6.667945131632133E-10,2.87840189112918E-10,0.0,9.429747875259102E-10,6.661530642355555E-10,0.0,0.999999999
2,0.3332054875035806,0.9431598111749215,0.0,-0.9429747865829358,0.3338469364305961,0.0,1.0E-9
