id,x,y,z,vx,vy,vz,m,t
2,-0.7144241681622711,0.35510560358724486,0.0,0.9586672408444687,0.10278615490580183,0.0,1.0,0.36000000000000015
3,-0.35657439602405616,-0.2769937756805402,0.0,-1.0806136942330902,-0.5700389067061831,0.0,1.0,0.36000000000000015
1,1.0709985641863264,-0.07811182790670464,0.0,0.12194645338862167,0.46725275180038095,0.0,1.0,0.36000000000000015
