id,x,y,z,vx,vy,vz,m,t
2,0.2880237890329025,-0.23701691216249768,0.0,1.0466530746753138,-0.6701911659684322,0.0,1.0,1.350000000000001
3,-1.0615354627108464,-0.10814094860512106,0.0,-0.17262894393621656,0.46673278951163893,0.0,1.0,1.350000000000001
1,0.7735116736779423,0.34515786076761884,0.0,-0.8740241307390981,0.20345837645679288,0.0,1.0,1.350000000000001
