id,x,y,z,vx,vy,vz,m,t
2,0.5401776658427259,-0.12114671246819958,0.0,0.2730948495107342,0.27191046640812233,0.0,0.4,2.2699999999999956
1,-0.3601184438951512,0.08076447497880011,0.0,-0.1820632330071564,-0.18127364427208126,0.0,0.6,2.2699999999999956
