id,x,y,z,vx,vy,vz,m
1,3.400554727940463E-10,9.855428907272556E-11,0.0,7.513923837321417E-10,3.3964983950885523E-10,0.0,0.999999999
2,0.6599445275460095,0.7514457110258295,0.0,-0.7513923829807498,0.6603501608307935,0.0,1.0E-9
