id,x,y,z,vx,vy,vz,m
1,4.680043704182659E-12,6.2833819761953915E-9,0.0,9.66182513076646E-11,4.67771025052604E-12,0.0,0.999999999
2,0.9953199563004999,0.09661803008797987,0.0,-0.09661825121104609,0.9953222897541485,0.0,1.0E-9
