id,x,y,z,vx,vy,vz,m,t
2,1.0800291939223643,0.025074983085093105,0.0,-0.038482695358830164,0.4672476454780084,0.0,1.0,2.6899999999999866
3,-0.4808943522108932,0.32955353582937585,0.0,1.1075508752788554,-0.3500998667475824,0.0,1.0,2.6899999999999866
1,-0.5991348417114734,-0.35462851891446917,0.0,-1.0690681799200257,-0.11714777873042581,0.0,1.0,2.6899999999999866
