id,x,y,z,vx,vy,vz,m
1,1.4480948524186188E-9,5.160744498990977E-9,0.0,-8.917950116996124E-10,1.4457398364625196E-9,0.0,0.999999999
2,-0.44809485097051116,-0.8997444938302409,0.0,0.8917950108078194,-0.4457398350167815,0.0,1.0E-9
