id,x,y,z,vx,vy,vz,m
1,4.67545299218156E-10,6.143681258043941E-9,0.0,-8.457842752431116E-10,4.730102513538021E-10,0.0,0.999999999
2,0.5324547012494083,-0.8536812519002654,0.0,0.8457842743973326,0.5269897491192073,0.0,1.0E-9
