id,x,y,z,vx,vy,vz,m,t
2,0.4443699488596292,-0.1847901432217021,0.0,0.4712987912851742,0.2089973431763812,0.0,0.4,2.010000000000001
1,-0.2962466325730868,0.12319342881446835,0.0,-0.31419919419011627,-0.13933156211758713,0.0,0.6,2.010000000000001
