id,x,y,z,vx,vy,vz,m
1,1.8923004571416006E-9,4.0614397750279206E-9,0.0,-4.514409078059589E-10,1.8923016462408073E-9,0.0,0.999999999
2,-0.8923004552492984,-0.4514397709664808,0.0,0.4514409073545185,-0.8923016443485076,0.0,1.0E-9
