id,x,y,z,vx,vy,vz,m,t
1,-0.3814578144076755,0.059570728218953616,0.0,-0.12357441555273656,-0.19042338844772044,0.0,0.6,2.4109999999998455
2,0.5721867216115171,-0.08935609232843193,0.0,0.18536162332910658,0.2856350826715789,0.0,0.4,2.4109999999998455
