id,x,y,z,vx,vy,vz,m
1,1.9095647897596347E-10,6.268303337189617E-9,0.0,-5.927164124441526E-10,1.9881792294229034E-10,0.0,0.999999999
2,0.8090435212150149,-0.5983033309213202,0.0,0.5927164118514425,0.8011820772565258,0.0,1.0E-9
