id,x,y,z,vx,vy,vz,m
1,1.899743098686086E-9,2.253581351577381E-9,0.0,4.364185637195107E-10,1.8997440104738204E-9,0.0,0.999999999
2,-0.8997430967863419,0.43641865067619945,0.0,-0.43641856328309164,-0.8997440085740769,0.0,1.0E-9
