id,x,y,z,vx,vy,vz,m,t
1,-0.2341419778705473,-0.14538379163952886,0.0,0.422004252428305,-0.0796413385588796,0.0,0.6,0.8700000000000007
2,0.35121296680582215,0.21807568745929307,0.0,-0.6330063786424569,0.1194620078383189,0.0,0.4,0.8700000000000007
