id,x,y,z,vx,vy,vz,m
1,5.024213453412745E-10,1.8258118937343274E-10,0.0,8.674188360175128E-10,5.024214737006562E-10,0.0,0.999999999
2,0.49757865516114747,0.8674188108091486,0.0,-0.8674188351500937,0.49757852680176545,0.0,1.0E-9
