id,x,y,z,vx,vy,vz,m
1,1.931741464724623E-9,2.406879294580762E-9,0.0,3.6312056469701353E-10,1.9317424317725182E-9,0.0,0.999999999
2,-0.93174146279288,0.36312070782611694,0.0,-0.36312056433389245,-0.9317424298407765,0.0,1.0E-9
