id,x,y,z,vx,vy,vz,m
1,-5.740841004608778E-12,6.312745818523987E-9,0.0,-3.242606962590221E-11,3.6660123453726626E-12,0.0,0.999999999
2,1.0057408409988942,-0.03274581221124899,0.0,0.03242606959348319,0.9963339876582931,0.0,1.0E-9
