id,x,y,z,vx,vy,vz,m,t
1,-0.39327523511430773,0.03631427399223386,0.0,-0.07369521255542753,-0.19661477233179647,0.0,0.6,2.5309999999998323
2,0.5899128526714653,-0.05447141098835253,0.0,0.1105428188331429,0.29492215849769293,0.0,0.4,2.5309999999998323
