id,x,y,z,vx,vy,vz,m,t
2,1.000239504412451,-0.2118050813093334,0.0,0.38404804136016185,0.4493026525046265,0.0,1.0,2.1799999999999975
3,-0.9336622290145982,0.27305764484655193,0.0,0.5566001669808331,0.40487376896181076,0.0,1.0,2.1799999999999975
1,-0.06657727539785536,-0.06125256353721896,0.0,-0.9406482083409959,-0.8541764214664374,0.0,1.0,2.1799999999999975
