id,x,y,z,vx,vy,vz,m
1,1.3098600550336226E-9,5.367414289103264E-9,0.0,-9.479275157084916E-10,1.3084745804747672E-9,0.0,0.999999999
2,-0.3098600537237487,-0.9564142837358514,0.0,0.947927514760567,-0.3084745791662941,0.0,1.0E-9
