id,x,y,z,vx,vy,vz,m,t
2,0.6560558354248298,-0.35813168708749404,0.0,1.023601183442061,-0.005932053396576889,0.0,1.0,1.6900000000000013
3,-1.076861245404746,0.050722769620584536,0.0,0.07797955680931408,0.4673280570717322,0.0,1.0,1.6900000000000013
1,0.42080540997991406,0.3074089174669094,0.0,-1.101580740251376,-0.4613960036751557,0.0,1.0,1.6900000000000013
