id,x,y,z,vx,vy,vz,m,t
1,0.02667880623307599,0.07539422089412569,0.0,-0.7542999589550207,0.8668893925726984,0.0,0.6,1.4209999999999543
2,-0.04001820934961271,-0.1130913313411892,0.0,1.1314499384325312,-1.3003340888590487,0.0,0.4,1.4209999999999543
