id,x,y,z,vx,vy,vz,m,t
2,1.081052617054733,-0.0029582492576853943,0.0,0.0043155489598975865,0.46720682465080077,0.0,1.0,2.629999999999988
3,-0.5470719819823231,0.3466921664740941,0.0,1.0948849608900402,-0.22067379356487646,0.0,1.0,2.629999999999988
1,-0.5339806350724122,-0.3437339172164089,0.0,-1.099200509849938,-0.24653303108592417,0.0,1.0,2.629999999999988
