id,x,y,z,vx,vy,vz,m
1,8.332090445737101E-10,5.8659907946049235E-9,0.0,-9.859930471216025E-10,8.332084503231728E-10,0.0,0.999999999
2,0.16679095625950047,-0.9859907887389372,0.0,0.9859930461356097,0.16679155051003197,0.0,1.0E-9
