id,x,y,z,vx,vy,vz,m,t
2,-0.036509970913570555,0.11686948477942143,0.0,-1.1454408144683281,-1.2587428685404982,0.0,0.4,1.290000000000001
1,0.024339980609046873,-0.07791298985294767,0.0,0.7636272096455518,0.8391619123603322,0.0,0.6,1.290000000000001
