id,x,y,z,vx,vy,vz,m,t
2,-0.25562670875602606,0.21534824301741273,0.0,1.0285626746269438,-0.7110048763652271,0.0,1.0,0.7900000000000005
3,-0.8001171094250036,-0.33811868965897274,0.0,-0.8300776891207597,0.24493890241186364,0.0,1.0,0.7900000000000005
1,1.0557438181810288,0.12277044664156009,0.0,-0.1984849855061849,0.4660659739533634,0.0,1.0,0.7900000000000005
