id,x,y,z,vx,vy,vz,m,t
2,0.5878596343109694,-0.04953617580271411,0.0,0.11121963197911842,0.29676376676939714,0.0,0.4,2.5199999999999902
1,-0.39190642287398053,0.033024117201809866,0.0,-0.0741464213194125,-0.1978425111795978,0.0,0.6,2.5199999999999902
