id,x,y,z,vx,vy,vz,m
1,2.6833930429410276E-10,6.823072303977986E-11,0.0,6.817354601648253E-10,2.6798205472306034E-10,0.0,0.999999999
2,0.7316606959742366,0.681769277028451,0.0,-0.68173545948309,0.7320179455449214,0.0,1.0E-9
