id,x,y,z,vx,vy,vz,m,t
1,-0.2504615986193187,-0.14186050911471768,0.0,0.39426774292706573,-0.09609833885095541,0.0,0.6,0.8300000000000006
2,0.375692397928979,0.2127907636720764,0.0,-0.5914016143905981,0.14414750827643258,0.0,0.4,0.8300000000000006
