id,x,y,z,vx,vy,vz,m,t
2,0.13159817236954585,-0.20867090933944807,0.0,1.0257025409437739,-0.2590414530224352,0.0,0.4,1.5700000000000012
1,-0.08773211491303087,0.1391139395596321,0.0,-0.6838016939625164,0.17269430201495722,0.0,0.6,1.5700000000000012
