id,x,y,z,vx,vy,vz,m,t
2,1.0311622025886706,0.1695665280845501,0.0,-0.28943358358820304,0.4610718555459279,0.0,1.0,2.99999999999998
3,-0.1544234647391291,0.13809083751146942,0.0,0.9732558700299606,-0.8084600378198836,0.0,1.0,2.99999999999998
1,-0.8767387378495439,-0.30765736559601975,0.0,-0.6838222864417584,0.34738818227395624,0.0,1.0,2.99999999999998
