id,x,y,z,vx,vy,vz,m,t
2,0.47530519168419566,-0.16934756727550662,0.0,0.4132720546506332,0.23138244290327337,0.0,0.4,2.0799999999999996
1,-0.31687012778946444,0.11289837818367139,0.0,-0.2755147031004223,-0.15425496193551527,0.0,0.6,2.0799999999999996
