id,x,y,z,vx,vy,vz,m,t
2,-0.6751407229802824,0.3577920051556327,0.0,1.0045195373883309,0.030442473955117174,0.0,1.0,0.4000000000000002
3,-0.40013053217704164,-0.29837193489393266,0.0,-1.0963472651952504,-0.4977564195361751,0.0,1.0,0.4000000000000002
1,1.0752712551573234,-0.05942007026169994,0.0,0.09182772780691947,0.4673139455810576,0.0,1.0,0.4000000000000002
