id,x,y,z,vx,vy,vz,m
1,1.896770139322174E-9,4.042494410137652E-9,0.0,-4.424955283086943E-10,1.8967713318128736E-9,0.0,0.999999999
2,-0.8967701374254019,-0.4424944060951577,0.0,0.4424955278661992,-0.8967713299161043,0.0,1.0E-9
