id,x,y,z,vx,vy,vz,m,t
2,-0.4933144868642217,0.3332624854855816,0.0,1.106819234974529,-0.3261907613404674,0.0,1.0,0.5700000000000003
3,-0.5871043779559012,-0.3532742519164355,0.0,-1.076319278348297,-0.14103843845879177,0.0,1.0,0.5700000000000003
1,1.080418864820122,0.02001176643085395,0.0,-0.03049995662623241,0.4672291997992589,0.0,1.0,0.5700000000000003
