id,x,y,z,vx,vy,vz,m
1,2.5127385448202613E-11,6.3094217513157665E-9,0.0,-2.4707858609602883E-10,3.435533261672229E-11,0.0,0.999999999
2,0.9748726145769494,-0.24942174500634576,0.0,0.2470785858489574,0.9656446674176323,0.0,1.0E-9
