id,x,y,z,vx,vy,vz,m
1,1.8030627111055871E-9,4.375892692304635E-9,0.0,-5.958940734706689E-10,1.8030638140277835E-9,0.0,0.999999999
2,-0.8030627093025227,-0.5958926879287422,0.0,0.5958940728747752,-0.8030638122247226,0.0,1.0E-9
