id,x,y,z,vx,vy,vz,m,t
2,1.0810601894221679,0.0017138225909659925,0.0,-0.0028010754729415306,0.4672075450794764,0.0,1.0,2.6399999999999877
3,-0.5361050468338526,0.3443767806023926,0.0,1.0985020688040505,-0.24240338077543538,0.0,1.0,2.6399999999999877
1,-0.5449551425883175,-0.3460906031933587,0.0,-1.0957009933311093,-0.22480416430404093,0.0,1.0,2.6399999999999877
