id,x,y,z,vx,vy,vz,m
1,1.6137610954829922E-9,1.4396852254400547E-9,0.0,7.909076514567429E-10,1.6114071165868397E-9,0.0,0.999999999
2,-0.6137610938692297,0.7913147759996291,0.0,-0.7909076506658339,-0.6114071149754347,0.0,1.0E-9
