id,x,y,z,vx,vy,vz,m
1,1.9597831254764106E-10,6.325402687722675E-9,0.0,5.945987166988145E-10,1.9597649392029302E-10,0.0,0.999999999
2,0.8040216876483397,0.5945973186027163,0.0,-0.5945987161042159,0.8040235062756805,0.0,1.0E-9
