id,x,y,z,vx,vy,vz,m
1,1.4217744129415046E-13,6.283231200085291E-9,0.0,1.6768839402448958E-11,1.3982331332785158E-13,0.0,0.999999999
2,0.9998578225588505,0.01676880619793145,0.0,-0.016768839385679843,0.9998601766868085,0.0,1.0E-9
