id,x,y,z,vx,vy,vz,m,t
2,0.22636358060228623,0.2258505375716527,0.0,-0.8475904487596849,-0.050525745818778216,0.0,0.4,1.0400000000000007
1,-0.15090905373485755,-0.1505670250477685,0.0,0.5650602991731232,0.03368383054585217,0.0,0.6,1.0400000000000007
