id,x,y,z,vx,vy,vz,m,t
2,0.4747298827148555,0.3274081857695736,0.0,-1.1077269461648551,-0.3617791532120054,0.0,1.0,3.749999999999964
3,0.6050655465971175,-0.3554268354503145,0.0,1.0651112273884256,-0.10546491340490553,0.0,1.0,3.749999999999964
1,-1.0797954293119758,0.028018649680740904,0.0,0.0426157187764291,0.4672440666169109,0.0,1.0,3.749999999999964
