id,x,y,z,vx,vy,vz,m,t
2,0.8303045465305376,0.32797926793825655,0.0,-0.7758763405362811,0.2884515992565385,0.0,1.0,3.3899999999999717
3,0.21738417338864843,-0.18788788714757015,0.0,1.0067138045780077,-0.7533252307852107,0.0,1.0,3.3899999999999717
1,-1.047688719919189,-0.1400913807906865,0.0,-0.23083746404172747,0.46487363152867245,0.0,1.0,3.3899999999999717
