id,x,y,z,vx,vy,vz,m
1,9.662924636827334E-11,6.268856790817334E-9,0.0,-4.2885779937618606E-10,9.662706358818061E-11,0.0,0.999999999
2,0.9033707537283584,-0.4288567845484843,0.0,0.42885779894732856,0.9033729365084426,0.0,1.0E-9
