id,x,y,z,vx,vy,vz,m
1,1.3794365806926056E-9,1.0347825287948823E-9,0.0,9.252175882374603E-10,1.379436999544793E-9,0.0,0.999999999
2,-0.37943657931316793,0.9252174722399,0.0,-0.9252175873122422,-0.3794369981653555,0.0,1.0E-9
