id,x,y,z,vx,vy,vz,m
1,1.5811257498001292E-10,3.0290541960324943E-11,0.0,5.396974147964063E-10,1.5783843097807292E-10,0.0,0.999999999
2,0.8418874251780994,0.5397094580699658,0.0,-0.5396974142567094,0.8421615691797655,0.0,1.0E-9
