id,x,y,z,vx,vy,vz,m
1,1.4533941353862412E-9,1.1484012964928358E-9,0.0,8.921171705989535E-10,1.4515220461059004E-9,0.0,0.999999999
2,-0.45339413393284533,0.8925987046555641,0.0,-0.8921171697068356,-0.45152204465438045,0.0,1.0E-9
