id,x,y,z,vx,vy,vz,m
1,7.7961424072587E-10,5.931474805699847E-9,0.0,-9.725238488370184E-10,7.824119425813598E-10,0.0,0.999999999
2,0.2203857600537618,-0.9814747997683719,0.0,0.9725238478644994,0.21758805820105157,0.0,1.0E-9
