id,x,y,z,vx,vy,vz,m
1,3.5516790051654397E-10,1.056757808523164E-10,0.0,7.643242317249127E-10,3.551680041975053E-10,0.0,0.999999999
2,0.6448320998386246,0.7643242192533592,0.0,-0.7643242309605882,0.6448319961576627,0.0,1.0E-9
