id,x,y,z,vx,vy,vz,m
1,5.803406305622467E-11,6.303950225635858E-9,0.0,-3.5063175026863233E-10,6.70076751400831E-11,0.0,0.999999999
2,0.9419659370018332,-0.3539502193319095,0.0,0.35063174991800766,0.9329923249269237,0.0,1.0E-9
