id,x,y,z,vx,vy,vz,m,t
1,-0.10167110406132104,-0.14397273836653426,0.0,0.6534824293185365,0.1385238101700262,0.0,0.6,1.1209999999999873
2,0.1525066560919827,0.21595910754980083,0.0,-0.9802236439778039,-0.20778571525503975,0.0,0.4,1.1209999999999873
