id,x,y,z,vx,vy,vz,m,t
2,0.5648909425698404,0.0999656946481712,0.0,-0.20911038541096835,0.2816400573965705,0.0,0.4,0.34000000000000014
1,-0.37659396171322684,-0.06664379643211413,0.0,0.1394069236073122,-0.18776003826438037,0.0,0.6,0.34000000000000014
