id,x,y,z,vx,vy,vz,m,t
2,0.8863626986828281,-0.30284191805233707,0.0,0.6633571104730728,0.3581667902636572,0.0,1.0,1.9600000000000015
3,-1.0268675466851445,0.17642172975315698,0.0,0.3034881878135459,0.4597788798187733,0.0,1.0,1.9600000000000015
1,0.14050484800231405,0.12642018829917978,0.0,-0.9668452982866198,-0.8179456700824309,0.0,1.0,1.9600000000000015
