id,x,y,z,vx,vy,vz,m
1,1.6203468458475371E-9,1.4556728558233158E-9,0.0,7.84327240268191E-10,1.6203474364547046E-9,0.0,0.999999999
2,-0.6203468442271891,0.7843271456323564,0.0,-0.784327239483863,-0.6203474348343568,0.0,1.0E-9
