id,x,y,z,vx,vy,vz,m
1,5.325015191076596E-12,6.283046264807209E-9,0.0,-1.030465074320021E-10,5.322658300679064E-12,0.0,0.999999999
2,0.994674984814251,-0.10304625852417008,0.0,0.10304650732895586,0.9946773417046401,0.0,1.0E-9
