id,x,y,z,vx,vy,vz,m
1,1.9790105209335816E-10,4.280886049019776E-11,0.0,5.97191142858989E-10,1.9790112856376783E-10,0.0,0.999999999
2,0.8020989481045433,0.5971911395526112,0.0,-0.5971911422617977,0.8020988716341335,0.0,1.0E-9
