id,x,y,z,vx,vy,vz,m,t
2,0.5460669775396736,0.12209364648671031,0.0,-0.2618422395154552,0.27108464905682417,0.0,0.4,0.4200000000000002
1,-0.36404465169311556,-0.08139576432447355,0.0,0.1745614930103034,-0.1807230993712161,0.0,0.6,0.4200000000000002
