id,x,y,z,vx,vy,vz,m
1,1.7271865343790447E-9,4.604120833902059E-9,0.0,-6.868875179082815E-10,1.7231329176550662E-9,0.0,0.999999999
2,-0.7271865326518465,-0.693120829297941,0.0,0.6868875172213967,-0.7231329159319358,0.0,1.0E-9
