id,x,y,z,vx,vy,vz,m
1,1.0259856086074183E-9,5.706356225465769E-9,0.0,-9.963063340065885E-10,1.0267663559794401E-9,0.0,0.999999999
2,-0.025985607581416742,-1.0053562197594168,0.0,0.9963063330102859,-0.026766354952675542,0.0,1.0E-9
