id,x,y,z,vx,vy,vz,m,t
2,0.9130376257373736,0.28693479200605426,0.0,-0.604603022588569,0.3860489444666944,0.0,1.0,3.2699999999999743
3,0.1002396228077802,-0.09153657801106684,0.0,0.9504642965430268,-0.8410862216490756,0.0,1.0,3.2699999999999743
1,-1.0132772485451564,-0.19539821399498758,0.0,-0.34586127395445854,0.4550372771823815,0.0,1.0,3.2699999999999743
