id,x,y,z,vx,vy,vz,m
1,4.268582810829664E-11,6.279044004501147E-9,0.0,-2.8904468483157093E-10,4.268353596927925E-11,0.0,0.999999999
2,0.9573141719343917,-0.28904399822210974,0.0,0.2890446845425265,0.9573164640734005,0.0,1.0E-9
