id,x,y,z,vx,vy,vz,m
1,8.863485803390279E-12,6.282835493904325E-9,0.0,-1.328358066634728E-10,8.861133527551077E-12,0.0,0.999999999
2,0.9911365142054758,-0.13283548762149736,0.0,0.13283580653063726,0.9911388664813064,0.0,1.0E-9
