id,x,y,z,vx,vy,vz,m
1,1.4815485858881983E-9,5.086417949160158E-9,0.0,-8.764198912748724E-10,1.481549228414945E-9,0.0,0.999999999
2,-0.4815485844066482,-0.8764179440737436,0.0,0.8764198903984527,-0.4815492269333991,0.0,1.0E-9
