id,x,y,z,vx,vy,vz,m,t
2,-0.08464028224292176,0.014487077488141573,0.0,-0.1983900009776125,-2.0865159405356146,0.0,0.4,1.350000000000001
1,0.056426854828614335,-0.009658051658761104,0.0,0.13226000065174132,1.3910106270237432,0.0,0.6,1.350000000000001
