id,x,y,z,vx,vy,vz,m,t
2,0.4914583156809808,0.1655512074470105,0.0,-0.3830821973485634,0.23721127480906898,0.0,0.4,0.5900000000000003
1,-0.3276388771206538,-0.11036747163134035,0.0,0.2553881315657089,-0.15814084987271268,0.0,0.6,0.5900000000000003
