id,x,y,z,vx,vy,vz,m,t
2,0.20615055251602868,-0.17941286413942553,0.0,1.0004030017208172,-0.7644016706083144,0.0,1.0,1.270000000000001
3,-1.0450404785663505,-0.14540227441625497,0.0,-0.240823056199515,0.46438919304959303,0.0,1.0,1.270000000000001
1,0.8388899260503203,0.3248151385556806,0.0,-0.7595799455213033,0.3000124775587211,0.0,1.0,1.270000000000001
