id,x,y,z,vx,vy,vz,m,t
2,0.3111756981637704,0.2512495727481064,0.0,-1.059154854274139,-0.6383414362580463,0.0,1.0,3.899999999999961
3,0.7539377225257602,-0.34935330422353095,0.0,0.9041035007272332,0.17138791434995662,0.0,1.0,3.899999999999961
1,-1.0651134206895336,0.0981037314754246,0.0,0.15505135354690536,0.46695352190808953,0.0,1.0,3.899999999999961
