id,x,y,z,vx,vy,vz,m
1,1.1990707905257158E-9,7.902081888368847E-10,0.0,9.80348081154005E-10,1.1977586390946324E-9,0.0,0.999999999
2,-0.19907078932664438,0.9807918119533243,0.0,-0.980348080173656,-0.1977586378968759,0.0,1.0E-9
