id,x,y,z,vx,vy,vz,m,t
2,0.5023190885402139,-0.15250299477115334,0.0,0.359115385225686,0.24923998797982141,0.0,0.4,2.149999999999998
1,-0.33487939236014325,0.10166866318076925,0.0,-0.2394102568171242,-0.1661599919865473,0.0,0.6,2.149999999999998
