id,x,y,z,vx,vy,vz,m
1,1.7259524695747438E-9,4.587743211088455E-9,0.0,-6.877447632293409E-10,1.7259534785877994E-9,0.0,0.999999999
2,-0.7259524678487898,-0.6877432065007127,0.0,0.6877447625415967,-0.7259534768618489,0.0,1.0E-9
