id,x,y,z,vx,vy,vz,m
1,6.062628608623397E-11,7.1049398358497865E-12,0.0,3.428950599361872E-10,6.062632903590637E-11,0.0,0.999999999
2,0.9393737139743926,0.3428950601712552,0.0,-0.34289505959329214,0.93937367102472,0.0,1.0E-9
