id,x,y,z,vx,vy,vz,m,t
1,-0.38336684681003314,-0.056671838274536535,0.0,0.11685252775509726,-0.1914032493718599,0.0,0.6,3.0009999999997805
2,0.5750502702150535,0.08500775741180266,0.0,-0.17527879163264415,0.28710487405778945,0.0,0.4,3.0009999999997805
