id,x,y,z,vx,vy,vz,m,t
2,0.29010409058508835,0.2381898823587663,0.0,-1.0479461240579222,-0.6673660553826717,0.0,1.0,3.9199999999999604
3,0.771748078973388,-0.34563027186667655,0.0,0.8768307165140241,0.2006654364273246,0.0,1.0,3.9199999999999604
1,-1.0618521695584795,0.1074403895079103,0.0,0.17111540754389784,0.46670061895534704,0.0,1.0,3.9199999999999604
