id,x,y,z,vx,vy,vz,m
1,5.898479128440512E-12,6.313971049288155E-9,0.0,1.5458640421096238E-10,1.5101420549004245E-11,0.0,0.999999999
2,0.9941015208774847,0.1560289570258031,0.0,-0.15458640405636898,0.9848985794660975,0.0,1.0E-9
