id,x,y,z,vx,vy,vz,m,t
2,1.0762436633920915,-0.05435554744147668,0.0,0.08358247956512448,0.4672997255335446,0.0,1.0,2.5199999999999902
3,-0.6638043891807541,0.3580986864432767,0.0,1.0161552558717533,0.008951555966002354,0.0,1.0,2.5199999999999902
1,-0.4124392742113399,-0.3037431390018002,0.0,-1.099737735436878,-0.47625128149954676,0.0,1.0,2.5199999999999902
