id,x,y,z,vx,vy,vz,m
1,1.8034906569391328E-10,3.713672835209112E-11,0.0,5.728632742915003E-10,1.8034913873885322E-10,0.0,0.999999999
2,0.8196509344864361,0.5728632716850457,0.0,-0.5728632737186369,0.8196508614414961,0.0,1.0E-9
