id,x,y,z,vx,vy,vz,m
1,4.995751498820344E-12,1.6741313450295082E-13,0.0,9.983258668050788E-11,4.995763977411471E-12,0.0,0.999999999
2,0.9950042485061755,0.09983258686566449,0.0,-0.09983258658067527,0.9950042360275844,0.0,1.0E-9
