id,x,y,z,vx,vy,vz,m
1,1.431720842396556E-10,6.34229514349972E-9,0.0,5.22785125104342E-10,1.5090323676547146E-10,0.0,0.999999999
2,0.8568279159035453,0.527704862842566,0.0,-0.5227851245815502,0.8490967633854322,0.0,1.0E-9
