id,x,y,z,vx,vy,vz,m,t
1,-0.3105251214948629,0.11990698595563992,0.0,-0.2883139051299803,-0.146297482940123,0.0,0.6,2.060999999999884
2,0.46578768224229666,-0.17986047893346108,0.0,0.432470857694973,0.2194462244101832,0.0,0.4,2.060999999999884
