id,x,y,z,vx,vy,vz,m
1,1.9994716409363926E-9,2.9772345207087775E-9,0.0,8.538078568159405E-11,1.994901356861114E-9,0.0,0.999999999
2,-0.999471638936917,0.08376548226845469,0.0,-0.08538078559620972,-0.9949013548662121,0.0,1.0E-9
