id,x,y,z,vx,vy,vz,m
1,3.6228503032570756E-11,3.2707362598503112E-12,0.0,2.667292633848817E-10,3.622853639625285E-11,0.0,0.999999999
2,0.963771497003658,0.26672926374342043,0.0,-0.26672926311815237,0.9637714636399757,0.0,1.0E-9
