id,x,y,z,vx,vy,vz,m,t
2,0.5189732169766015,0.34017313434259555,0.0,-1.1029830627918296,-0.27610532599157694,0.0,1.0,3.709999999999965
3,0.5619541916041065,-0.34950277504326005,0.0,1.0889622696517844,-0.19110568167096856,0.0,1.0,3.709999999999965
1,-1.0809274085807108,0.00932964070066448,0.0,0.014020793140044622,0.46721100766254553,0.0,1.0,3.709999999999965
