id,x,y,z,vx,vy,vz,m
1,1.7006028376377951E-12,6.31358234022935E-9,0.0,1.2525151210082657E-10,1.0957673076865625E-11,0.0,0.999999999
2,0.9982993971640896,0.12641766608422075,0.0,-0.12525151197556803,0.9890423269340923,0.0,1.0E-9
