id,x,y,z,vx,vy,vz,m,t
2,0.5811260031686554,0.07420372943043244,0.0,-0.15199472383105808,0.2903351620038612,0.0,0.4,0.25000000000000006
1,-0.3874173354457703,-0.049469152953621615,0.0,0.10132981588737205,-0.19355677466924084,0.0,0.6,0.25000000000000006
