id,x,y,z,vx,vy,vz,m
1,5.743196403891614E-10,2.2587650782504517E-10,0.0,9.049816427384614E-10,5.737519643495958E-10,0.0,0.999999999
2,0.42568036018515765,0.9051234924008308,0.0,-0.9049816418334811,0.4262480362241547,0.0,1.0E-9
