id,x,y,z,vx,vy,vz,m
1,6.952295265413653E-10,3.0825022514208747E-10,0.0,9.52550805006689E-10,6.945636402941655E-10,0.0,0.999999999
2,0.3047704741538639,0.952749775166162,0.0,-0.9525508040541384,0.3054363604003966,0.0,1.0E-9
