id,x,y,z,vx,vy,vz,m,t
2,0.8364092204658462,-0.32587823377940894,0.0,0.7642583998356486,0.29663858279064836,0.0,1.0,1.8900000000000015
3,-1.0457850158891193,0.1440524224949845,0.0,0.2380338560731024,0.4645055137390047,0.0,1.0,1.8900000000000015
1,0.20937579542327073,0.1818258112844242,0.0,-1.0022922559087521,-0.7611440965296535,0.0,1.0,1.8900000000000015
