id,x,y,z,vx,vy,vz,m
1,1.6883297836490539E-9,1.6046026516625237E-9,0.0,7.253974248525918E-10,1.6883304362498913E-9,0.0,0.999999999
2,-0.6883297819607227,0.7253973499420784,0.0,-0.7253974241271934,-0.6883304345615606,0.0,1.0E-9
