id,x,y,z,vx,vy,vz,m,t
1,-0.33745403348055925,-0.10391192717235763,0.0,0.235434145479001,-0.1645722665217047,0.0,0.6,0.5500000000000004
2,0.5061810502208395,0.15586789075853633,0.0,-0.35315121821850165,0.246858399782557,0.0,0.4,0.5500000000000004
