id,x,y,z,vx,vy,vz,m,t
2,0.5691916477328001,0.09594712259776816,0.0,-0.18906961078725984,0.28430501670844244,0.0,0.4,3.00999999999998
1,-0.3794610984885341,-0.06396474839851152,0.0,0.12604640719150634,-0.18953667780562805,0.0,0.6,3.00999999999998
