id,x,y,z,vx,vy,vz,m
1,8.01642210130978E-10,3.9047161157510614E-10,0.0,9.802752843294066E-10,8.008760687031517E-10,0.0,0.999999999
2,0.19835779067066353,0.9805283888153649,0.0,-0.980275283349131,0.19912393209772225,0.0,1.0E-9
