id,x,y,z,vx,vy,vz,m,t
2,1.0220400090651978,0.18335797387634584,0.0,-0.31889832547814656,0.45824048406239093,0.0,1.0,3.0299999999999794
3,-0.12542704777503266,0.1135399522066398,0.0,0.9601462408970254,-0.8276414932598198,0.0,1.0,3.0299999999999794
1,-0.8966129612901678,-0.2968979260829859,0.0,-0.6412479154188796,0.36940100919742935,0.0,1.0,3.0299999999999794
