id,x,y,z,vx,vy,vz,m,t
2,-0.4159125987913875,0.30531283760448913,0.0,1.100525185374468,-0.47019075927449433,0.0,1.0,0.6400000000000003
3,-0.6606060090944517,-0.3580335552924807,0.0,-1.0193532285088684,0.0028822697834794513,0.0,1.0,0.6400000000000003
1,1.0765186078858382,0.052720717687991595,0.0,-0.0811719568656002,0.46730848949101467,0.0,1.0,0.6400000000000003
