id,x,y,z,vx,vy,vz,m
1,1.9803861540821177E-9,3.5370817792556822E-9,0.0,-1.9708252984925415E-10,1.9803873737095635E-9,0.0,0.999999999
2,-0.9803861521017295,-0.19708177571860078,0.0,0.19708252965217204,-0.9803873717291776,0.0,1.0E-9
