id,x,y,z,vx,vy,vz,m
1,1.946565254223794E-9,3.792509426952036E-9,0.0,-3.225103575328258E-10,1.946566474544592E-9,0.0,0.999999999
2,-0.9465652522772271,-0.3225094231595278,0.0,0.3225103572103159,-0.9465664725980274,0.0,1.0E-9
