id,x,y,z,vx,vy,vz,m,t
2,1.0641099569513701,-0.10107450881581534,0.0,0.1601310371894279,0.4668824507751556,0.0,1.0,2.4199999999999924
3,-0.7596716574381912,0.3482257790102365,0.0,0.895508829779433,0.18093661928289478,0.0,1.0,2.4199999999999924
1,-0.30443829951318135,-0.24715127019442157,0.0,-1.0556398669688616,-0.6478190700580503,0.0,1.0,2.4199999999999924
