id,x,y,z,vx,vy,vz,m,t
2,0.593424741454077,-0.03164859125198251,0.0,0.07435854675122967,0.2992991578320814,0.0,0.4,2.579999999999989
1,-0.39561649430271895,0.021099060834655483,0.0,-0.049572364500820004,-0.19953277188805393,0.0,0.6,2.579999999999989
