id,x,y,z,vx,vy,vz,m
1,1.2786829787592092E-9,5.390381750531519E-9,0.0,-9.603838922760633E-10,1.2786832654388255E-9,0.0,0.999999999
2,-0.2786829774805245,-0.9603817451411406,0.0,0.9603838913156799,-0.27868326416014605,0.0,1.0E-9
