id,x,y,z,vx,vy,vz,m
1,4.291254081683998E-10,6.141035401890861E-9,0.0,-8.210373136503366E-10,4.291239462829796E-10,0.0,0.999999999
2,0.5708745922607277,-0.821035395749831,0.0,0.8210373128292998,0.5708760541461405,0.0,1.0E-9
