id,x,y,z,vx,vy,vz,m,t
2,0.48734735275262286,-0.16228219261644905,0.0,0.389638494932833,0.23952656075068093,0.0,0.4,2.109999999999999
1,-0.32489823516841587,0.10818812841096635,0.0,-0.25975899662188884,-0.15968437383378695,0.0,0.6,2.109999999999999
