id,x,y,z,vx,vy,vz,m
1,4.175543287834568E-11,4.0500957943649325E-12,0.0,2.8594990386331003E-10,4.1755468655059224E-11,0.0,0.999999999
2,0.9582445671634101,0.2859499042096852,0.0,-0.28594990357736005,0.9582445313866963,0.0,1.0E-9
