id,x,y,z,vx,vy,vz,m
1,4.1026121166642354E-10,1.3224196770440698E-10,0.0,8.076818867726473E-10,4.098089894040829E-10,0.0,0.999999999
2,0.5897387887438379,0.8077580324278355,0.0,-0.8076818859649665,0.5901910110057248,0.0,1.0E-9
