id,x,y,z,vx,vy,vz,m
1,3.39458185908424E-10,6.209006357938853E-9,0.0,-7.519516960863765E-10,3.4603536645551327E-10,0.0,0.999999999
2,0.6605418144310542,-0.7590063517298548,0.0,0.7519516953344304,0.6539646338905206,0.0,1.0E-9
