id,x,y,z,vx,vy,vz,m,t
2,-0.8037220708993272,0.337043295420185,0.0,0.8238204739368185,0.25029044507423015,0.0,1.0,0.26000000000000006
3,-0.251136396733722,-0.21225204344294626,0.0,-1.0260348408473752,-0.716245838682765,0.0,1.0,0.26000000000000006
1,1.0548584676330486,-0.12479125197723874,0.0,0.2022143669105572,0.46595539360853483,0.0,1.0,0.26000000000000006
