id,x,y,z,vx,vy,vz,m
1,1.6125166269805436E-12,6.283261203597749E-9,0.0,5.6738930003724554E-11,1.610170959855043E-12,0.0,0.999999999
2,0.9983874833746345,0.056738802685502326,0.0,-0.05673892994698536,0.9983898290417518,0.0,1.0E-9
