id,x,y,z,vx,vy,vz,m
1,1.9987591102080944E-9,3.3367092062396474E-9,0.0,-9.324733248979182E-11,1.9939256720891926E-9,0.0,0.999999999
2,-0.9987591082093275,-0.0957092029029401,0.0,0.09324733239654803,-0.9939256700952646,0.0,1.0E-9
