id,x,y,z,vx,vy,vz,m
1,2.7449509281758715E-10,6.237210606251913E-9,0.0,-6.907163989040061E-10,2.8163601193086116E-10,0.0,0.999999999
2,0.7255049074569285,-0.6972106000147112,0.0,0.6907163982132959,0.7183639883507731,0.0,1.0E-9
