id,x,y,z,vx,vy,vz,m,t
1,-0.27646810398628047,-0.13427605588368463,0.0,0.3495055061250644,-0.1196150823575226,0.0,0.6,0.7600000000000006
2,0.4147021559794213,0.20141408382552684,0.0,-0.5242582591875963,0.1794226235362834,0.0,0.4,0.7600000000000006
