id,x,y,z,vx,vy,vz,m
1,5.279820763850082E-10,6.108487530865096E-9,0.0,-8.802889204694294E-10,5.329241622173427E-10,0.0,0.999999999
2,0.47201792414299243,-0.8884875247566156,0.0,0.8802889195891457,0.46707583831558097,0.0,1.0E-9
