id,x,y,z,vx,vy,vz,m
1,6.469711418201544E-10,2.7438763874509174E-10,0.0,9.356124023109511E-10,6.469712973230374E-10,0.0,0.999999999
2,0.3530288588268176,0.9356123615292958,0.0,-0.9356124013753384,0.3530287033239341,0.0,1.0E-9
