id,x,y,z,vx,vy,vz,m,t
2,-0.48224278218679356,0.32989402849556076,0.0,1.1075217005110953,-0.3475006366637015,0.0,1.0,0.5800000000000003
3,-0.5978352838527348,-0.3545781413632988,0.0,-1.0698619010184227,-0.1197394509138569,0.0,1.0,0.5800000000000003
1,1.0800780660395275,0.024684112867738035,0.0,-0.0376597994926732,0.4672400875775582,0.0,1.0,0.5800000000000003
