id,x,y,z,vx,vy,vz,m,t
2,-0.9504076705153381,0.2601153012770993,0.0,0.515995518121039,0.4184562221693804,0.0,1.0,0.04
3,-0.03733211430591302,-0.03454396504755424,0.0,-0.935009283260813,-0.8614351409137704,0.0,1.0,0.04
1,0.987739784821251,-0.22557133622954506,0.0,0.41901376513977395,0.4429789187443899,0.0,1.0,0.04
