id,x,y,z,vx,vy,vz,m,t
2,0.9882168190688594,-0.22519545216738474,0.0,0.4176780297701098,0.44318419947546145,0.0,1.0,2.149999999999998
3,-0.9497713705200326,0.26070953690526005,0.0,0.5175461871987689,0.4179771357827943,0.0,1.0,2.149999999999998
1,-0.03844544854882935,-0.03551408473787571,0.0,-0.9352242169688798,-0.8611613352582558,0.0,1.0,2.149999999999998
