id,x,y,z,vx,vy,vz,m
1,1.973212358363625E-9,2.6597899775054118E-9,0.0,2.4218831141740075E-10,1.9689868321170277E-9,0.0,0.999999999
2,-0.9732123563904099,0.24121002515437584,0.0,-0.24218831117520906,-0.9689868301480419,0.0,1.0E-9
