id,x,y,z,vx,vy,vz,m,t
2,1.077203221696504,0.04843905276507431,0.0,-0.07467599489828892,0.46731315818727026,0.0,1.0,2.7399999999999856
3,-0.4255881231831906,0.30944955225208065,0.0,1.1026345930076138,-0.4529507782151183,0.0,1.0,2.7399999999999856
1,-0.6516150985133159,-0.3578886050171552,0.0,-1.0279585981093255,-0.014362379972151722,0.0,1.0,2.7399999999999856
