id,x,y,z,vx,vy,vz,m
1,1.2081449612288547E-10,6.289478716853928E-9,0.0,-4.848989612402161E-10,1.2927177548324363E-10,0.0,0.999999999
2,0.8791855039979518,-0.48947871056445297,0.0,0.4848989607553243,0.8707282246460272,0.0,1.0E-9
