id,x,y,z,vx,vy,vz,m,t
1,-0.1779664034310226,-0.1511238135853518,0.0,0.5178253745649372,-0.009800580199580937,0.0,0.6,0.9900000000000008
2,0.2669496051465352,0.2266857203780274,0.0,-0.7767380618474049,0.014700870299370861,0.0,0.4,0.9900000000000008
