id,x,y,z,vx,vy,vz,m
1,3.500110906145413E-10,6.179941661360098E-9,0.0,-7.599434360766947E-10,3.5000945557648674E-10,0.0,0.999999999
2,0.6499889097354719,-0.7599416551801627,0.0,0.7599434353167517,0.6499905447735188,0.0,1.0E-9
