id,x,y,z,vx,vy,vz,m,t
1,-0.17639886681051817,0.1511084706995945,0.0,-0.5205918238259432,-0.0075623687071235575,0.0,0.6,1.7209999999999213
2,0.264598300215779,-0.2266627060493928,0.0,0.7808877357389168,0.011343553060684157,0.0,0.4,1.7209999999999213
