id,x,y,z,vx,vy,vz,m
1,1.4834039667599254E-9,5.102211034395815E-9,0.0,-8.7342855935736E-10,1.4808126878447414E-9,0.0,0.999999999
2,-0.483403965276508,-0.8812110292936118,0.0,0.8734285584839337,-0.48081268636393026,0.0,1.0E-9
