id,x,y,z,vx,vy,vz,m,t
1,0.017382695146852555,-0.08520601547052072,0.0,0.7838465416440257,0.7599299274532691,0.0,0.6,1.2809999999999697
2,-0.026074042720277517,0.12780902320578055,0.0,-1.1757698124660378,-1.1398948911799047,0.0,0.4,1.2809999999999697
