id,x,y,z,vx,vy,vz,m,t
1,-0.13169575353617494,0.14884864278811555,0.0,-0.5992922258503017,0.06988887224328465,0.0,0.6,1.64099999999993
2,0.1975436303042639,-0.22327296418217432,0.0,0.8989383387754538,-0.10483330836492813,0.0,0.4,1.64099999999993
