id,x,y,z,vx,vy,vz,m,t
1,-0.004860781195365499,0.10351235359849711,0.0,-0.7992561454739094,0.5624824323000868,0.0,0.6,1.46099999999995
2,0.007291171793049532,-0.15526853039774638,0.0,1.1988842182108645,-0.843723648450131,0.0,0.4,1.46099999999995
