id,x,y,z,vx,vy,vz,m,t
2,0.5225378031830494,-0.13716401859412972,0.0,0.3151737117049199,0.2616726787006852,0.0,0.4,2.209999999999997
1,-0.34835853545536694,0.09144267906275352,0.0,-0.2101158078032802,-0.17444845246712318,0.0,0.6,2.209999999999997
