id,x,y,z,vx,vy,vz,m
1,1.5682225091951371E-9,4.949873420327296E-9,0.0,-8.215461411207032E-10,1.5650858994951512E-9,0.0,0.999999999
2,-0.5682225076269014,-0.8288734153774265,0.0,0.8215461402991596,-0.5650858979300666,0.0,1.0E-9
