id,x,y,z,vx,vy,vz,m
1,1.3288528277393794E-10,6.339379452744033E-9,0.0,5.058614611433111E-10,1.4072158913421219E-10,0.0,0.999999999
2,0.8671147173589763,0.5106205535953374,0.0,-0.5058614606374431,0.8592784110065094,0.0,1.0E-9
