id,x,y,z,vx,vy,vz,m,t
1,-0.3250605179211867,-0.11194160010461335,0.0,0.26048432221882806,-0.15640458886098352,0.0,0.6,0.6000000000000004
2,0.48759077688178093,0.16791240015691994,0.0,-0.39072648332824206,0.234606883291475,0.0,0.4,0.6000000000000004
