id,x,y,z,vx,vy,vz,m
1,2.270447135246758E-11,6.3097532005083255E-9,0.0,-2.375003025586342E-10,3.1950160717602296E-11,0.0,0.999999999
2,0.9772955286702617,-0.23975319419857383,0.0,0.23750030232114097,0.9680498393143471,0.0,1.0E-9
