id,x,y,z,vx,vy,vz,m
1,5.635548235962021E-10,6.0864676015396396E-9,0.0,-8.981158302767834E-10,5.68190202193063E-10,0.0,0.999999999
2,0.436445176967371,-0.9064675954531778,0.0,0.8981158293786725,0.43180979837512684,0.0,1.0E-9
