id,x,y,z,vx,vy,vz,m
1,1.6085826849885664E-9,4.8706103295140045E-9,0.0,-7.925285538966326E-10,1.6051989194398866E-9,0.0,0.999999999
2,-0.608582683379971,-0.7996103246433968,0.0,0.7925285531041067,-0.6051989178346889,0.0,1.0E-9
