id,x,y,z,vx,vy,vz,m
1,2.2792693406770435E-10,6.255288519573275E-9,0.0,-6.392693441834175E-10,2.3547044293944665E-10,0.0,0.999999999
2,0.7720730661602441,-0.6452885133179955,0.0,0.6392693435441549,0.7645295572960223,0.0,1.0E-9
