id,x,y,z,vx,vy,vz,m
1,9.424568431786223E-10,5.768341576922548E-9,0.0,-9.98343844045956E-10,9.424564745476743E-10,0.0,0.999999999
2,0.05754315776383601,-0.9983415711542099,0.0,0.9983438430476125,0.05754352639477856,0.0,1.0E-9
