id,x,y,z,vx,vy,vz,m,t
2,-0.8118884280567618,0.33448025901625883,0.0,0.8094509575500961,0.26231683571100234,0.0,1.0,0.25000000000000006
3,-0.24090529104461433,-0.20503088696442037,0.0,-1.0201862969741613,-0.727985457022412,0.0,1.0,0.25000000000000006
1,1.0527937191013754,-0.12944937205183846,0.0,0.21073533942406572,0.4656686213114096,0.0,1.0,0.25000000000000006
