id,x,y,z,vx,vy,vz,m,t
2,0.46254355818181575,-0.176156422281937,0.0,0.43761362754433286,0.2224121189992434,0.0,0.4,2.0500000000000003
1,-0.30836237212121115,0.11743761485462498,0.0,-0.2917424183628888,-0.14827474599949528,0.0,0.6,2.0500000000000003
