id,x,y,z,vx,vy,vz,m
1,1.9177648002906664E-9,3.9471219018149464E-9,0.0,-3.971229472381233E-10,1.917766007021079E-9,0.0,0.999999999
2,-0.9177647983728999,-0.39712189786782487,0.0,0.39712294684100086,-0.9177660051033153,0.0,1.0E-9
