id,x,y,z,vx,vy,vz,m,t
2,0.3927530313226223,-0.2036756213593407,0.0,0.5629902454480207,0.16625024871866423,0.0,0.4,1.9100000000000015
1,-0.2618353542150821,0.13578374757289402,0.0,-0.3753268302986806,-0.11083349914577574,0.0,0.6,1.9100000000000015
