id,x,y,z,vx,vy,vz,m
1,1.5500467169848389E-9,4.965132404009643E-9,0.0,-8.351342554247509E-10,1.55004747042119E-9,0.0,0.999999999
2,-0.5500467154347906,-0.835132399044514,0.0,0.8351342545896169,-0.550047468871146,0.0,1.0E-9
