id,x,y,z,vx,vy,vz,m
1,9.104039321405973E-11,1.3084311249151764E-11,0.0,4.1691164093917914E-10,9.083086767967578E-11,0.0,0.999999999
2,0.908959606876981,0.4169156887639325,0.0,-0.41691164052226776,0.9091691324111557,0.0,1.0E-9
