id,x,y,z,vx,vy,vz,m
1,2.7900441415407045E-11,6.285438056823552E-9,0.0,2.345624955653638E-10,2.7898179935991638E-11,0.0,0.999999999
2,0.9720995586124958,0.23456194946187597,0.0,-0.234562495330801,0.9721018200919034,0.0,1.0E-9
