id,x,y,z,vx,vy,vz,m
1,9.339851334759047E-12,6.283657315371721E-9,0.0,1.3634300567382972E-10,9.33753382805626E-12,0.0,0.999999999
2,0.9906601486745832,0.1363426909119258,0.0,-0.13634300553748643,0.9906624661812781,0.0,1.0E-9
