id,x,y,z,vx,vy,vz,m,t
1,-0.39799791161595344,-0.019966568790242754,0.0,0.040083615689364194,-0.198995183619094,0.0,0.6,0.10000000000000007
2,0.59699686742393,0.029949853185364115,0.0,-0.060125423534046284,0.298492775428641,0.0,0.4,0.10000000000000007
