id,x,y,z,vx,vy,vz,m,t
2,1.0534726538060863,0.12782290922604,0.0,-0.207948287309916,0.46579264167779505,0.0,1.0,2.909999999999982
3,-0.2441311325703287,0.2073746039522431,0.0,1.0219581928655281,-0.7244415512437447,0.0,1.0,2.909999999999982
1,-0.8093415212357599,-0.3351975131782834,0.0,-0.8140099055556129,0.25864890956595005,0.0,1.0,2.909999999999982
