id,x,y,z,vx,vy,vz,m
1,9.093160584268965E-10,4.841203967846409E-10,0.0,9.95879677084996E-10,9.093162780905974E-10,0.0,0.999999999
2,0.09068394248242045,0.9958796036994796,0.0,-0.9958796760891163,0.09068372281871889,0.0,1.0E-9
