id,x,y,z,vx,vy,vz,m
1,1.2659490356981651E-9,8.76013134341581E-10,0.0,9.639869779009236E-10,1.2659493930971883E-9,0.0,0.999999999
2,-0.2659490344322151,0.9639868665344319,0.0,-0.963986976936936,-0.2659493918312386,0.0,1.0E-9
