id,x,y,z,vx,vy,vz,m,t
1,-0.308492417960841,-0.12098777215808532,0.0,0.2920917802588332,-0.14477001200832273,0.0,0.6,0.6600000000000005
2,0.46273862694126233,0.18148165823712803,0.0,-0.4381376703882494,0.21715501801248377,0.0,0.4,0.6600000000000005
