id,x,y,z,vx,vy,vz,m,t
1,-0.38936100371206384,-0.04558814078566709,0.0,0.09303211562535416,-0.19457222691627704,0.0,0.6,0.23000000000000018
2,0.5840415055680954,0.0683822111785006,0.0,-0.1395481734380312,0.29185834037441544,0.0,0.4,0.23000000000000018
