id,x,y,z,vx,vy,vz,m,t
2,0.4300210886029533,0.1958350990182228,0.0,-0.49735089349150635,0.19208281853607406,0.0,0.4,0.7300000000000004
1,-0.2866807257353021,-0.13055673267881523,0.0,0.3315672623276708,-0.12805521235738268,0.0,0.6,0.7300000000000004
