id,x,y,z,vx,vy,vz,m,t
2,-0.05117522657312977,-0.09793605932020688,0.0,1.0740635200246702,-1.4565575511276567,0.0,0.4,1.410000000000001
1,0.03411681771541965,0.06529070621347122,0.0,-0.716042346683114,0.9710383674184382,0.0,0.6,1.410000000000001
