id,x,y,z,vx,vy,vz,m
1,9.086311735408726E-11,6.328638497925361E-9,0.0,4.273460555204652E-10,9.913316615143271E-11,0.0,0.999999999
2,0.9091368827368046,0.4313615084032709,0.0,-0.42734605509311246,0.9008668339477004,0.0,1.0E-9
