id,x,y,z,vx,vy,vz,m
1,-4.046941787558342E-12,6.31311231954808E-9,0.0,6.627721942092618E-11,5.293821817999157E-12,0.0,0.999999999
2,1.0040469417835374,0.06688768676502146,0.0,-0.06627721935464191,0.9947061781872945,0.0,1.0E-9
