id,x,y,z,vx,vy,vz,m,t
2,0.9971734860628466,0.21510736706690772,0.0,-0.3927932121159938,0.44791849880636186,0.0,1.0,3.099999999999978
3,-0.059045095035526546,0.054468211518771965,0.0,0.938757354875508,-0.8566124013023708,0.0,1.0,3.099999999999978
1,-0.9381283910273227,-0.26957557858567993,0.0,-0.5459641427595151,0.4086939024960094,0.0,1.0,3.099999999999978
