id,x,y,z,vx,vy,vz,m
1,1.105523263313205E-9,5.6210558158767665E-9,0.0,-9.910921738609903E-10,1.1056771913210678E-9,0.0,0.999999999
2,-0.10552326220766614,-1.0000558102557136,0.0,0.991092172869901,-0.10567719021539194,0.0,1.0E-9
