id,x,y,z,vx,vy,vz,m
1,1.4799505447622012E-9,1.1923452771445965E-9,0.0,8.781782197429245E-10,1.478006750087745E-9,0.0,0.999999999
2,-0.47995054328224884,0.8786547240477476,0.0,-0.8781782188647458,-0.47800674860974046,0.0,1.0E-9
