id,x,y,z,vx,vy,vz,m
1,1.7904653979963743E-9,1.865452626885708E-9,0.0,6.154265105458812E-10,1.7874034355374773E-9,0.0,0.999999999
2,-0.790465396205906,0.6155473749797439,0.0,-0.6154265099304526,-0.7874034337500742,0.0,1.0E-9
