id,x,y,z,vx,vy,vz,m
1,6.044011433353163E-12,2.186892877735604E-13,0.0,1.097812928001607E-10,5.98911959947066E-12,0.0,0.999999999
2,0.9939559885726913,0.10978131071244517,0.0,-0.10978129269037941,0.994010880406519,0.0,1.0E-9
