id,x,y,z,vx,vy,vz,m
1,6.174058924796819E-11,6.275927940488428E-9,0.0,-3.459287544955662E-10,6.173833483755327E-11,0.0,0.999999999
2,0.938259410813775,-0.34592793421250667,0.0,0.3459287541496377,0.9382616652241813,0.0,1.0E-9
