id,x,y,z,vx,vy,vz,m,t
2,0.593072760540323,-0.3541238135356966,0.0,1.0726490919673828,-0.12926236643583366,0.0,1.0,1.6300000000000012
3,-1.0802319040323562,0.022685036737726188,0.0,0.03454909418518787,0.4672602250471509,0.0,1.0,1.6300000000000012
1,0.4871591434920313,0.33143877679797035,0.0,-1.1071981861525715,-0.3379978586113177,0.0,1.0,1.6300000000000012
