id,x,y,z,vx,vy,vz,m
1,5.29621606312552E-10,1.9831019326273426E-10,0.0,8.825673915251997E-10,5.290869506004967E-10,0.0,0.999999999
2,0.4703783942170693,0.8826898069355759,0.0,-0.8825673906426336,0.4709130499285887,0.0,1.0E-9
