id,x,y,z,vx,vy,vz,m,t
2,0.7436972492826418,-0.35120373848877856,0.0,0.9189565938357491,0.1539882835626117,0.0,1.0,1.7800000000000014
3,-1.0668100391179236,0.09277762334894578,0.0,0.14615664170112763,0.46709518410960466,0.0,1.0,1.7800000000000014
1,0.3231127898352797,0.2584261151398326,0.0,-1.0651132355368778,-0.6210834676722169,0.0,1.0,1.7800000000000014
