id,x,y,z,vx,vy,vz,m,t
1,-0.38182779344572454,-0.059075922768881683,0.0,0.12231965453003334,-0.1905933842161994,0.0,0.6,0.3000000000000002
2,0.5727416901685868,0.08861388415332247,0.0,-0.1834794817950499,0.2858900763242988,0.0,0.4,0.3000000000000002
