id,x,y,z,vx,vy,vz,m
1,1.5349211533359787E-9,5.0118178949379064E-9,0.0,-8.433024576512512E-10,1.5319946862017665E-9,0.0,0.999999999
2,-0.5349211518010447,-0.8508178899260941,0.0,0.8433024568079514,-0.5319946846697732,0.0,1.0E-9
