id,x,y,z,vx,vy,vz,m,t
1,-0.020743891850289797,0.11365979682190634,0.0,-0.7871384426692486,0.45637024040140567,0.0,0.6,1.4809999999999477
2,0.031115837775435997,-0.17048969523286026,0.0,1.1807076640038736,-0.6845553606021094,0.0,0.4,1.4809999999999477
