id,x,y,z,vx,vy,vz,m
1,7.907502225974093E-10,3.8213787139358365E-10,0.0,9.77862187287217E-10,7.907504103240177E-10,0.0,0.999999999
2,0.20924977819334184,0.9778621289885541,0.0,-0.9778621863093545,0.20924959046673294,0.0,1.0E-9
