id,x,y,z,vx,vy,vz,m
1,9.562363855869423E-10,5.775807970719635E-9,0.0,-9.957288039262898E-10,9.575774719386835E-10,0.0,0.999999999
2,0.04376361536931081,-1.004807964943831,0.0,0.9957288029305652,0.042422529018893214,0.0,1.0E-9
