id,x,y,z,vx,vy,vz,m
1,2.482196187562812E-10,6.049451285145985E-11,0.0,6.594764098549682E-10,2.478764391664328E-10,0.0,0.999999999
2,0.7517803814919385,0.6595054872090345,0.0,-0.6594764091954918,0.7521235610814434,0.0,1.0E-9
