id,x,y,z,vx,vy,vz,m
1,9.164516908077316E-10,5.8133215114731E-9,0.0,-9.932454428156418E-10,9.181164447632071E-10,0.0,0.999999999
2,0.08354831010873705,-1.0023215056597823,0.0,0.9932454418224009,0.08188355615490896,0.0,1.0E-9
