id,x,y,z,vx,vy,vz,m
1,4.4996842652018767E-13,4.277329066045563E-15,0.0,2.999572257639746E-11,4.349705635125204E-13,0.0,0.999999999
2,0.9995500315739299,0.029995722670938238,0.0,-0.029995722546401746,0.9995650294369226,0.0,1.0E-9
