id,x,y,z,vx,vy,vz,m,t
2,0.7636446157141227,0.34722473494408657,0.0,-0.8895128844522564,0.18752595893763208,0.0,1.0,3.46999999999997
3,0.299777962480271,-0.24441821448679157,0.0,1.0530560679868446,-0.6544022654284548,0.0,1.0,3.46999999999997
1,-1.0634225781943967,-0.10280652045729506,0.0,-0.16354318353458877,0.46687630649082296,0.0,1.0,3.46999999999997
