id,x,y,z,vx,vy,vz,m
1,2.029687845117439E-10,6.264208405692463E-9,0.0,-6.084749418996347E-10,2.1072713687660973E-10,0.0,0.999999999
2,0.7970312156912466,-0.6142083994282626,0.0,0.6084749412911662,0.7892728633341157,0.0,1.0E-9
