id,x,y,z,vx,vy,vz,m
1,6.016566311732977E-10,2.4349788278697596E-10,0.0,9.17347892549986E-10,6.010679761125245E-10,0.0,0.999999999
2,0.39834336942835863,0.9175021174565213,0.0,-0.9173478916326389,0.398932024488542,0.0,1.0E-9
