id,x,y,z,vx,vy,vz,m,t
1,-0.28232252446609124,0.13214357612762126,0.0,-0.3392746172679975,-0.1245629491897354,0.0,0.6,1.9709999999998937
2,0.42348378669913894,-0.198215364191433,0.0,0.508911925901999,0.1868444237846019,0.0,0.4,1.9709999999998937
