id,x,y,z,vx,vy,vz,m,t
2,-0.9398300605883214,0.26840169937188235,0.0,0.5418428389301827,0.41005359026366917,0.0,1.0,0.060000000000000005
3,-0.05606299606393741,-0.0517333807636431,0.0,-0.9382368454880746,-0.8572971203377535,0.0,1.0,0.060000000000000005
1,0.9958930566522586,-0.21666831860823924,0.0,0.39639400655789203,0.44724353007408424,0.0,1.0,0.060000000000000005
