id,x,y,z,vx,vy,vz,m,t
2,0.08903194925082861,-0.19560391306317154,0.0,1.1029127396689085,-0.40210458840170266,0.0,0.4,1.5300000000000011
1,-0.05935463283388602,0.13040260870878106,0.0,-0.7352751597792729,0.26806972560113557,0.0,0.6,1.5300000000000011
