id,x,y,z,vx,vy,vz,m
1,3.894391635426215E-11,3.646598696460606E-12,0.0,2.7635340095339626E-10,3.8943950925806044E-11,0.0,0.999999999
2,0.9610560836846821,0.276353401307186,0.0,-0.2763534006770428,0.9610560491131379,0.0,1.0E-9
