id,x,y,z,vx,vy,vz,m
1,3.4631655965551316E-12,6.283133601639362E-9,0.0,-8.313379738026208E-11,3.460806807683164E-12,0.0,0.999999999
2,0.9965368344069105,-0.08313359535623638,0.0,0.08313379729712854,0.9965391931957741,0.0,1.0E-9
