id,x,y,z,vx,vy,vz,m,t
2,0.957129418410482,0.2544347239050549,0.0,-0.4992451403605437,0.4235130103315468,0.0,1.0,3.189999999999976
3,0.025011019280466465,-0.023179460866899877,0.0,0.9334679968569239,-0.8633798136733561,0.0,1.0,3.189999999999976
1,-0.982140437690951,-0.23125526303815525,0.0,-0.4342228564963811,0.4398668033418098,0.0,1.0,3.189999999999976
