id,x,y,z,vx,vy,vz,m
1,1.0842993584190055E-10,1.7117219859070052E-11,0.0,4.528827806367142E-10,1.084299928441347E-10,0.0,0.999999999
2,0.8915700642665296,0.4528827801580473,0.0,-0.4528827801838313,0.8915700072642955,0.0,1.0E-9
