id,x,y,z,vx,vy,vz,m
1,9.025800980433777E-10,5.805241911901789E-9,0.0,-9.952441769832988E-10,9.025796476494229E-10,0.0,0.999999999
2,0.09741990285920402,-0.9952419060965502,0.0,0.9952441759880548,0.09742035325315306,0.0,1.0E-9
