id,x,y,z,vx,vy,vz,m
1,7.047701232131041E-10,3.152434978424959E-10,0.0,9.555527941303761E-10,7.040958311383931E-10,0.0,0.999999999
2,0.29522987749166557,0.9557565024727469,0.0,-0.9555527931748236,0.2959041695657012,0.0,1.0E-9
