id,x,y,z,vx,vy,vz,m
1,1.0989942491381208E-10,6.2657607194333895E-9,0.0,-4.5576179099184895E-10,1.0989726991839578E-10,0.0,0.999999999
2,0.8901005751960898,-0.4557607131676369,0.0,0.45576179053608745,0.8901027301914977,0.0,1.0E-9
