id,x,y,z,vx,vy,vz,m,t
2,0.3815523976820874,0.2113166828356237,0.0,-0.5813992289882547,0.14975199376394074,0.0,0.4,0.8200000000000005
1,-0.25436826512139155,-0.1408777885570825,0.0,0.3875994859921697,-0.09983466250929378,0.0,0.6,0.8200000000000005
