id,x,y,z,vx,vy,vz,m
1,4.183104576143328E-10,1.3658915082240773E-10,0.0,8.134108668032033E-10,4.183105716977252E-10,0.0,0.999999999
2,0.5816895428039782,0.8134108493141815,0.0,-0.813410865989792,0.5816894287205854,0.0,1.0E-9
