id,x,y,z,vx,vy,vz,m,t
1,-0.3919663660885836,-0.039730218148693576,0.0,0.08067567488649034,-0.19592175132276227,0.0,0.6,0.20000000000000015
2,0.5879495491328753,0.059595327223040305,0.0,-0.12101351232973549,0.29388262698414336,0.0,0.4,0.20000000000000015
