id,x,y,z,vx,vy,vz,m,t
2,1.0486620651757343,-0.13836337215714958,0.0,0.2270833010025641,0.4649819516778558,0.0,1.0,2.339999999999994
3,-0.8268318106876807,0.3294370133292165,0.0,0.7822810347511162,0.28360472295821687,0.0,1.0,2.339999999999994
1,-0.2218302544880561,-0.19107364117206727,0.0,-1.009364335753681,-0.7485866746360725,0.0,1.0,2.339999999999994
