id,x,y,z,vx,vy,vz,m
1,1.9164753533313865E-9,2.3299102988619483E-9,0.0,4.0008958938790955E-10,1.916476293041717E-9,0.0,0.999999999
2,-0.91647535141491,0.4000897034679611,0.0,-0.40008958898781943,-0.9164762911252415,0.0,1.0E-9
