id,x,y,z,vx,vy,vz,m
1,1.8597990110372231E-9,4.209819371783623E-9,0.0,-5.13847239474882E-10,1.8551369480012553E-9,0.0,0.999999999
2,-0.8597990091774139,-0.5188193675738048,0.0,0.5138472389610376,-0.8551369461461195,0.0,1.0E-9
