id,x,y,z,vx,vy,vz,m,t
2,0.5975533560131724,0.016443492310067826,0.0,-0.02257802964900276,0.30054828002347433,0.0,0.4,2.7399999999999856
1,-0.3983689040087825,-0.010962328206711357,0.0,0.015052019766001613,-0.20036552001564928,0.0,0.6,2.7399999999999856
