id,x,y,z,vx,vy,vz,m
1,1.3916476152199859E-9,5.230113870927406E-9,0.0,-9.201159136453113E-10,1.3916481046334246E-9,0.0,0.999999999
2,-0.39164761382833657,-0.9201138656972953,0.0,0.9201159127251958,-0.3916481032417802,0.0,1.0E-9
