id,x,y,z,vx,vy,vz,m
1,1.446116247436611E-9,5.144973589854628E-9,0.0,-8.949755740259304E-10,1.4461168305742632E-9,0.0,0.999999999
2,-0.4461162459904931,-0.8949735847096583,0.0,0.8949755731309552,-0.4461168291281499,0.0,1.0E-9
