id,x,y,z,vx,vy,vz,m,t
1,-0.23832642554104685,-0.14456544859862172,0.0,0.4149043236047067,-0.08399878933484894,0.0,0.6,0.8600000000000007
2,0.3574896383115714,0.21684817289793237,0.0,-0.6223564854070593,0.12599818400227292,0.0,0.4,0.8600000000000007
