id,x,y,z,vx,vy,vz,m,t
2,0.6863024043072948,-0.35744345564372976,0.0,0.9922319421739891,0.05129163879081555,0.0,1.0,1.7200000000000013
3,-1.0741895106299755,0.06474274121548226,0.0,0.1001985039823809,0.46732996890768846,0.0,1.0,1.7200000000000013
1,0.38788710632267837,0.29270071442824735,0.0,-1.092430446156371,-0.5186216076985045,0.0,1.0,1.7200000000000013
