id,x,y,z,vx,vy,vz,m,t
2,0.430476563925564,0.3112779283884108,0.0,-1.1036512735259048,-0.44403534756255164,0.0,1.0,3.789999999999963
3,0.6470366144544167,-0.35798727369393957,0.0,1.0320789696172141,-0.023254033343041172,0.0,1.0,3.789999999999963
1,-1.0775131783799836,0.046709345305528775,0.0,0.07157230390869021,0.4672893809055928,0.0,1.0,3.789999999999963
