id,x,y,z,vx,vy,vz,m
1,2.89117606871196E-10,7.658002444341106E-11,0.0,7.033809203466891E-10,2.887461154849893E-10,0.0,0.999999999
2,0.7108823934179218,0.7034199756331694,0.0,-0.7033809196433086,0.7112538848037563,0.0,1.0E-9
