id,x,y,z,vx,vy,vz,m,t
2,0.9305638411654008,0.27510444967881237,0.0,-0.5639935775510743,0.4022272306548865,0.0,1.0,3.239999999999975
3,0.07186138706901844,-0.0661219496566418,0.0,0.9418057008104596,-0.8526421282342052,0.0,1.0,3.239999999999975
1,-1.002425228234422,-0.20898250002217078,0.0,-0.377812123259386,0.45041489757931885,0.0,1.0,3.239999999999975
