id,x,y,z,vx,vy,vz,m
1,1.8259551628061642E-9,1.973770729177708E-9,0.0,5.672152267805848E-10,1.8227179373592745E-9,0.0,0.999999999
2,-0.8259551609802063,0.5672292727960602,0.0,-0.5672152262133665,-0.822717935536557,0.0,1.0E-9
