id,x,y,z,vx,vy,vz,m,t
2,0.7706630407381083,-0.34590153199046225,0.0,0.8784708776175496,0.19882831851673535,0.0,1.0,1.8100000000000014
3,-1.0620677973924504,0.10678586561728928,0.0,0.17010073154640026,0.4667586331184589,0.0,1.0,1.8100000000000014
1,0.29140475665433985,0.23911566637317275,0.0,-1.048571609163951,-0.6655869516351948,0.0,1.0,1.8100000000000014
