id,x,y,z,vx,vy,vz,m
1,2.3724129367313677E-10,6.226680789189949E-9,0.0,-6.466823048854175E-10,2.3723941224321534E-10,0.0,0.999999999
2,0.7627587065641067,-0.6466807829632755,0.0,0.6466823042387356,0.7627605879940204,0.0,1.0E-9
