id,x,y,z,vx,vy,vz,m
1,5.01785664693057E-10,6.124084643923574E-9,0.0,-8.660101229094307E-10,5.0695414289668E-10,0.0,0.999999999
2,0.4982143358087474,-0.8740846377994956,0.0,0.8660101220434254,0.4930458576102736,0.0,1.0E-9
