id,x,y,z,vx,vy,vz,m
1,5.956546442709539E-11,6.321984954478086E-9,0.0,3.5468603333957984E-10,6.816525214948447E-11,0.0,0.999999999
2,0.9404345356324985,0.35801505184389093,0.0,-0.354686032984887,0.931834747918681,0.0,1.0E-9
