id,x,y,z,vx,vy,vz,m,t
1,-0.15483359937414234,0.15074821563348234,0.0,-0.5582114722014909,0.026800258156602662,0.0,0.6,1.6809999999999257
2,0.2322503990612152,-0.22612232345022448,0.0,0.8373172083022384,-0.04020038723490516,0.0,0.4,1.6809999999999257
