id,x,y,z,vx,vy,vz,m,t
2,1.0809965879751495,0.006385914888048866,0.0,-0.009919213930745224,0.46721091433709805,0.0,1.0,2.6499999999999875
3,-0.525104994895422,0.3418441677696545,0.0,1.1015083188820833,-0.2641191857721854,0.0,1.0,2.6499999999999875
1,-0.5558915930797297,-0.3482300826577035,0.0,-1.0915891049513384,-0.2030917285649125,0.0,1.0,2.6499999999999875
