id,x,y,z,vx,vy,vz,m
1,2.002809154344186E-9,3.0970433775123156E-9,0.0,2.583984866578452E-11,1.998134479236343E-9,0.0,0.999999999
2,-1.002809152341371,0.023956625584724632,0.0,-0.025839848639941106,-0.9981344772382068,0.0,1.0E-9
