id,x,y,z,vx,vy,vz,m,t
1,0.0546757064825892,-0.02213365849656866,0.0,0.30012964213038684,1.3415608899931712,0.0,0.6,1.340999999999963
2,-0.08201355972388247,0.03320048774485236,0.0,-0.4501944631955806,-2.0123413349897574,0.0,0.4,1.340999999999963
