id,x,y,z,vx,vy,vz,m
1,3.319711957063282E-10,6.212429548550442E-9,0.0,-7.454342224089642E-10,3.3861341463473006E-10,0.0,0.999999999
2,0.6680288046256632,-0.752429542338021,0.0,0.7454342216635356,0.6613865857038815,0.0,1.0E-9
