id,x,y,z,vx,vy,vz,m
1,1.135204727658708E-9,5.587443472573995E-9,0.0,-9.875262798309336E-10,1.135128367172753E-9,0.0,0.999999999
2,-0.13520472652348822,-0.996443466986556,0.0,0.9875262788434107,-0.1351283660376262,0.0,1.0E-9
