id,x,y,z,vx,vy,vz,m
1,8.383200528002799E-10,5.882786967991468E-9,0.0,-9.83760085820258E-10,8.40628202598899E-10,0.0,0.999999999
2,0.16167994803805782,-0.9927869621086837,0.0,0.9837600848365021,0.15937179824172867,0.0,1.0E-9
