id,x,y,z,vx,vy,vz,m
1,1.2242685430505632E-10,2.0514314420035256E-11,0.0,4.794784107894975E-10,1.221848610663653E-10,0.0,0.999999999
2,0.8775731458173707,0.47948568560047905,0.0,-0.47947841031001937,0.87781513905582,0.0,1.0E-9
