id,x,y,z,vx,vy,vz,m,t
1,-0.3076149484016547,0.12135944616053533,0.0,-0.29372993760346117,-0.1441834736194146,0.0,0.6,2.050999999999885
2,0.4614224226024844,-0.18203916924080418,0.0,0.4405949064051943,0.2162752104291206,0.0,0.4,2.050999999999885
