id,x,y,z,vx,vy,vz,m
1,1.7994777424981044E-12,3.5099042024127657E-14,0.0,5.996489939321538E-11,1.7694952361427076E-12,0.0,0.999999999
2,0.9982005222593018,0.05996490095801099,0.0,-0.059964899333250485,0.998230504765627,0.0,1.0E-9
