id,x,y,z,vx,vy,vz,m
1,1.9913502634936615E-9,2.8787627220276056E-9,0.0,1.3123692320136256E-10,1.991351375335553E-9,0.0,0.999999999
2,-0.9913502615023096,0.1312372808511563,0.0,-0.1312369230701252,-0.9913513733442019,0.0,1.0E-9
