id,x,y,z,vx,vy,vz,m,t
1,0.018994445599462794,0.08360711676892452,0.0,-0.7802504369687453,0.7772489305827013,0.0,0.6,1.4309999999999532
2,-0.02849166839919292,-0.1254106751533874,0.0,1.1703756554531184,-1.1658733958740528,0.0,0.4,1.4309999999999532
