id,x,y,z,vx,vy,vz,m
1,5.833905972816369E-10,2.3165931312336317E-10,0.0,9.091947703383055E-10,5.828160304629747E-10,0.0,0.999999999
2,0.416609403301753,0.9093406871082956,0.0,-0.9091947694291118,0.4171839701198399,0.0,1.0E-9
