id,x,y,z,vx,vy,vz,m,t
1,-0.3635199622458419,0.08186551118751896,0.0,-0.175897813801253,-0.18045760168983815,0.0,0.6,2.2909999999998587
2,0.5452799433687672,-0.12279826678127986,0.0,0.2638467207018812,0.2706864025347556,0.0,0.4,2.2909999999998587
