id,x,y,z,vx,vy,vz,m
1,3.7018060606192336E-11,6.318020469637124E-9,0.0,2.892676578292207E-10,4.586183841360671E-11,0.0,0.999999999
2,0.9629819394308536,0.29197953668088844,0.0,-0.2892676575399462,0.9541381616322555,0.0,1.0E-9
