id,x,y,z,vx,vy,vz,m
1,8.287781379135002E-11,1.1393815677186483E-11,0.0,3.9860618435772077E-10,8.287786381390799E-11,0.0,0.999999999
2,0.917122186291528,0.3986061843342074,0.0,-0.39860618395911457,0.9171221362689701,0.0,1.0E-9
