id,x,y,z,vx,vy,vz,m,t
1,-0.35275372776765196,-0.09204704461075734,0.0,0.20198756116952213,-0.17408075574980705,0.0,0.6,0.48000000000000037
2,0.5291305916514784,0.1380705669161359,0.0,-0.3029813417542832,0.26112113362471057,0.0,0.4,0.48000000000000037
