id,x,y,z,vx,vy,vz,m
1,1.6071108520398401E-9,4.8546156252622326E-9,0.0,-7.946173909263925E-10,1.6071116934782526E-9,0.0,0.999999999
2,-0.6071108504327276,-0.7946156204076192,0.0,0.7946173901317756,-0.6071116918711442,0.0,1.0E-9
