id,x,y,z,vx,vy,vz,m,t
2,0.6249326691494561,-0.3570536309874765,0.0,1.05058372226927,-0.06636296073410215,0.0,1.0,1.6600000000000013
3,-1.0788721893498474,0.03670337075268386,0.0,0.056130588805869706,0.46729624857500685,0.0,1.0,1.6600000000000013
1,0.45393952020038936,0.32035026023479257,0.0,-1.1067143110751405,-0.4009332878409051,0.0,1.0,1.6600000000000013
