id,x,y,z,vx,vy,vz,m,t
2,-0.21495026979031773,0.1859872025827351,0.0,1.0053848878581368,-0.7557401814866898,0.0,1.0,0.8300000000000005
3,-0.8321687235585342,-0.32737581237208513,0.0,-0.7723617988902103,0.2910053817588977,0.0,1.0,0.8300000000000005
1,1.0471189933488514,0.14138860978935014,0.0,-0.23302308896792742,0.464734799727792,0.0,1.0,0.8300000000000005
