id,x,y,z,vx,vy,vz,m,t
2,0.745584413000686,0.35067579765629603,0.0,-0.9163940576908388,0.15733153641038947,0.0,1.0,3.4899999999999696
3,0.320949499157487,-0.2572089800422262,0.0,1.0640241782825581,-0.6244150256237956,0.0,1.0,3.4899999999999696
1,-1.0665339121581758,-0.09346681761406996,0.0,-0.14763012059171998,0.46708348921340637,0.0,1.0,3.4899999999999696
