id,x,y,z,vx,vy,vz,m,t
1,-0.09371859166442569,0.14214968164942815,0.0,-0.6680429888300593,0.15965271540417378,0.0,0.6,1.5809999999999367
2,0.14057788749663994,-0.2132245224741431,0.0,1.0020644832450902,-0.23947907310626182,0.0,0.4,1.5809999999999367
