id,x,y,z,vx,vy,vz,m
1,1.940789114732567E-9,2.444864109722516E-9,0.0,3.4674547618721534E-10,1.9368438487973105E-9,0.0,0.999999999
2,-0.9407891127917766,0.346135892722346,0.0,-0.3467454758404668,-0.9368438468604675,0.0,1.0E-9
