id,x,y,z,vx,vy,vz,m
1,9.125371619080137E-10,5.79616633000356E-9,0.0,-9.961685959439042E-10,9.125367319963092E-10,0.0,0.999999999
2,0.08746283900452506,-0.996166324207397,0.0,0.9961685949477359,0.0874632689162238,0.0,1.0E-9
