id,x,y,z,vx,vy,vz,m,t
1,-0.22859120059579058,0.14633265149209496,0.0,-0.4314529388400536,-0.07377455106967887,0.0,0.6,1.8309999999999091
2,0.3428868008936881,-0.21949897723814346,0.0,0.6471794082600828,0.11066182660451716,0.0,0.4,1.8309999999999091
