id,x,y,z,vx,vy,vz,m,t
2,1.079608454196133,0.029747526142111937,0.0,-0.045665249887409526,0.4672609659257583,0.0,1.0,2.6999999999999864
3,-0.4698184972833501,0.32594707035392106,0.0,1.1076201102297618,-0.37119322834337404,0.0,1.0,2.6999999999999864
1,-0.6097899569127853,-0.35569459649603324,0.0,-1.0619548603423528,-0.09606773758238407,0.0,1.0,2.6999999999999864
