id,x,y,z,vx,vy,vz,m,t
2,0.1898559418283938,-0.2195611435484074,0.0,0.9183564139998548,-0.11420336107408857,0.0,0.4,1.6300000000000012
1,-0.1265706278855962,0.14637409569893836,0.0,-0.6122376093332369,0.07613557404939278,0.0,0.6,1.6300000000000012
