id,x,y,z,vx,vy,vz,m
1,1.871954883372739E-9,2.140414850951944E-9,0.0,4.895851013374975E-10,1.8719557524394418E-9,0.0,0.999999999
2,-0.8719548815007828,0.48958515118847035,0.0,-0.4895851008479119,-0.8719557505674863,0.0,1.0E-9
