id,x,y,z,vx,vy,vz,m,t
2,0.42983864652064685,-0.19089304677642957,0.0,0.4975939121838983,0.1976929842758614,0.0,0.4,1.9800000000000015
1,-0.2865590976804318,0.12726203118428667,0.0,-0.33172927478926567,-0.13179532285057388,0.0,0.6,1.9800000000000015
