id,x,y,z,vx,vy,vz,m,t
2,0.2669415398729502,0.22667613291006444,0.0,-0.7767514190423314,0.014695852630192978,0.0,0.4,0.9900000000000007
1,-0.17796102658196686,-0.15111742194004302,0.0,0.5178342793615541,-0.009797235086795301,0.0,0.6,0.9900000000000007
