id,x,y,z,vx,vy,vz,m,t
2,-0.40492151235626644,0.3005144014241688,0.0,1.0976921016497394,-0.48949647678957314,0.0,1.0,0.6500000000000004
3,-0.6707484777863814,-0.35790822447424697,0.0,-1.0091405098770656,0.02218389386326483,0.0,1.0,0.6500000000000004
1,1.0756699901426467,0.05739382305007821,0.0,-0.08855159177267455,0.4673125829263081,0.0,1.0,0.6500000000000004
