id,x,y,z,vx,vy,vz,m,t
2,1.039418812101695,0.1557012297886834,0.0,-0.2611801319654226,0.4631857826951989,0.0,1.0,2.9699999999999807
3,-0.18384225316794103,0.16200215224328623,0.0,0.9882439427643886,-0.7849773318609,0.0,1.0,2.9699999999999807
1,-0.8555765589337564,-0.31770338203196985,0.0,-0.7270638107989669,0.32179154916570146,0.0,1.0,2.9699999999999807
