id,x,y,z,vx,vy,vz,m
1,2.1804400942169695E-10,6.366583842433486E-9,0.0,6.274983345301729E-10,2.250171517110889E-10,0.0,0.999999999
2,0.7819559907963767,0.6334161639330912,0.0,-0.6274983339026682,0.7749828485139285,0.0,1.0E-9
