id,x,y,z,vx,vy,vz,m
1,2.0587415689768148E-10,6.23775079337196E-9,0.0,-6.077522190690913E-10,2.058722073485031E-10,0.0,0.999999999
2,0.7941258433081948,-0.6077507871342167,0.0,0.6077522184613395,0.7941277928573655,0.0,1.0E-9
