id,x,y,z,vx,vy,vz,m,t
2,1.0574623489638568,0.11850177076908716,0.0,-0.19107116365810634,0.46630304755675495,0.0,1.0,2.8899999999999824
3,-0.2646874532592626,0.22162265864570527,0.0,1.0336757341757734,-0.7000999894388514,0.0,1.0,2.8899999999999824
1,-0.7927748957045965,-0.3401244294147927,0.0,-0.8426045705176678,0.2337969418820969,0.0,1.0,2.8899999999999824
