id,x,y,z,vx,vy,vz,m,t
2,1.0439431744699597,-0.14765443188993677,0.0,0.24486330248001817,0.46409805005697435,0.0,1.0,2.3199999999999945
3,-0.8421871720338323,0.32355415950335475,0.0,0.75324920122136,0.30445005226951183,0.0,1.0,2.3199999999999945
1,-0.20175600243612982,-0.17589972761341835,0.0,-0.9981125037013789,-0.7685481023264861,0.0,1.0,2.3199999999999945
