id,x,y,z,vx,vy,vz,m
1,6.366982744075482E-10,6.038128378704675E-9,0.0,-9.295132398952873E-10,6.407061566897654E-10,0.0,0.999999999
2,0.3633017262291685,-0.9381283726665515,0.0,0.9295132389657791,0.35929384395094033,0.0,1.0E-9
