id,x,y,z,vx,vy,vz,m,t
1,-0.051395719997783675,0.12863636718387073,0.0,-0.7430376416425751,0.30318116720472854,0.0,0.6,1.5209999999999433
2,0.07709357999667682,-0.19295455077580684,0.0,1.114556462463863,-0.4547717508070936,0.0,0.4,1.5209999999999433
