id,x,y,z,vx,vy,vz,m
1,1.2174378066550057E-9,8.139260284949756E-10,0.0,9.760740800894061E-10,1.2174381407860777E-9,0.0,0.999999999
2,-0.21743780543756708,0.9760739723189502,0.0,-0.9760740791133318,-0.21743813956863936,0.0,1.0E-9
