id,x,y,z,vx,vy,vz,m,t
1,-0.21981412118618074,0.1477118358724293,0.0,-0.44634040857096835,-0.06400908001568993,0.0,0.6,1.8109999999999113
2,0.32972118177927323,-0.221567753808645,0.0,0.669510612856455,0.09601362002353382,0.0,0.4,1.8109999999999113
