id,x,y,z,vx,vy,vz,m,t
1,-0.24648514440740937,-0.1428022156072454,0.0,0.40104013035359987,-0.09221872377356154,0.0,0.6,0.8400000000000006
2,0.369727716611115,0.21420332341086798,0.0,-0.6015601955303993,0.1383280856603418,0.0,0.4,0.8400000000000006
