id,x,y,z,vx,vy,vz,m,t
2,1.0607460474584705,-0.11040944630850981,0.0,0.1763027582348908,0.4665988005255873,0.0,1.0,2.399999999999993
3,-0.7773075531685302,0.34431813964053537,0.0,0.8679874102279499,0.20957708267976016,0.0,1.0,2.399999999999993
1,-0.2834384942899427,-0.23390869333202602,0.0,-1.0442901684628414,-0.6761758832053473,0.0,1.0,2.399999999999993
