id,x,y,z,vx,vy,vz,m
1,5.762584727747346E-10,6.055781481408956E-9,0.0,-9.057835773943482E-10,5.762573312314717E-10,0.0,0.999999999
2,0.42374152780152563,-0.9057814753531792,0.0,0.9057835764885653,0.42374266934478183,0.0,1.0E-9
