id,x,y,z,vx,vy,vz,m
1,3.862998309083995E-10,1.203082313416023E-10,0.0,7.896238043158304E-10,3.8586355002495877E-10,0.0,0.999999999
2,0.6137001694779006,0.7896917687787066,0.0,-0.7896238035262076,0.6141364503609035,0.0,1.0E-9
