id,x,y,z,vx,vy,vz,m
1,1.930817374709459E-9,3.907033060619967E-9,0.0,-3.7199116771989816E-10,1.9259385064970144E-9,0.0,0.999999999
2,-0.9308173727786324,-0.3760330567129368,0.0,0.37199116734791055,-0.9259385045710771,0.0,1.0E-9
