id,x,y,z,vx,vy,vz,m
1,1.1978743036668555E-9,7.897727969678721E-10,0.0,9.802273099311263E-10,1.197874628877219E-9,0.0,0.999999999
2,-0.1978743024689802,0.9802272038219005,0.0,-0.9802273089508988,-0.19787462767934424,0.0,1.0E-9
