id,x,y,z,vx,vy,vz,m,t
2,0.9761122757325881,0.23722868155543878,0.0,-0.4503041937170296,0.436257319415541,0.0,1.0,3.149999999999977
3,-0.012293646650989525,0.011398759428305894,0.0,0.9325800474833801,-0.8645022513520128,0.0,1.0,3.149999999999977
1,-0.9638186290816011,-0.24862744098374487,0.0,-0.4822758537663513,0.42824493193647223,0.0,1.0,3.149999999999977
