id,x,y,z,vx,vy,vz,m,t
2,0.2739098435978139,-0.2230083740393301,0.0,0.7682499258196027,0.03151733603788094,0.0,0.4,1.7300000000000013
1,-0.182606562398543,0.1486722493595536,0.0,-0.5121666172130687,-0.02101155735858689,0.0,0.6,1.7300000000000013
