id,x,y,z,vx,vy,vz,m,t
1,-0.3999822942558508,-0.0014814766851539186,0.0,0.0028254825796672697,-0.19999816239807783,0.0,0.6,2.7209999999998113
2,0.5999734413837798,0.002222215027728882,0.0,-0.00423822386949926,0.2999972435971163,0.0,0.4,2.7209999999998113
