id,x,y,z,vx,vy,vz,m
1,1.957601829998908E-9,3.7518486703100774E-9,0.0,-2.972619069045456E-10,1.95268214384517E-9,0.0,0.999999999
2,-0.9576018280412973,-0.3008486665582322,0.0,0.29726190660728735,-0.9526821418924869,0.0,1.0E-9
