id,x,y,z,vx,vy,vz,m
1,3.325746808064508E-10,9.519522452375643E-11,0.0,7.447536684862568E-10,3.321740184012651E-10,0.0,0.999999999
2,0.6674253195261243,0.7448047755714394,0.0,-0.7447536677415035,0.6678259819309078,0.0,1.0E-9
