id,x,y,z,vx,vy,vz,m,t
2,0.3626141997172575,-0.2802295650493444,0.0,1.0829922085601271,-0.5604024167277679,0.0,1.0,1.420000000000001
3,-1.0716736405522167,-0.07544462156764638,0.0,-0.11762999768170705,0.46730451945401374,0.0,1.0,1.420000000000001
1,0.7090594408349575,0.3556741866169908,0.0,-0.965362210878421,0.09309789727375373,0.0,1.0,1.420000000000001
