id,x,y,z,vx,vy,vz,m
1,7.386823173304135E-11,6.2928040280037216E-9,0.0,3.771968607658624E-10,7.386609654342179E-11,0.0,0.999999999
2,0.9261317683408293,0.37719597828907114,0.0,-0.37719686038866534,0.9261339035304411,0.0,1.0E-9
