id,x,y,z,vx,vy,vz,m,t
1,0.03948625077306142,-0.05826139881259175,0.0,0.6622078234362097,1.0488508121760167,0.0,0.6,1.3109999999999664
2,-0.059229376159590785,0.08739209821888705,0.0,-0.9933117351543146,-1.5732762182640256,0.0,0.4,1.3109999999999664
