id,x,y,z,vx,vy,vz,m,t
2,1.046844865268262,0.14178149826695666,0.0,-0.2340496174172247,0.4647196899777477,0.0,1.0,2.9399999999999813
3,-0.21373318477155698,0.18514225082967,0.0,1.0046585205630616,-0.7570211253886723,0.0,1.0,2.9399999999999813
1,-0.8331116804967075,-0.3269237490966269,0.0,-0.7706089031458379,0.29230143541092496,0.0,1.0,2.9399999999999813
