id,x,y,z,vx,vy,vz,m
1,1.720281894121054E-9,4.621317879793015E-9,0.0,-6.940292425458742E-10,1.71626460031902E-9,0.0,0.999999999
2,-0.7202818924007605,-0.7003178751716996,0.0,0.6940292418518478,-0.7162645986027576,0.0,1.0E-9
