id,x,y,z,vx,vy,vz,m
1,1.0823306941189207E-9,5.626603656089429E-9,0.0,-9.966059016185204E-10,1.0823306061687055E-9,0.0,0.999999999
2,-0.08233069303658871,-0.9966036504628287,0.0,0.9966059006219151,-0.08233060508637849,0.0,1.0E-9
