id,x,y,z,vx,vy,vz,m
1,5.192024852156904E-10,6.113773215405499E-9,0.0,-8.756150965237028E-10,5.24220399069733E-10,0.0,0.999999999
2,0.4807975153035307,-0.8837732092917329,0.0,0.8756150956480928,0.475779601454487,0.0,1.0E-9
