id,x,y,z,vx,vy,vz,m,t
1,-0.21073402069874783,0.14888726694100682,0.0,-0.46176185999535213,-0.05338195464056575,0.0,0.6,1.7909999999999136
2,0.31610103104812376,-0.22333090041151132,0.0,0.6926427899930306,0.08007293196084751,0.0,0.4,1.7909999999999136
