id,x,y,z,vx,vy,vz,m
1,1.9992627115024407E-9,3.218372277378412E-9,0.0,-3.837282313880525E-11,1.9992638956322618E-9,0.0,0.999999999
2,-0.9992627095031762,-0.03837227416004044,0.0,0.038372823100432885,-0.999263893632999,0.0,1.0E-9
