id,x,y,z,vx,vy,vz,m,t
2,-0.7954124645721615,0.3394836185915961,0.0,0.8381007914963241,0.23777418920798168,0.0,1.0,0.2700000000000001
3,-0.26142604705769784,-0.21935316745608502,0.0,-1.0318952239477892,-0.7039789639449852,0.0,1.0,0.2700000000000001
1,1.0568385116298586,-0.12013045113551105,0.0,0.19379443245146558,0.4662047747370034,0.0,1.0,0.2700000000000001
