id,x,y,z,vx,vy,vz,m
1,1.7995465686897164E-11,1.1426620809895345E-12,0.0,1.8885733759891822E-10,1.7995489296905094E-11,0.0,0.999999999
2,0.9820045343310986,0.18885733792015313,0.0,-0.18885733741006086,0.9820045107210903,0.0,1.0E-9
