id,x,y,z,vx,vy,vz,m,t
1,-0.13290912398577095,-0.14902331767213306,0.0,0.5970440053120436,0.06751695472626514,0.0,0.6,1.0709999999999928
2,0.19936368597865764,0.22353497650819923,0.0,-0.8955660079680648,-0.10127543208939828,0.0,0.4,1.0709999999999928
