id,x,y,z,vx,vy,vz,m
1,4.429706564568608E-10,1.4950723221317743E-10,0.0,8.304927875716294E-10,4.4297077465352285E-10,0.0,0.999999999
2,0.5570293439861104,0.8304927679363299,0.0,-0.8304927867411362,0.557029225789448,0.0,1.0E-9
