id,x,y,z,vx,vy,vz,m,t
1,-0.3652565000071094,0.08005592690197916,0.0,-0.17141395861104275,-0.18145386026684215,0.0,0.6,2.3009999999998576
2,0.5478847500106685,-0.12008389035297018,0.0,0.2571209379165659,0.27218079040026166,0.0,0.4,2.3009999999998576
