id,x,y,z,vx,vy,vz,m,t
2,0.5952505504146701,0.35419019051330924,0.0,-1.0715009068432484,-0.12484998752843009,0.0,1.0,3.6399999999999664
3,0.4849134240734702,-0.3308145806091925,0.0,1.1073806830216124,-0.34239418141110534,0.0,1.0,3.6399999999999664
1,-1.080163974488143,-0.023375609904116766,0.0,-0.03587977617836441,0.4672441689395355,0.0,1.0,3.6399999999999664
