id,x,y,z,vx,vy,vz,m
1,6.410685914853049E-11,7.694052861575801E-12,0.0,3.5230393037787993E-10,6.393026403960915E-11,0.0,0.999999999
2,0.9358931409155766,0.35230594714611807,0.0,-0.3523039300255761,0.9360697360243215,0.0,1.0E-9
