id,x,y,z,vx,vy,vz,m,t
1,-0.3946675505511379,0.0323747257600225,0.0,-0.06554228483419325,-0.1973255604983703,0.0,0.6,2.55099999999983
2,0.5920013258267104,-0.04856208864003554,0.0,0.09831342725129148,0.29598834074755387,0.0,0.4,2.55099999999983
