id,x,y,z,vx,vy,vz,m,t
2,0.1277673808726604,-0.115587112282442,0.0,0.9611506593705912,-0.8261417964379785,0.0,1.0,1.1900000000000008
3,-1.0228027147459258,-0.1823487744279145,0.0,-0.31649163070838515,0.4585032826524895,0.0,1.0,1.1900000000000008
1,0.8950353338732641,0.2979358867103567,0.0,-0.6446590286622069,0.36763851378548873,0.0,1.0,1.1900000000000008
