id,x,y,z,vx,vy,vz,m,t
2,0.2430211951570137,0.22657491269605298,0.0,-0.8183318879691944,-0.02230598490618919,0.0,0.4,1.0200000000000007
1,-0.16201413010467586,-0.1510499417973687,0.0,0.5455545919794629,0.014870656604126148,0.0,0.6,1.0200000000000007
