id,x,y,z,vx,vy,vz,m
1,3.598535199079497E-13,6.283233686707629E-9,0.0,2.6766376320310884E-11,3.575011545082802E-13,0.0,0.999999999
2,0.9996401464804544,0.02676631957559472,0.0,-0.026766376293544232,0.9996424988458458,0.0,1.0E-9
