id,x,y,z,vx,vy,vz,m
1,6.315842219308165E-11,6.32268430508138E-9,0.0,3.638997067611078E-10,7.171993118467476E-11,0.0,0.999999999
2,0.9368415778701052,0.3673157012412969,0.0,-0.3638997063972013,0.9282800688870455,0.0,1.0E-9
