id,x,y,z,vx,vy,vz,m
1,6.523109092394544E-11,6.302539285747855E-9,0.0,-3.6904753053952177E-10,7.41469666256038E-11,0.0,0.999999999
2,0.9347689091413095,-0.372539279445319,0.0,0.3690475301704813,0.9258530334485424,0.0,1.0E-9
