id,x,y,z,vx,vy,vz,m,t
2,0.4949858253923879,-0.1574411482415884,0.0,0.374243274759521,0.2445379362265656,0.0,0.4,2.1299999999999986
1,-0.3299905502615926,0.10496076549439261,0.0,-0.24949551650634755,-0.16302529081771008,0.0,0.6,2.1299999999999986
