id,x,y,z,vx,vy,vz,m,t
1,-0.38497488299497173,0.053829368586620206,0.0,-0.1109205372438528,-0.1922959879448797,0.0,0.6,2.440999999999842
2,0.5774623244924616,-0.08074405287993189,0.0,0.1663808058657809,0.2884439819173177,0.0,0.4,2.440999999999842
