id,x,y,z,vx,vy,vz,m
1,6.782540505493188E-10,5.986824457250434E-9,0.0,-9.468266376509544E-10,6.782531285765737E-10,0.0,0.999999999
2,0.32174595012893703,-0.9468244512636138,0.0,0.9468266367041283,0.3217468721016755,0.0,1.0E-9
