id,x,y,z,vx,vy,vz,m,t
2,1.0713882966258694,0.07647798649496189,0.0,-0.11945142424271968,0.46727969150879606,0.0,1.0,2.7999999999999843
3,-0.3599835015639949,0.27884698570680716,0.0,1.0819904911368299,-0.5646914626271463,0.0,1.0,2.7999999999999843
1,-0.7114047950618768,-0.3553249722017693,0.0,-0.9625390668941108,0.09741177111835049,0.0,1.0,2.7999999999999843
