id,x,y,z,vx,vy,vz,m,t
1,-0.37221722778720484,-0.07224163362528829,0.0,0.15242344890151294,-0.18534520278038355,0.0,0.6,0.3700000000000003
2,0.5583258416808073,0.10836245043793233,0.0,-0.22863517335226932,0.2780178041705751,0.0,0.4,0.3700000000000003
