id,x,y,z,vx,vy,vz,m,t
2,-0.9555041813630037,0.2559116254141092,0.0,0.5033066514120753,0.42227895042863484,0.0,1.0,0.03
3,-0.02798770234162943,-0.025922395184994937,0.0,-0.9338731095959045,-0.8628788315980909,0.0,1.0,0.03
1,0.983491883704633,-0.2299892302291143,0.0,0.43056645818382916,0.440599881169456,0.0,1.0,0.03
