id,x,y,z,vx,vy,vz,m,t
1,-0.012833071999440789,0.10885099163825204,0.0,-0.7946352253354388,0.5063381312487747,0.0,0.6,1.4709999999999488
2,0.019249607999162477,-0.1632764874573788,0.0,1.191952838003159,-0.759507196873163,0.0,0.4,1.4709999999999488
