id,x,y,z,vx,vy,vz,m
1,1.2959530688689483E-9,9.148394581893463E-10,0.0,9.55688122717304E-10,1.2944520349253044E-9,0.0,0.999999999
2,-0.29595306757299394,0.9561605427254937,0.0,-0.9556881217616152,-0.29445203363085454,0.0,1.0E-9
