id,x,y,z,vx,vy,vz,m,t
2,-0.8199107510535781,0.3317993783654848,0.0,0.7950136418131781,0.2738592944438066,0.0,1.0,0.24000000000000007
3,-0.23073248626410756,-0.19769495824221742,0.0,-1.0143746591271918,-0.7392002874181798,0.0,1.0,0.24000000000000007
1,1.050643237317685,-0.13410442012326737,0.0,0.21936101731401433,0.4653409929743731,0.0,1.0,0.24000000000000007
