id,x,y,z,vx,vy,vz,m,t
2,0.4614266331185765,-0.32308904614616885,0.0,1.107197287043772,-0.3869960998963297,0.0,1.0,1.5100000000000011
3,-1.0792421752151886,-0.03338502498171254,0.0,-0.051149308329402635,0.4672943461493675,0.0,1.0,1.5100000000000011
1,0.6178155420966105,0.3564740711278813,0.0,-1.05604797871437,-0.08029824625303815,0.0,1.0,1.5100000000000011
