id,x,y,z,vx,vy,vz,m,t
1,-0.3856197894083162,-0.05283164419764229,0.0,0.10845177010532986,-0.19259961425801084,0.0,0.6,2.9809999999997827
2,0.578429684112478,0.0792474662964613,0.0,-0.1626776551579931,0.28889942138701585,0.0,0.4,2.9809999999997827
