id,x,y,z,vx,vy,vz,m,t
1,-0.29223558467462685,0.12828516927643324,0.0,-0.32170199230267504,-0.13253107376843376,0.0,0.6,2.0009999999998906
2,0.43835337701194266,-0.19242775391465092,0.0,0.4825529884540152,0.19879661065264936,0.0,0.4,2.0009999999998906
