id,x,y,z,vx,vy,vz,m
1,6.108498818460932E-10,2.4955446037952375E-10,0.0,9.212870757757591E-10,6.102540242921804E-10,0.0,0.999999999
2,0.3891501187647564,0.9214455398700301,0.0,-0.9212870748544729,0.38974597631807206,0.0,1.0E-9
