id,x,y,z,vx,vy,vz,m,t
2,-0.6341602828824497,0.35745326912458136,0.0,1.0432755069171278,-0.048265395076011464,0.0,1.0,0.4400000000000002
3,-0.4441951150549469,-0.3167253181939358,0.0,-1.1057565503869404,-0.41901876281040806,0.0,1.0,0.4400000000000002
1,1.0783553979373959,-0.0407279509306455,0.0,0.06248104346981241,0.4672841578864192,0.0,1.0,0.4400000000000002
