id,x,y,z,vx,vy,vz,m,t
2,0.40920840775249695,-0.19846807103451322,0.0,0.5342126762751594,0.1806874268914489,0.0,0.4,1.9400000000000015
1,-0.27280560516833186,0.1323120473563424,0.0,-0.3561417841834397,-0.12045828459429887,0.0,0.6,1.9400000000000015
