id,x,y,z,vx,vy,vz,m
1,3.2014162735279474E-10,6.193341323886657E-9,0.0,-7.333430382441065E-10,3.201399269323169E-10,0.0,0.999999999
2,0.679858372967349,-0.733341317693322,0.0,0.7333430375107637,0.6798600733878192,0.0,1.0E-9
