id,x,y,z,vx,vy,vz,m
1,1.290841673259222E-9,5.39339517417899E-9,0.0,-9.538483668380839E-10,1.2895945679170444E-9,0.0,0.999999999
2,-0.29084167196836624,-0.9623951687855978,0.0,0.9538483658842385,-0.28959456662745187,0.0,1.0E-9
