id,x,y,z,vx,vy,vz,m
1,5.208196070112444E-10,1.9306334119255608E-10,0.0,8.778179455214052E-10,5.202912859579235E-10,0.0,0.999999999
2,0.47918039350957486,0.8779366590005072,0.0,-0.8778179446435882,0.479708714562366,0.0,1.0E-9
