id,x,y,z,vx,vy,vz,m,t
1,-0.3541573265295116,0.09075470212815942,0.0,-0.1987254803565147,-0.17496357445568417,0.0,0.6,2.240999999999864
2,0.5312359897942709,-0.1361320531922405,0.0,0.2980882205347739,0.26244536168352456,0.0,0.4,2.240999999999864
