id,x,y,z,vx,vy,vz,m,t
2,0.1534712540564719,0.2161429514496805,0.0,-0.9784820921595854,-0.20530192090965435,0.0,0.4,1.1200000000000008
1,-0.1023141693709814,-0.1440953009664537,0.0,0.6523213947730568,0.13686794727310295,0.0,0.6,1.1200000000000008
