id,x,y,z,vx,vy,vz,m
1,5.456793125232252E-10,6.0976539021364205E-9,0.0,-8.893769429663163E-10,5.504687027262218E-10,0.0,0.999999999
2,0.4543206880224723,-0.8976538960387737,0.0,0.8893769420769442,0.44953129782424633,0.0,1.0E-9
