id,x,y,z,vx,vy,vz,m,t
1,-0.39769694775878744,-0.02144041219751608,0.0,0.042929077440359745,-0.1988435988753011,0.0,0.6,2.8209999999998003
2,0.5965454216381856,0.03216061829627208,0.0,-0.06439361616053796,0.29826539831295124,0.0,0.4,2.8209999999998003
