id,x,y,z,vx,vy,vz,m
1,1.7540807753918603E-9,4.534656531645304E-9,0.0,-6.576468656074042E-10,1.7498893793563486E-9,0.0,0.999999999
2,-0.7540807736377683,-0.6636565271106503,0.0,0.6576468649497594,-0.7498893776064615,0.0,1.0E-9
