id,x,y,z,vx,vy,vz,m,t
2,0.5992497967512903,0.01499362025020214,0.0,-0.030015638370541338,0.29962455302354146,0.0,0.4,0.05
1,-0.3994998645008602,-0.009995746833468095,0.0,0.020010425580360897,-0.1997497020156943,0.0,0.6,0.05
