id,x,y,z,vx,vy,vz,m
1,1.4230298991466445E-10,2.5794237091471596E-11,0.0,5.141959746812572E-10,1.4204259891002748E-10,0.0,0.999999999
2,0.8576970102276386,0.5142057629343226,0.0,-0.5141959741670613,0.8579574012320152,0.0,1.0E-9
