id,x,y,z,vx,vy,vz,m,t
2,0.5922676972695861,0.046363653943797725,0.0,-0.08323262642699925,0.2973417227595555,0.0,0.4,2.8399999999999834
1,-0.3948451315130582,-0.030909102629197938,0.0,0.05548841761799927,-0.19822781517303673,0.0,0.6,2.8399999999999834
