id,x,y,z,vx,vy,vz,m
1,9.324765314235527E-10,5.777716240007267E-9,0.0,-9.977185069679741E-10,9.324761423961957E-10,0.0,0.999999999
2,0.06752346950892535,-0.9977162342295546,0.0,0.9977185059702558,0.06752385853627674,0.0,1.0E-9
