id,x,y,z,vx,vy,vz,m
1,1.236914338767924E-9,8.384696703139703E-10,0.0,9.715304398334101E-10,1.236914682040375E-9,0.0,0.999999999
2,-0.23691433753100866,0.9715303305244991,0.0,-0.9715304388618793,-0.23691468080346,0.0,1.0E-9
