id,x,y,z,vx,vy,vz,m
1,2.0564838655449563E-10,6.362206717149877E-9,0.0,6.12023501516213E-10,2.1274634680433462E-10,0.0,0.999999999
2,0.7943516136511822,0.6177932892123221,0.0,-0.612023500904183,0.787253653408412,0.0,1.0E-9
