id,x,y,z,vx,vy,vz,m
1,7.228687698971853E-10,3.291680066539276E-10,0.0,9.60832043524033E-10,7.228689416290363E-10,0.0,0.999999999
2,0.27713123082568436,0.9608319936752404,0.0,-0.960832042563201,0.2771310590938328,0.0,1.0E-9
