id,x,y,z,vx,vy,vz,m,t
2,0.5598586349251771,-0.09894292601347708,0.0,0.21931838196328932,0.2826868035883427,0.0,0.4,2.349999999999994
1,-0.37323908995011873,0.0659619506756518,0.0,-0.1462122546421931,-0.1884578690588948,0.0,0.6,2.349999999999994
