id,x,y,z,vx,vy,vz,m
1,2.9614999929046717E-10,7.965139699481186E-11,0.0,7.103486115320605E-10,2.9615009319019987E-10,0.0,0.999999999
2,0.7038500010056834,0.7103486030848395,0.0,-0.7103486108217117,0.7038499071059504,0.0,1.0E-9
