id,x,y,z,vx,vy,vz,m
1,1.9344912149486087E-9,3.887755268312562E-9,0.0,-3.6277080863580424E-10,1.9296048557541243E-9,0.0,0.999999999
2,-0.9344912130141076,-0.36675526442480966,0.0,0.362770808273037,-0.9296048538245201,0.0,1.0E-9
