id,x,y,z,vx,vy,vz,m
1,7.809823074081511E-10,3.7427920687827064E-10,0.0,9.757208505644228E-10,7.809824927385902E-10,0.0,0.999999999
2,0.2190176933728321,0.9757207934960085,0.0,-0.9757208495887018,0.21901750804239245,0.0,1.0E-9
