id,x,y,z,vx,vy,vz,m
1,9.603553906096657E-10,5.312541347722939E-10,0.0,9.994102223205006E-10,9.594083977770764E-10,0.0,0.999999999
2,0.039644610350689564,0.99974586575896,0.0,-0.9994102213210893,0.0405916031823304,0.0,1.0E-9
