id,x,y,z,vx,vy,vz,m,t
2,0.37563924665143933,0.28665923157346607,0.0,-1.0882286784656896,-0.5391156231694325,0.0,1.0,3.839999999999962
3,0.6973731853620286,-0.35673338945910965,0.0,0.979582005834678,0.07183360403746562,0.0,1.0,3.839999999999962
1,-1.0730124320134709,0.07007415788564361,0.0,0.10864667263101133,0.4672820191319669,0.0,1.0,3.839999999999962
