id,x,y,z,vx,vy,vz,m
1,1.425203612575739E-9,1.1049025794122566E-9,0.0,9.050975375789148E-10,1.425204059321233E-9,0.0,0.999999999
2,-0.42520361115053446,0.9050974216926456,0.0,-0.9050975366738169,-0.4252040578960286,0.0,1.0E-9
