id,x,y,z,vx,vy,vz,m,t
2,0.9839823760293229,-0.22961549077490936,0.0,0.42921057813718544,0.4408235220294626,0.0,1.0,2.1399999999999983
3,-0.9548832943439381,0.25651050272764936,0.0,0.5048385775823417,0.4218296997393417,0.0,1.0,2.1399999999999983
1,-0.02909908168538731,-0.02689501195274041,0.0,-0.9340491557195283,-0.8626532217688044,0.0,1.0,2.1399999999999983
