id,x,y,z,vx,vy,vz,m
1,8.037089857691173E-10,5.890544183195192E-9,0.0,-9.805464267969647E-10,8.037083297666386E-10,0.0,0.999999999
2,0.19629101503459326,-0.9805441773046518,0.0,0.9805464258164186,0.1962916710370661,0.0,1.0E-9
