id,x,y,z,vx,vy,vz,m
1,3.57642833781567E-10,6.1764034080049524E-9,0.0,-7.664051973284538E-10,3.576412154527715E-10,0.0,0.999999999
2,0.6423571665760779,-0.7664034018285546,0.0,0.766405196562049,0.6423587849048659,0.0,1.0E-9
