id,x,y,z,vx,vy,vz,m,t
2,0.7528204554538931,-0.3495866351685736,0.0,0.9056846404145126,0.16943238047838885,0.0,1.0,1.7900000000000014
3,-1.0653089674598326,0.09744812096010455,0.0,0.15405768991705626,0.46700433812215075,0.0,1.0,1.7900000000000014
1,0.31248851200593747,0.25213851420846883,0.0,-1.0597423303315698,-0.6364367186005402,0.0,1.0,1.7900000000000014
