id,x,y,z,vx,vy,vz,m
1,3.1049666899468415E-10,8.571751723260945E-11,0.0,7.242824922167087E-10,3.1049676529453035E-10,0.0,0.999999999
2,0.6895033313158131,0.724282482853108,0.0,-0.7242824914924261,0.6895032350159666,0.0,1.0E-9
