id,x,y,z,vx,vy,vz,m
1,1.799632538939134E-11,1.1321487249673557E-12,0.0,1.8886769162220314E-10,1.7901873229909542E-11,0.0,0.999999999
2,0.9820036746286052,0.18886785127616476,0.0,-0.18886769143333543,0.9820981267879928,0.0,1.0E-9
