id,x,y,z,vx,vy,vz,m
1,-2.8866756734168384E-12,6.312501371477856E-9,0.0,-8.171699291252471E-11,6.518633045246381E-12,0.0,0.999999999
2,1.0028866756705557,-0.08250136516535923,0.0,0.08171699283081475,0.993481366961272,0.0,1.0E-9
