id,x,y,z,vx,vy,vz,m,t
1,-0.3436346006028541,0.09934623560517031,0.0,-0.22232239892154287,-0.16853078312690783,0.0,0.6,2.1909999999998697
2,0.5154519009042843,-0.14901935340775677,0.0,0.33348359838231645,0.2527961746903605,0.0,0.4,2.1909999999998697
