id,x,y,z,vx,vy,vz,m
1,1.5473425668288346E-9,1.3130917231852995E-9,0.0,8.369083856251086E-10,1.547343098338E-9,0.0,0.999999999
2,-0.5473425652814911,0.8369082781277919,0.0,-0.8369083847881996,-0.5473430967906565,0.0,1.0E-9
