id,x,y,z,vx,vy,vz,m
1,1.887741546880972E-9,4.080339996921153E-9,0.0,-4.60341144319788E-10,1.8877427324055888E-9,0.0,0.999999999
2,-0.8877415449932285,-0.46033999284081256,0.0,0.4603411438594473,-0.887742730517848,0.0,1.0E-9
