id,x,y,z,vx,vy,vz,m,t
2,0.01456166851301324,-0.013548461133458565,0.0,0.9327404113214416,-0.8642704099964008,0.0,1.0,1.0700000000000007
3,-0.9771906744812412,-0.23627226106796015,0.0,-0.44743907204200084,0.43691981697071386,0.0,1.0,1.0700000000000007
1,0.9626290059682266,0.24982072220141893,0.0,-0.48530133927944175,0.42735059302568684,0.0,1.0,1.0700000000000007
