id,x,y,z,vx,vy,vz,m,t
2,1.0419847947291203,0.1510665244226002,0.0,-0.2520163935196646,0.463755290521436,0.0,1.0,2.959999999999981
3,-0.19375138217379415,0.16980785760395145,0.0,0.9935818584062338,-0.776163740272142,0.0,1.0,2.959999999999981
1,-0.8482334125553287,-0.3208743820265519,0.0,-0.7415654648865702,0.3124084497507063,0.0,1.0,2.959999999999981
