id,x,y,z,vx,vy,vz,m
1,1.4099702274814905E-9,5.202097481982768E-9,0.0,-9.120995058143864E-10,1.409970748737165E-9,0.0,0.999999999
2,-0.40997022607151856,-0.9120974767806735,0.0,0.9120995049022872,-0.4099707473271978,0.0,1.0E-9
