id,x,y,z,vx,vy,vz,m,t
2,1.0701554910987807,0.08115060521580765,0.0,-0.12710968117502747,0.4672440526603562,0.0,1.0,2.809999999999984
3,-0.34918670336479757,0.2731147187957789,0.0,1.077369148702637,-0.5817619195784987,0.0,1.0,2.809999999999984
1,-0.7209687877339854,-0.35426532401158684,0.0,-0.95025946752761,0.11451786691814272,0.0,1.0,2.809999999999984
