id,x,y,z,vx,vy,vz,m
1,1.6773859318738573E-9,4.723026163056949E-9,0.0,-7.354113656201018E-10,1.673602237016469E-9,0.0,0.999999999
2,-0.6773859301964598,-0.7420261583339249,0.0,0.7354113648846929,-0.6736022353428688,0.0,1.0E-9
