id,x,y,z,vx,vy,vz,m,t
2,0.49896872278333504,0.16075687226922797,0.0,-0.3679910404486268,0.24218383628830495,0.0,0.4,0.5700000000000003
1,-0.33264581518888997,-0.10717124817948533,0.0,0.2453273602990845,-0.16145589085887,0.0,0.6,0.5700000000000003
