id,x,y,z,vx,vy,vz,m
1,1.6625450297355617E-9,4.756351071263766E-9,0.0,-7.486299998626007E-10,1.658845119863662E-9,0.0,0.999999999
2,-0.662545028073005,-0.7553510665074175,0.0,0.7486299991139735,-0.6588451182048187,0.0,1.0E-9
