id,x,y,z,vx,vy,vz,m,t
2,0.8877413890598616,0.30186983475761914,0.0,-0.6604879266217842,0.3598193768862837,0.0,1.0,3.3099999999999734
3,0.1385529145468341,-0.12476997306327017,0.0,0.9658428401285355,-0.819446884836021,0.0,1.0,3.3099999999999734
1,-1.0262943036066983,-0.1770998616943491,0.0,-0.30535491350675215,0.45962750794973756,0.0,1.0,3.3099999999999734
