id,x,y,z,vx,vy,vz,m
1,6.313349297678731E-10,6.019560680254314E-9,0.0,-9.295628257631229E-10,6.313339071104247E-10,0.0,0.999999999
2,0.3686650708634635,-0.9295606742347581,0.0,0.9295628248335609,0.36866609352090535,0.0,1.0E-9
