id,x,y,z,vx,vy,vz,m,t
2,0.2672063483400034,-0.22334335724924076,0.0,1.035062676749684,-0.6969001261651663,0.0,1.0,1.330000000000001
3,-1.057918866024615,-0.1174721041231275,0.0,-0.1890764925574638,0.46636809884476427,0.0,1.0,1.330000000000001
1,0.7907125176846101,0.34081546137236834,0.0,-0.8459861841922212,0.23053202732040157,0.0,1.0,1.330000000000001
