id,x,y,z,vx,vy,vz,m,t
2,-0.6445483283729623,0.3578349422955749,0.0,1.0343335911853744,-0.02806923912269063,0.0,1.0,0.4300000000000002
3,-0.4331458711744232,-0.31243409168661146,0.0,-1.1040922257177985,-0.4392265386544529,0.0,1.0,0.4300000000000002
1,1.0776941995473848,-0.04540085060896331,0.0,0.06975863453242387,0.4672957777771432,0.0,1.0,0.4300000000000002
