id,x,y,z,vx,vy,vz,m
1,5.492799347811912E-10,6.0726636478659265E-9,0.0,-8.926657160002641E-10,5.492787347634384E-10,0.0,0.999999999
2,0.45072006576809065,-0.892663641793267,0.0,0.8926657151075992,0.45072126578583654,0.0,1.0E-9
