id,x,y,z,vx,vy,vz,m
1,1.9659726213053986E-9,2.621358179014899E-9,0.0,2.5864159064166887E-10,1.965973659513002E-9,0.0,0.999999999
2,-0.9659726193394245,0.25864182360645827,0.0,-0.25864159038302686,-0.9659736575470292,0.0,1.0E-9
