id,x,y,z,vx,vy,vz,m,t
2,0.02286694950569873,0.16551000464672228,0.0,-1.1888253608801742,-0.7360295224578342,0.0,0.4,1.2400000000000009
1,-0.015244633003799293,-0.11034000309781491,0.0,0.7925502405867825,0.4906863483052228,0.0,0.6,1.2400000000000009
