id,x,y,z,vx,vy,vz,m
1,3.778503178783243E-10,6.190759622402751E-9,0.0,-7.834197600389959E-10,3.840939048699552E-10,0.0,0.999999999
2,0.6221496824995456,-0.7907596162119973,0.0,0.7834197592555817,0.6159060955141372,0.0,1.0E-9
