id,x,y,z,vx,vy,vz,m
1,5.4574017546110564E-11,6.304603064272202E-9,0.0,-3.41371743448855E-10,6.357518646621372E-11,0.0,0.999999999
2,0.9454259825084874,-0.3446030579676009,0.0,0.34137174310749036,0.9364248135973606,0.0,1.0E-9
