id,x,y,z,vx,vy,vz,m,t
2,0.7175113686532905,0.3546708312291768,0.0,-0.9547516801291593,0.10835972528061052,0.0,1.0,3.519999999999969
3,0.35310040797179953,-0.27521947006446024,0.0,1.0790729960863317,-0.5756194988055846,0.0,1.0,3.519999999999969
1,-1.0706117766250927,-0.07945136116471667,0.0,-0.12432131595717326,0.46725977352497433,0.0,1.0,3.519999999999969
