id,x,y,z,vx,vy,vz,m
1,1.3574748312096296E-10,6.2853803590218085E-9,0.0,-5.105602878559953E-10,1.4407903818162615E-10,0.0,0.999999999
2,0.8642525170148071,-0.5153803527364326,0.0,0.5105602873454421,0.8559209619624516,0.0,1.0E-9
