id,x,y,z,vx,vy,vz,m
1,8.497627993109062E-10,4.313501271682287E-10,0.0,9.886499390562083E-10,8.497630022474755E-10,0.0,0.999999999
2,0.15023720153885753,0.9886498732631215,0.0,-0.9886499380675583,0.15023699860228765,0.0,1.0E-9
