id,x,y,z,vx,vy,vz,m
1,2.6082402792839915E-10,6.2427073260780825E-9,0.0,-6.763454837456183E-10,2.6808331927229543E-10,0.0,0.999999999
2,0.7391759723324459,-0.6827073198353836,0.0,0.6763454830692791,0.7319166809957862,0.0,1.0E-9
