id,x,y,z,vx,vy,vz,m
1,2.4166256349287245E-10,5.8048572740128873E-11,0.0,6.519238226789441E-10,2.4132404257588345E-10,0.0,0.999999999
2,0.7583374367487903,0.6519514273179194,0.0,-0.6519238220270202,0.7586759576654404,0.0,1.0E-9
