id,x,y,z,vx,vy,vz,m,t
2,0.30359537230269745,-0.22092948280365657,0.0,0.7166749111790705,0.07123193649924606,0.0,0.4,1.7700000000000014
1,-0.20239691486846537,0.1472863218691046,0.0,-0.4777832741193805,-0.047487957666163635,0.0,0.6,1.7700000000000014
