id,x,y,z,vx,vy,vz,m,t
2,0.023892424507945008,-0.02218691593848146,0.0,0.9334107876649121,-0.8634205510081779,0.0,1.0,1.0800000000000007
3,-0.9816061279672418,-0.23188988705866811,0.0,-0.435651625158122,0.43955498488769096,0.0,1.0,1.0800000000000007
1,0.9577137034592955,0.2540768029971498,0.0,-0.49775916250679114,0.4238655661204869,0.0,1.0,1.0800000000000007
