id,x,y,z,vx,vy,vz,m
1,7.998985374921637E-13,1.0269248093588891E-14,0.0,3.9989730447929095E-11,7.799036649135954E-13,0.0,0.999999999
2,0.9992001014633078,0.03998973075191669,0.0,-0.03998973040793938,0.9992200963358664,0.0,1.0E-9
