id,x,y,z,vx,vy,vz,m,t
2,1.0809738670685372,-0.007630327093644366,0.0,0.011434448279255868,0.4672087425409935,0.0,1.0,2.619999999999988
3,-0.5579996836123382,0.34879037543774666,0.0,1.0906553651129849,-0.1989679991656256,0.0,1.0,2.619999999999988
1,-0.5229741834562013,-0.3411600483441024,0.0,-1.102089813392241,-0.26824074337536774,0.0,1.0,2.619999999999988
