id,x,y,z,vx,vy,vz,m,t
1,-0.2954239497173901,0.1269473689065719,0.0,-0.31598191233118406,-0.13501552222382582,0.0,0.6,2.0109999999998895
2,0.44313592457608747,-0.19042105335985898,0.0,0.4739728684967786,0.20252328333573744,0.0,0.4,2.0109999999998895
