id,x,y,z,vx,vy,vz,m
1,1.2863816139397465E-9,9.019426716023035E-10,0.0,9.585871292382117E-10,1.2849004627455892E-9,0.0,0.999999999
2,-0.28638161265336365,0.9590573292996397,0.0,-0.9585871282796238,-0.2849004614606907,0.0,1.0E-9
