id,x,y,z,vx,vy,vz,m
1,8.300213293658755E-10,4.1455236193119526E-10,0.0,9.854477017606666E-10,8.300215270699011E-10,0.0,0.999999999
2,0.16997867146414675,0.985447638483357,0.0,-0.9854477007752188,0.16997847376012062,0.0,1.0E-9
