id,x,y,z,vx,vy,vz,m
1,1.0524002051340938E-9,5.658624750794436E-9,0.0,-9.986270046433976E-10,1.05240005798516E-9,0.0,0.999999999
2,-0.052400204081692214,-0.9986247451358143,0.0,0.998627003644771,-0.05240005693276347,0.0,1.0E-9
