id,x,y,z,vx,vy,vz,m,t
1,-0.33978390985243406,-0.10225872829224676,0.0,0.23054752240291404,-0.16605993767041766,0.0,0.6,0.5400000000000004
2,0.5096758647786517,0.1533880924383701,0.0,-0.34582128360437125,0.24908990650562646,0.0,0.4,0.5400000000000004
