id,x,y,z,vx,vy,vz,m,t
2,0.5605790287507219,0.10557499044718471,0.0,-0.22209608799251748,0.2792683146759054,0.0,0.4,0.36000000000000015
1,-0.37371935250048116,-0.07038332696478981,0.0,0.14806405866167827,-0.18617887645060366,0.0,0.6,0.36000000000000015
