id,x,y,z,vx,vy,vz,m
1,8.794852022185115E-10,4.572885826287564E-10,0.0,9.92711487414386E-10,8.794854133215045E-10,0.0,0.999999999
2,0.12051479866097459,0.9927114178285322,0.0,-0.9927114864216745,0.12051458755798093,0.0,1.0E-9
