id,x,y,z,vx,vy,vz,m,t
2,0.16153253497627598,-0.2151966907027343,0.0,0.9703787937038322,-0.1787409405462612,0.0,0.4,1.6000000000000012
1,-0.10768835665085098,0.14346446046848962,0.0,-0.6469191958025553,0.1191606270308412,0.0,0.6,1.6000000000000012
