id,x,y,z,vx,vy,vz,m
1,1.5379531819588847E-10,6.345417807112808E-9,0.0,5.395036108856311E-10,1.6141819810476046E-10,0.0,0.999999999
2,0.8462046819579356,0.5445821992326005,0.0,-0.5395036103461208,0.8385818020566583,0.0,1.0E-9
