id,x,y,z,vx,vy,vz,m
1,1.9998302673814724E-9,3.178380824187638E-9,0.0,-1.8381345939971975E-11,1.9998314446909734E-9,0.0,0.999999999
2,-0.9998302653816401,-0.018380821009257885,0.0,0.01838134592159109,-0.999831442691143,0.0,1.0E-9
