id,x,y,z,vx,vy,vz,m
1,1.2497187757815449E-12,2.1247025157848287E-14,0.0,4.9978752881213965E-11,1.2497250228163513E-12,0.0,0.999999999
2,0.9987502812254682,0.0499787529748634,0.0,-0.04997875283123521,0.9987502749784334,0.0,1.0E-9
