id,x,y,z,vx,vy,vz,m
1,1.2186368265476624E-9,8.143588016026226E-10,0.0,9.761906629399093E-10,1.2172886672077697E-9,0.0,0.999999999
2,-0.21863682532902523,0.9766411992117369,0.0,-0.9761906619637176,-0.21728866599048313,0.0,1.0E-9
