id,x,y,z,vx,vy,vz,m
1,1.3327211697505436E-9,9.669750031310647E-10,0.0,9.430251126732562E-10,1.3327215620421067E-9,0.0,0.999999999
2,-0.3327211684178213,0.9430249978359102,0.0,-0.9430251117302306,-0.3327215607093847,0.0,1.0E-9
