id,x,y,z,vx,vy,vz,m,t
2,0.6037653416550334,-0.35531049136916554,0.0,1.0658671309746934,-0.10807320025794942,0.0,1.0,1.6400000000000012
3,-1.0798505609128535,0.027357695227923206,0.0,0.041719529715376666,0.4672714729922524,0.0,1.0,1.6400000000000012
1,0.4760852192578181,0.32795279614124223,0.0,-1.1075866606900708,-0.35919827273430344,0.0,1.0,1.6400000000000012
