id,x,y,z,vx,vy,vz,m,t
2,0.5689443168360099,0.09431063652874927,0.0,-0.19624104630916286,0.2838453373169884,0.0,0.4,0.3200000000000001
1,-0.3792962112240066,-0.06287375768583284,0.0,0.13082736420610855,-0.1892302248779923,0.0,0.6,0.3200000000000001
