id,x,y,z,vx,vy,vz,m,t
2,-0.760765090442202,0.3479188028167589,0.0,0.8938702890556701,0.18273608912047762,0.0,1.0,0.3100000000000001
3,-0.3031658332308296,-0.2464516816256453,0.0,-1.0549211841719164,-0.6496275245777766,0.0,1.0,0.3100000000000001
1,1.063930923673031,-0.10146712119111362,0.0,0.1610508951162465,0.4668914354572988,0.0,1.0,0.3100000000000001
