id,x,y,z,vx,vy,vz,m
1,2.1000439095978143E-10,4.68875184394496E-11,0.0,6.131124854362224E-10,2.1000446971850385E-10,0.0,0.999999999
2,0.7899956092502234,0.613112481607438,0.0,-0.6131124848231098,0.7899955304915008,0.0,1.0E-9
