id,x,y,z,vx,vy,vz,m
1,1.9110755771498244E-9,4.002847047626502E-9,0.0,-4.175162347196812E-10,1.906244670250393E-9,0.0,0.999999999
2,-0.91107557523874,-0.42184704362365416,0.0,0.41751623430216844,-0.9062446683441477,0.0,1.0E-9
