id,x,y,z,vx,vy,vz,m,t
2,-0.04010417676711427,-0.11174761448977921,0.0,1.1401464411784286,-1.3057534827868098,0.0,0.4,1.420000000000001
1,0.026736117844742648,0.07449840965985277,0.0,-0.7600976274522863,0.8705023218578736,0.0,0.6,1.420000000000001
