id,x,y,z,vx,vy,vz,m
1,7.723277318882151E-10,3.6688508588424324E-10,0.0,9.738769602606904E-10,7.715907015307036E-10,0.0,0.999999999
2,0.22767226888411213,0.9741149144826411,0.0,-0.9738769592868133,0.2284092992408851,0.0,1.0E-9
