id,x,y,z,vx,vy,vz,m,t
2,0.5321247220794512,0.13544891641421658,0.0,-0.2960160007108949,0.2629167344972699,0.0,0.4,0.47000000000000025
1,-0.3547498147196339,-0.09029927760947773,0.0,0.1973440004739299,-0.17527782299817993,0.0,0.6,0.47000000000000025
