id,x,y,z,vx,vy,vz,m
1,2.5603479089630176E-11,6.2851705598689805E-9,0.0,2.2482996959000995E-10,2.560121097836758E-11,0.0,0.999999999
2,0.9743965209359756,0.2248294464161803,0.0,-0.22482996936517968,0.9743987890472304,0.0,1.0E-9
