id,x,y,z,vx,vy,vz,m
1,1.1419425305845452E-9,5.559873498046285E-9,0.0,-9.898757210887466E-10,1.1419425589990406E-9,0.0,0.999999999
2,-0.141942529442601,-0.9898734924864147,0.0,0.9898757200988714,-0.1419425578571018,0.0,1.0E-9
