id,x,y,z,vx,vy,vz,m,t
1,-0.14463948793704084,-0.15014366587743225,0.0,0.5761479597852857,0.044974496137733654,0.0,0.6,1.050999999999995
2,0.21695923190556252,0.22521549881614797,0.0,-0.8642219396779278,-0.06746174420660103,0.0,0.4,1.050999999999995
