id,x,y,z,vx,vy,vz,m,t
2,0.4668787099704281,-0.17391686344269158,0.0,0.4294167301781354,0.22549964884984272,0.0,0.4,2.06
1,-0.3112524733136194,0.11594457562846136,0.0,-0.28627782011875713,-0.15033309923322816,0.0,0.6,2.06
