id,x,y,z,vx,vy,vz,m,t
2,0.5884490964282213,0.05821555338309359,0.0,-0.1077260840636262,0.2951716838496836,0.0,0.4,2.8799999999999826
1,-0.3922993976188151,-0.038810368922061834,0.0,0.07181738937575056,-0.19678112256645547,0.0,0.6,2.8799999999999826
