id,x,y,z,vx,vy,vz,m,t
2,0.5974264859452325,-0.007627401733423543,0.0,0.025760214800150522,0.30090465310556497,0.0,0.4,2.6599999999999873
1,-0.39828432396348923,0.005084934488949533,0.0,-0.017173476533433908,-0.20060310207037632,0.0,0.6,2.6599999999999873
