id,x,y,z,vx,vy,vz,m,t
1,-0.014463722278986225,-0.10989919361492739,0.0,0.7931596948882664,0.4956214885539255,0.0,0.6,1.2409999999999741
2,0.021695583418480623,0.16484879042239073,0.0,-1.1897395423323986,-0.743432232830889,0.0,0.4,1.2409999999999741
