id,x,y,z,vx,vy,vz,m
1,6.200820641166842E-10,2.5570309332913227E-10,0.0,9.251341482227659E-10,6.194788951248085E-10,0.0,0.999999999
2,0.3799179365033976,0.9252969069265701,0.0,-0.9251341472976329,0.38052110549466894,0.0,1.0E-9
