id,x,y,z,vx,vy,vz,m
1,1.3883018173342465E-10,6.2583142877100795E-9,0.0,-5.083154821071157E-10,1.3882808798704127E-10,0.0,0.999999999
2,0.8611698184054077,-0.508314281451773,0.0,0.5083154815988005,0.8611719121517829,0.0,1.0E-9
