id,x,y,z,vx,vy,vz,m,t
1,-0.39909232233285435,-0.013471485035384862,0.0,0.026851326500297056,-0.19954826973391845,0.0,0.6,2.7809999999998047
2,0.598638483499286,0.020207227553075264,0.0,-0.04027698975044393,0.29932240460087733,0.0,0.4,2.7809999999998047
