id,x,y,z,vx,vy,vz,m,t
2,0.1726902591921225,0.21977382575864007,0.0,-0.9435969559457901,-0.15861511812089116,0.0,0.4,1.1000000000000008
1,-0.11512683946141511,-0.14651588383909345,0.0,0.6290646372971933,0.10574341208059415,0.0,0.6,1.1000000000000008
