id,x,y,z,vx,vy,vz,m
1,2.7076323152951307E-11,6.281119835094665E-9,0.0,-2.3112037918320832E-10,2.7074001498701707E-11,0.0,0.999999999
2,0.9729236768741276,-0.23111982881355225,0.0,0.23112037895208823,0.9729259985283686,0.0,1.0E-9
