id,x,y,z,vx,vy,vz,m
1,7.037089936790349E-10,3.1490236898532497E-10,0.0,9.550976788449768E-10,7.037091611598103E-10,0.0,0.999999999
2,0.29629100702467503,0.9550976313295775,0.0,-0.9550976778898792,0.296290839543899,0.0,1.0E-9
