id,x,y,z,vx,vy,vz,m,t
1,-0.3998870450248686,0.004518234269543919,0.0,-0.009176041547940935,-0.1999525896333417,0.0,0.6,2.6909999999998147
2,0.5998305675373063,-0.006777351404317859,0.0,0.013764062321913049,0.29992888445001187,0.0,0.4,2.6909999999998147
