id,x,y,z,vx,vy,vz,m,t
1,-0.3717579604925719,0.07272274721810418,0.0,-0.15372164019626486,-0.18512272370502936,0.0,0.6,2.340999999999853
2,0.5576369407388622,-0.10908412082715774,0.0,0.23058246029439905,0.2776840855575422,0.0,0.4,2.340999999999853
