id,x,y,z,vx,vy,vz,m,t
1,-0.3751785769134175,-0.06851815483668493,0.0,0.1437253418976724,-0.18698349535090086,0.0,0.6,0.35000000000000026
2,0.5627678653701262,0.10277723225502729,0.0,-0.2155880128465085,0.280475243026351,0.0,0.4,0.35000000000000026
