id,x,y,z,vx,vy,vz,m
1,1.8440037412159203E-9,4.265239348580166E-9,0.0,-5.390922208470562E-10,1.8394032028519532E-9,0.0,0.999999999
2,-0.8440037393719059,-0.5442393443149279,0.0,0.5390922203079664,-0.8394032010125514,0.0,1.0E-9
