id,x,y,z,vx,vy,vz,m
1,1.8636180834750825E-9,2.102696045028851E-9,0.0,5.084349835364126E-10,1.8601771319654764E-9,0.0,0.999999999
2,-0.8636180816114621,0.5083039570738431,0.0,-0.5084349830279745,-0.8601771301053,0.0,1.0E-9
