id,x,y,z,vx,vy,vz,m
1,1.7120534221712608E-9,4.62212364951555E-9,0.0,-7.021252294228512E-10,1.7120544128612695E-9,0.0,0.999999999
2,-0.7120534204592057,-0.7021236448934274,0.0,0.7021252287207265,-0.7120544111492181,0.0,1.0E-9
