id,x,y,z,vx,vy,vz,m
1,1.305495057450577E-9,9.278316128504876E-10,0.0,9.526939094892896E-10,1.303973920543362E-9,0.0,0.999999999
2,-0.3054950561450808,0.9531683880773444,0.0,-0.952693908536595,-0.30397391923939027,0.0,1.0E-9
