id,x,y,z,vx,vy,vz,m,t
1,-0.24121093796272355,0.14391688883814294,0.0,-0.4100379396381508,-0.08701300027792747,0.0,0.6,1.8609999999999058
2,0.3618164069440875,-0.21587533325721556,0.0,0.6150569094572288,0.13051950041689,0.0,0.4,1.8609999999999058
