id,x,y,z,vx,vy,vz,m,t
2,0.1989566066411753,-0.22060930491202824,0.0,0.9017765485564422,-0.09542891165008231,0.0,0.4,1.6400000000000012
1,-0.13263773776078386,0.14707286994135227,0.0,-0.6011843657042951,0.0636192744333886,0.0,0.6,1.6400000000000012
