id,x,y,z,vx,vy,vz,m
1,1.4161316037967597E-9,1.0906958988913562E-9,0.0,9.093042182169702E-10,1.4161320448588632E-9,0.0,0.999999999
2,-0.416131602380627,0.9093041021993394,0.0,-0.9093042173076656,-0.41613204344273075,0.0,1.0E-9
