id,x,y,z,vx,vy,vz,m,t
1,-0.39296786234484804,-0.03726050388654827,0.0,0.07537836871549516,-0.19643151594402078,0.0,0.6,2.9009999999997915
2,0.589451793517276,0.055890755829820345,0.0,-0.11306755307324104,0.29464727391603074,0.0,0.4,2.9009999999997915
