id,x,y,z,vx,vy,vz,m
1,1.9142495564337657E-9,2.310180957341355E-9,0.0,4.1122417569614454E-10,1.910495413068095E-9,0.0,0.999999999
2,-0.9142495545195147,0.4108190449688226,0.0,-0.41122417528491734,-0.9104954111576011,0.0,1.0E-9
