id,x,y,z,vx,vy,vz,m
1,4.965636108135559E-10,6.104030526987172E-9,0.0,-8.640325333540327E-10,4.965622961540325E-10,0.0,0.999999999
2,0.5034363896830099,-0.8640305208831467,0.0,0.8640325324900008,0.5034377043425259,0.0,1.0E-9
