id,x,y,z,vx,vy,vz,m
1,1.994239256996704E-9,3.4163803376464693E-9,0.0,-1.327140841731873E-10,1.9893694045647717E-9,0.0,0.999999999
2,-0.9942392550024552,-0.13538033423009063,0.0,0.13271408404047677,-0.9893694025754012,0.0,1.0E-9
