id,x,y,z,vx,vy,vz,m,t
1,-0.3881143848742702,0.04803519574978988,0.0,-0.09840043753848678,-0.1939459782688486,0.0,0.6,2.470999999999839
2,0.5821715773114092,-0.07205279362468645,0.0,0.14760065630773175,0.29091896740327094,0.0,0.4,2.470999999999839
