id,x,y,z,vx,vy,vz,m
1,1.6475081522709288E-10,6.348754068711877E-9,0.0,5.560103469240749E-10,1.722623368477774E-10,0.0,0.999999999
2,0.8352491849376866,0.5612459376368678,0.0,-0.5560103463680582,0.8277376633244857,0.0,1.0E-9
