id,x,y,z,vx,vy,vz,m
1,8.806159051603433E-10,4.5769053109651443E-10,0.0,9.930151554792314E-10,8.797649854626032E-10,0.0,0.999999999
2,0.11938409572027228,0.9933094693611754,0.0,-0.9930151544862155,0.1202350154171597,0.0,1.0E-9
