id,x,y,z,vx,vy,vz,m
1,1.6600883283553104E-9,1.5377659758194695E-9,0.0,7.528740053645713E-10,1.6575701711346788E-9,0.0,0.999999999
2,-0.6600883266952194,0.7532340257182952,0.0,-0.7528740046116955,-0.6575701694771101,0.0,1.0E-9
