id,x,y,z,vx,vy,vz,m
1,1.7327934484385345E-9,4.570449471363876E-9,0.0,-6.804510095288074E-10,1.7327944663279739E-9,0.0,0.999999999
2,-0.7327934467057395,-0.6804494667934275,0.0,0.680451008848357,-0.7327944645951824,0.0,1.0E-9
