id,x,y,z,vx,vy,vz,m
1,1.9196939390105432E-10,4.0859507501234074E-11,0.0,5.891404956017816E-10,1.9196946922896944E-10,0.0,0.999999999
2,0.8080306062909155,0.5891404925396255,0.0,-0.589140495012641,0.8080305309630003,0.0,1.0E-9
