id,x,y,z,vx,vy,vz,m
1,2.548518707452601E-10,6.300635338403551E-11,0.0,6.669630436028497E-10,2.545040177712821E-10,0.0,0.999999999
2,0.7451481295095919,0.6669936466789705,0.0,-0.6669630429358867,0.7454959824832217,0.0,1.0E-9
