id,x,y,z,vx,vy,vz,m
1,1.0203562064514955E-9,5.90616113906814E-10,0.0,1.000018087807541E-9,1.0193291309731682E-9,0.0,0.999999999
2,-0.020356205431139175,1.000383886683803,0.0,-1.0000180868075228,-0.019329129953841246,0.0,1.0E-9
