id,x,y,z,vx,vy,vz,m,t
2,0.9117723348820388,-0.2879669128996141,0.0,0.6073990078733343,0.38469360233438854,0.0,1.0,2.0000000000000013
3,-1.013927474049592,0.1947275149059315,0.0,0.3438774574648718,0.4552606578950595,0.0,1.0,2.0000000000000013
1,0.10215513916755099,0.09323939799368233,0.0,-0.9512764653382073,-0.8399542602294483,0.0,1.0,2.0000000000000013
