id,x,y,z,vx,vy,vz,m
1,4.931501445726859E-10,6.129111340974648E-9,0.0,-8.610799181580024E-10,4.983933384394292E-10,0.0,0.999999999
2,0.506849855920483,-0.8691113348455441,0.0,0.8610799172969273,0.5016066620589634,0.0,1.0E-9
