id,x,y,z,vx,vy,vz,m,t
2,0.6981750256306118,0.35649024469359614,0.0,-0.978702754632204,0.07335323674002563,0.0,1.0,3.5399999999999685
3,0.3747707773025577,-0.2863846524351483,0.0,1.0878145017398473,-0.5406650504256955,0.0,1.0,3.5399999999999685
1,-1.0729458029331722,-0.07010559225844795,0.0,-0.1091117471076441,0.46731181368567004,0.0,1.0,3.5399999999999685
