id,x,y,z,vx,vy,vz,m,t
2,0.4755184783857901,0.17482550541502848,0.0,-0.4140889037198538,0.22629131814404596,0.0,0.4,0.6300000000000003
1,-0.31701231892385995,-0.11655033694335236,0.0,0.27605926914656914,-0.15086087876269733,0.0,0.6,0.6300000000000003
