id,x,y,z,vx,vy,vz,m
1,2.8211946873389597E-10,7.37275890683907E-11,0.0,6.962351585762306E-10,2.817527462575366E-10,0.0,0.999999999
2,0.7178805315482236,0.6962724110053373,0.0,-0.6962351578799958,0.7182472540242157,0.0,1.0E-9
