id,x,y,z,vx,vy,vz,m
1,1.9100919955519084E-9,2.291096576801244E-9,0.0,4.202812656227606E-10,1.9063657731257632E-9,0.0,0.999999999
2,-0.9100919936418141,0.4199034254898499,0.0,-0.4202812652024763,-0.9063657712193988,0.0,1.0E-9
