id,x,y,z,vx,vy,vz,m
1,1.1128967564039343E-10,6.291969130376086E-9,0.0,-4.675519944081587E-10,1.1982671140815432E-10,0.0,0.999999999
2,0.8887103244709194,-0.47196912408412134,0.0,0.467551993940614,0.8801732887116713,0.0,1.0E-9
