id,x,y,z,vx,vy,vz,m,t
2,0.16656479791667642,-0.14811674905531758,0.0,0.9792703604707976,-0.799157922238324,0.0,1.0,1.2300000000000009
3,-1.0346779571908176,-0.1639338684818602,0.0,-0.27761292056766346,0.46203244536701993,0.0,1.0,1.2300000000000009
1,0.8681131592741398,0.31205061753717794,0.0,-0.7016574399031351,0.33712547687130384,0.0,1.0,1.2300000000000009
