id,x,y,z,vx,vy,vz,m,t
1,-0.36046372580764624,-0.08499051623973615,0.0,0.18359075144243814,-0.17864910514857477,0.0,0.6,0.44000000000000034
2,0.5406955887114698,0.12748577435960404,0.0,-0.2753861271636571,0.26797365772286214,0.0,0.4,0.44000000000000034
