id,x,y,z,vx,vy,vz,m,t
1,-0.29319734602711994,-0.12794546413723756,0.0,0.31996576939991644,-0.1332270313624455,0.0,0.6,0.7100000000000005
2,0.43979601904068066,0.19191819620585623,0.0,-0.47994865409987436,0.19984054704366788,0.0,0.4,0.7100000000000005
