id,x,y,z,vx,vy,vz,m,t
2,0.4968752078606317,0.3342192085157877,0.0,-1.1065206163669827,-0.3192326874062509,0.0,1.0,3.7299999999999645
3,0.5836291667607254,-0.35289318644945056,0.0,1.0782323991067595,-0.14799113950720794,0.0,1.0,3.7299999999999645
1,-1.0805043746213598,0.01867397793366288,0.0,0.028288217260222674,0.4672238269134588,0.0,1.0,3.7299999999999645
