id,x,y,z,vx,vy,vz,m,t
1,-0.313381410733148,0.11843371741608145,0.0,-0.28295286854338036,-0.1483455432630133,0.0,0.6,2.070999999999883
2,0.4700721160997243,-0.17765057612412338,0.0,0.42442930281507296,0.22251831489451857,0.0,0.4,2.070999999999883
