id,x,y,z,vx,vy,vz,m
1,3.1053582496811173E-10,8.556189073011976E-11,0.0,7.243932966442984E-10,3.101498776989063E-10,0.0,0.999999999
2,0.6894641753424242,0.7244381093554425,0.0,-0.7243932959199055,0.6898501226112426,0.0,1.0E-9
