id,x,y,z,vx,vy,vz,m,t
2,0.5879494225635846,0.05959481601074434,0.0,-0.12101352578062702,0.29388267751130764,0.0,0.4,0.20000000000000004
1,-0.3919662817090564,-0.03972987734049621,0.0,0.08067568385375136,-0.1959217850075384,0.0,0.6,0.20000000000000004
