id,x,y,z,vx,vy,vz,m,t
2,1.067153746774752,-0.09173482106853992,0.0,0.14428702323442802,0.46707634445936413,0.0,1.0,2.439999999999992
3,-0.7414935679147681,0.35154064076150343,0.0,0.9221810167942718,0.15030159065181875,0.0,1.0,2.439999999999992
1,-0.32566017885998644,-0.2598058196929639,0.0,-1.0664680400287003,-0.6173779351111828,0.0,1.0,2.439999999999992
