id,x,y,z,vx,vy,vz,m
1,1.5897625941025324E-9,1.3917004375080336E-9,0.0,8.088734719374477E-10,1.5874887879399766E-9,0.0,0.999999999
2,-0.5897625925127682,0.8092995638836655,0.0,-0.8088734711285731,-0.5874887863524902,0.0,1.0E-9
