id,x,y,z,vx,vy,vz,m,t
2,0.9520737725602253,0.2586511326282734,0.0,-0.5118840296907973,0.4197687343121522,0.0,1.0,3.1999999999999758
3,0.03435086866941512,-0.031806700991302055,0.0,0.9345018809328072,-0.8620682112070794,0.0,1.0,3.1999999999999758
1,-0.986424641229643,-0.22684443163697154,0.0,-0.4226178512420107,0.4422994768949276,0.0,1.0,3.1999999999999758
