id,x,y,z,vx,vy,vz,m,t
2,-0.07041348195291879,-0.06557757451759419,0.0,0.8274703140917927,-1.7801381798124434,0.0,0.4,1.390000000000001
1,0.046942321301945665,0.043718383011729416,0.0,-0.5516468760611956,1.1867587865416294,0.0,0.6,1.390000000000001
