id,x,y,z,vx,vy,vz,m
1,1.8315861814301653E-9,1.992025985585738E-9,0.0,5.589793292854725E-10,1.828319757841723E-9,0.0,0.999999999
2,-0.8315861795985761,0.5589740164062853,0.0,-0.5589793287264899,-0.8283197560134038,0.0,1.0E-9
