id,x,y,z,vx,vy,vz,m
1,3.7838414499775074E-10,1.1667779815962155E-10,0.0,7.833222161909701E-10,3.7838425249350964E-10,0.0,0.999999999
2,0.621615855380634,0.7833222019570563,0.0,-0.7833222154076475,0.6216157478848746,0.0,1.0E-9
