id,x,y,z,vx,vy,vz,m
1,-6.083083422124349E-13,6.313386606708447E-9,0.0,1.0563210479584158E-10,8.680308869108832E-12,0.0,0.999999999
2,1.0006083083416308,0.10661339960492672,0.0,-0.10563210469020247,0.9913196911395714,0.0,1.0E-9
