id,x,y,z,vx,vy,vz,m
1,1.979228039980804E-10,4.2707960859745575E-11,0.0,5.972733335025898E-10,1.976165926080325E-10,0.0,0.999999999
2,0.8020771961998424,0.5972920391829621,0.0,-0.5972733329053169,0.8023834075895838,0.0,1.0E-9
