id,x,y,z,vx,vy,vz,m
1,1.9934075064954328E-11,1.3207506995459162E-12,0.0,1.9867905338858455E-10,1.983471187310008E-11,0.0,0.999999999
2,0.98006592495498,0.19867924930177483,0.0,-0.1986790531899055,0.9801652881467351,0.0,1.0E-9
