id,x,y,z,vx,vy,vz,m
1,1.9615009760989026E-9,3.694798167487351E-9,0.0,-2.7479902769273994E-10,1.9615021993800478E-9,0.0,0.999999999
2,-0.9615009741374003,-0.2747981637925531,0.0,0.2747990274179413,-0.961502197418547,0.0,1.0E-9
