id,x,y,z,vx,vy,vz,m
1,1.0291861536903059E-9,6.00426154759263E-10,0.0,9.995739340923022E-10,1.0291864118118063E-9,0.0,0.999999999
2,-0.029186152661118576,0.999573845841163,0.0,-0.9995739330927286,-0.029186410782619857,0.0,1.0E-9
