id,x,y,z,vx,vy,vz,m
1,1.0395494517035814E-10,1.6000716930449135E-11,0.0,4.4399401850708096E-10,1.0373145480323238E-10,0.0,0.999999999
2,0.8960450549335971,0.44399928308555153,0.0,-0.44399401806308725,0.8962685453004996,0.0,1.0E-9
