id,x,y,z,vx,vy,vz,m
1,6.283308993663831E-10,2.61634796439819E-10,0.0,9.283652424572348E-10,6.283310511182321E-10,0.0,0.999999999
2,0.37166910126194863,0.9283652038218158,0.0,-0.9283652415288693,0.37166894951009916,0.0,1.0E-9
