id,x,y,z,vx,vy,vz,m
1,1.7734723546432826E-9,4.481868730361829E-9,0.0,-6.350289936840383E-10,1.7691855388890767E-9,0.0,0.999999999
2,-0.773472352869799,-0.6408687258799654,0.0,0.6350289930490116,-0.7691855371198928,0.0,1.0E-9
