id,x,y,z,vx,vy,vz,m
1,1.4874668774107007E-9,1.2068588627351992E-9,0.0,8.731412517724121E-10,1.4874673653599087E-9,0.0,0.999999999
2,-0.48746687592323285,0.8731411384716593,0.0,-0.8731412508992705,-0.48746736387244116,0.0,1.0E-9
