id,x,y,z,vx,vy,vz,m,t
2,-0.5702049255566545,0.35080095931647187,0.0,1.085198527672787,-0.17468552871352738,0.0,1.0,0.5000000000000002
3,-0.5106024174377738,-0.33810784656176995,0.0,-1.1045754241776293,-0.2925305163771815,0.0,1.0,0.5000000000000002
1,1.0808073429944274,-0.012693112754701849,0.0,0.019376896504841843,0.46721604509070863,0.0,1.0,0.5000000000000002
