id,x,y,z,vx,vy,vz,m
1,9.004988265635407E-10,4.754843590265121E-10,0.0,9.952109502940586E-10,8.996249897168146E-10,0.0,0.999999999
2,0.09950117433695797,0.9955156414489715,0.0,-0.9952109492988467,0.10037501118280828,0.0,1.0E-9
