id,x,y,z,vx,vy,vz,m
1,1.996096085251823E-9,3.3182662860511284E-9,0.0,-8.826689347579776E-11,1.9960972842279654E-9,0.0,0.999999999
2,-0.9960960832557251,-0.08826628273286309,0.0,0.08826689338753133,-0.9960972822318691,0.0,1.0E-9
