id,x,y,z,vx,vy,vz,m
1,1.6228805914582115E-9,4.822315386255607E-9,0.0,-7.823171264531119E-10,1.6228814564325292E-9,0.0,0.999999999
2,-0.6228805898353293,-0.7823153814332938,0.0,0.7823171256707953,-0.6228814548096511,0.0,1.0E-9
