id,x,y,z,vx,vy,vz,m
1,7.893501213509508E-10,5.923602431884624E-9,0.0,-9.74636499751434E-10,7.920662984876463E-10,0.0,0.999999999
2,0.21064987943841687,-0.9836024259610224,0.0,0.9746364987768024,0.20793370230441943,0.0,1.0E-9
