id,x,y,z,vx,vy,vz,m
1,3.763650332750033E-12,6.283339781076764E-9,0.0,8.666042297886079E-11,3.761313474869061E-12,0.0,0.999999999
2,0.996236349671016,0.08666022520656468,0.0,-0.0866604228922001,0.996238686528889,0.0,1.0E-9
