id,x,y,z,vx,vy,vz,m,t
1,-0.39530264877377447,0.03039983784711226,0.0,-0.06147870138023615,-0.197648477397554,0.0,0.6,2.560999999999829
2,0.5929539731606652,-0.045599756770670206,0.0,0.09221805207035585,0.2964727160963295,0.0,0.4,2.560999999999829
