id,x,y,z,vx,vy,vz,m,t
2,0.8224732967929493,0.33080921609480535,0.0,-0.790373606981371,0.2775380320532169,0.0,1.0,3.3999999999999715
3,0.2274799507524734,-0.19536850112461446,0.0,1.0124416681869874,-0.742797564623648,0.0,1.0,3.3999999999999715
1,-1.0499532475454258,-0.13544071497019097,0.0,-0.22206806120561728,0.46525953257043134,0.0,1.0,3.3999999999999715
