id,x,y,z,vx,vy,vz,m
1,5.120655414696544E-10,1.8790420724666663E-10,0.0,8.729807184553052E-10,5.115434709818996E-10,0.0,0.999999999
2,0.48793445904241095,0.8730957929412375,0.0,-0.8729807175823254,0.4884565295296422,0.0,1.0E-9
