id,x,y,z,vx,vy,vz,m
1,1.5274240663291336E-10,2.8817774535524265E-11,0.0,5.311822271398336E-10,1.527424739710741E-10,0.0,0.999999999
2,0.8472575935198294,0.5311822254932936,0.0,-0.5311822266086512,0.8472575261816686,0.0,1.0E-9
