id,x,y,z,vx,vy,vz,m
1,1.3515137165457432E-9,9.938175310073895E-10,0.0,9.361825854306346E-10,1.3515141192994388E-9,0.0,0.999999999
2,-0.3515137151942284,0.9361824699864278,0.0,-0.9361825844944516,-0.35151411794792403,0.0,1.0E-9
