id,x,y,z,vx,vy,vz,m,t
2,1.0777685106709514,-0.04500968372834946,0.0,0.06892234959588693,0.46728515020987893,0.0,1.0,2.53999999999999
3,-0.6432860143588037,0.357884818997019,0.0,1.0354352904243946,-0.030514336185700774,0.0,1.0,2.53999999999999
1,-0.43448249631215013,-0.3128751352686697,0.0,-1.104357640020282,-0.43677081402417794,0.0,1.0,2.53999999999999
