id,x,y,z,vx,vy,vz,m
1,8.607808686878437E-10,4.4029344468866093E-10,0.0,9.904226103991033E-10,8.599521595429206E-10,0.0,0.999999999
2,0.1392191321729369,0.9907065557516319,0.0,-0.9904226094086798,0.14004784131702933,0.0,1.0E-9
