id,x,y,z,vx,vy,vz,m,t
1,-0.3761735948981642,0.06713184705015125,0.0,-0.14068505179885937,-0.18756090371946801,0.0,0.6,2.37099999999985
2,0.5642603923472505,-0.10069777057522837,0.0,0.21102757769829075,0.2813413555792002,0.0,0.4,2.37099999999985
