id,x,y,z,vx,vy,vz,m
1,5.26568262425381E-11,6.320690606241911E-9,0.0,3.3615526229738614E-10,6.133061962469025E-11,0.0,0.999999999
2,0.947343173810147,0.3393094000787716,0.0,-0.33615526196122414,0.9386693804366406,0.0,1.0E-9
