id,x,y,z,vx,vy,vz,m,t
2,0.5963811936930975,-0.016649610465193778,0.0,0.043932876425659226,0.3005349986869665,0.0,0.4,2.629999999999988
1,-0.3975874624620659,0.011099740310129681,0.0,-0.02928858428377304,-0.20035666579131065,0.0,0.6,2.629999999999988
