id,x,y,z,vx,vy,vz,m
1,1.3720401029915869E-10,2.4399354032825848E-11,0.0,5.055915368812175E-10,1.3694821090154243E-10,0.0,0.999999999
2,0.8627959898380453,0.5056006459915735,0.0,-0.5055915363756259,0.863051789235406,0.0,1.0E-9
