id,x,y,z,vx,vy,vz,m
1,8.66343479999611E-11,6.327668162567399E-9,0.0,4.1840097137540216E-10,9.494852888784627E-11,0.0,0.999999999
2,0.9133656520867021,0.42233184376026306,0.0,-0.4184009709569945,0.9050514712071023,0.0,1.0E-9
