id,x,y,z,vx,vy,vz,m
1,8.69564361101172E-10,4.4854333271495425E-10,0.0,9.9145673605351E-10,8.69564569438935E-10,0.0,0.999999999
2,0.13043563976839323,0.9914566677335892,0.0,-0.9914567350620532,0.13043543143062963,0.0,1.0E-9
