id,x,y,z,vx,vy,vz,m,t
2,0.2822121683222051,0.22616251688369732,0.0,-0.7504459780701772,0.03639774380412503,0.0,0.4,0.9700000000000006
1,-0.18814144554813675,-0.15077501125579829,0.0,0.5002973187134514,-0.024265162536083337,0.0,0.6,0.9700000000000006
