id,x,y,z,vx,vy,vz,m,t
1,-0.39504561929828486,-0.0313510982924322,0.0,0.06315207108345504,-0.19749623477296763,0.0,0.6,2.870999999999795
2,0.5925684289474313,0.047026647438646235,0.0,-0.09472810662518089,0.2962443521594511,0.0,0.4,2.870999999999795
