id,x,y,z,vx,vy,vz,m,t
1,-0.39971748518290756,-0.007479853612446478,0.0,0.014830094326427111,-0.19986361799598598,0.0,0.6,2.750999999999808
2,0.5995762277743653,0.011219780418667705,0.0,-0.02224514148963902,0.2997954269939786,0.0,0.4,2.750999999999808
