id,x,y,z,vx,vy,vz,m
1,3.108884340522666E-11,2.58059355654338E-12,0.0,2.474189300517332E-10,3.0965061829441966E-11,0.0,0.999999999
2,0.9689111566258627,0.24741940644603716,0.0,-0.24741892980431454,0.9690349382015233,0.0,1.0E-9
