id,x,y,z,vx,vy,vz,m
1,1.306843630865616E-10,6.286795977866272E-9,0.0,-5.020555180511739E-10,1.3905863145723755E-10,0.0,0.999999999
2,0.8693156370441454,-0.5067959715794798,0.0,0.5020555175491254,0.8609413686818199,0.0,1.0E-9
