id,x,y,z,vx,vy,vz,m
1,6.811318781898665E-12,6.2834963460831726E-9,0.0,1.1650392824510735E-10,6.808992836445731E-12,0.0,0.999999999
2,0.9931886812249151,0.11650366020031297,0.0,-0.11650392812860315,0.99319100717036,0.0,1.0E-9
