id,x,y,z,vx,vy,vz,m,t
2,0.18058758059286767,-0.21831884935390522,0.0,0.9353158331053704,-0.13425547782634395,0.0,0.4,1.6200000000000012
1,-0.12039172039524544,0.14554589956927025,0.0,-0.623543888736914,0.08950365188422969,0.0,0.6,1.6200000000000012
