id,x,y,z,vx,vy,vz,m,t
2,-0.37214599895059874,0.2849891280269407,0.0,1.0868541239652667,-0.5449512827894673,0.0,1.0,0.6800000000000004
3,-0.7005319846877746,-0.3564021239393609,0.0,-0.9758688974455882,0.07766172591830793,0.0,1.0,0.6800000000000004
1,1.0726779836383722,0.07141299591242023,0.0,-0.11098522651967924,0.46728955687115925,0.0,1.0,0.6800000000000004
