id,x,y,z,vx,vy,vz,m
1,3.1719456650653457E-10,6.219054897045035E-9,0.0,-7.321804860561495E-10,3.239651120325051E-10,0.0,0.999999999
2,0.6828054338106804,-0.7390548908259883,0.0,0.7321804853239746,0.6760348882914584,0.0,1.0E-9
