id,x,y,z,vx,vy,vz,m
1,1.6686702362331868E-9,4.723557502499094E-9,0.0,-7.435591640303622E-10,1.6686711674202288E-9,0.0,0.999999999
2,-0.6686702345645149,-0.7435574977755375,0.0,0.7435591632868036,-0.6686711657515608,0.0,1.0E-9
