id,x,y,z,vx,vy,vz,m
1,6.499985216737672E-10,6.006747545464112E-9,0.0,-9.367497056298394E-10,6.49997539136843E-10,0.0,0.999999999
2,0.350001478976233,-0.9367475394573697,0.0,0.9367497046930904,0.35000246151315073,0.0,1.0E-9
