id,x,y,z,vx,vy,vz,m,t
2,-0.9287294165902676,0.276509294784172,0.0,0.5682953366010121,0.4005642059355111,0.0,1.0,0.08
3,-0.07487092275379542,-0.06882319400340678,0.0,-0.9427087341780079,-0.8514714786501913,0.0,1.0,0.08
1,1.0036003393440627,-0.20768610078076521,0.0,0.374413397576996,0.4509072727146802,0.0,1.0,0.08
