id,x,y,z,vx,vy,vz,m,t
1,-0.3899995039017544,0.04414631010847288,0.0,-0.09011970581169483,-0.19492705842903096,0.0,0.6,2.4909999999998367
2,0.5849992558526357,-0.06621946516271099,0.0,0.13517955871754378,0.29239058764354453,0.0,0.4,2.4909999999998367
