id,x,y,z,vx,vy,vz,m,t
2,0.6375185194700498,0.35750803632700573,0.0,-1.0404964590819645,-0.04166853748110674,0.0,1.0,3.5999999999999672
3,0.44063457389675825,-0.31544158270436734,0.0,1.1052274260220545,-0.42562991697318586,0.0,1.0,3.5999999999999672
1,-1.0781530933668106,-0.04206645362263839,0.0,-0.06473096694009056,0.46729845445429274,0.0,1.0,3.5999999999999672
