id,x,y,z,vx,vy,vz,m,t
2,0.22827346957840838,0.1958228827471596,0.0,-1.013024673007415,-0.7417895197923171,0.0,1.0,3.979999999999959
3,0.821816944880017,-0.3312270880480591,0.0,0.7915086330046182,0.27656745998799875,0.0,1.0,3.979999999999959
1,-1.0500904144584287,0.13540420530089958,0.0,0.22151604000279668,0.4652220598043184,0.0,1.0,3.979999999999959
