id,x,y,z,vx,vy,vz,m
1,2.0196435133423006E-10,6.327392382932058E-9,0.0,6.026090406189872E-10,2.019625479563033E-10,0.0,0.999999999
2,0.7980356488677367,0.6026076233953229,0.0,-0.6026090400163783,0.7980374522456564,0.0,1.0E-9
