id,x,y,z,vx,vy,vz,m
1,6.684333902425087E-11,6.32341965833049E-9,0.0,3.730776972919234E-10,7.536572297359938E-11,0.0,0.999999999
2,0.9331566610426211,0.3765803479929218,0.0,-0.373077696918839,0.9246342771017666,0.0,1.0E-9
