id,x,y,z,vx,vy,vz,m,t
2,0.962059476360881,0.2501820420710462,0.0,-0.4867664497192404,0.42702335647019235,0.0,1.0,3.179999999999976
3,0.01567989188086474,-0.014541171675276687,0.0,0.9327574830634207,-0.8642780246512821,0.0,1.0,3.179999999999976
1,-0.9777393682417482,-0.23564087039576975,0.0,-0.4459910333441811,0.4372546681810902,0.0,1.0,3.179999999999976
