id,x,y,z,vx,vy,vz,m
1,1.3798637400387316E-10,6.340811843796297E-9,0.0,5.143485264911479E-10,1.457704953394821E-10,0.0,0.999999999
2,0.8620136261341421,0.5191881625445056,0.0,-0.5143485259767927,0.8542295048062886,0.0,1.0E-9
