id,x,y,z,vx,vy,vz,m,t
1,-0.3964511328837843,0.026440908782909292,0.0,-0.05337457968153272,-0.19823032504210705,0.0,0.6,2.5809999999998268
2,0.59467669932568,-0.039661363174365784,0.0,0.08006186952230074,0.29734548756315915,0.0,0.4,2.5809999999998268
