id,x,y,z,vx,vy,vz,m,t
2,1.080602629571655,-0.01697460250449407,0.0,0.025694228062729203,0.4672199596720916,0.0,1.0,2.5999999999999885
3,-0.5797129318868047,0.35233733355298874,0.0,1.080365607740171,-0.15577686945423758,0.0,1.0,2.5999999999999885
1,-0.5008896976848527,-0.33536273104849484,0.0,-1.1060598358029006,-0.3114430902178539,0.0,1.0,2.5999999999999885
