id,x,y,z,vx,vy,vz,m
1,1.779784364658136E-9,4.464145403777747E-9,0.0,-6.273626723187684E-10,1.775467253186708E-9,0.0,0.999999999
2,-0.7797843628783403,-0.6331453993136068,0.0,0.627362671691408,-0.7754672514112421,0.0,1.0E-9
