id,x,y,z,vx,vy,vz,m,t
2,0.5961665327003403,0.028448756452190936,0.0,-0.046772097623361854,0.2996382217506995,0.0,0.4,2.7799999999999847
1,-0.39744435513356113,-0.01896583763479342,0.0,0.031181398415574345,-0.19975881450046604,0.0,0.6,2.7799999999999847
