id,x,y,z,vx,vy,vz,m
1,1.8796680909330775E-9,4.135213404199995E-9,0.0,-4.79474856643591E-10,1.87493438872465E-9,0.0,0.999999999
2,-0.8796680890533998,-0.4842134000647825,0.0,0.47947485616411933,-0.8749343868497154,0.0,1.0E-9
