id,x,y,z,vx,vy,vz,m
1,1.125322954928845E-9,5.5987457399165255E-9,0.0,-9.888122250528007E-10,1.1253230342061674E-9,0.0,0.999999999
2,-0.12532295380350683,-0.9977457343177839,0.0,0.9888122240639918,-0.12532303308084594,0.0,1.0E-9
