id,x,y,z,vx,vy,vz,m
1,1.7133061799353677E-9,4.63844589031799E-9,0.0,-7.0110218912741E-10,1.7093259576973105E-9,0.0,0.999999999
2,-0.7133061782220498,-0.7074458856795461,0.0,0.7011021884263107,-0.7093259559879868,0.0,1.0E-9
