id,x,y,z,vx,vy,vz,m
1,3.7096822132631155E-11,6.279841304983436E-9,0.0,-2.6984194015874157E-10,3.709451923574748E-11,0.0,0.999999999
2,0.9629031779044682,-0.2698412987036016,0.0,0.26984193988889993,0.9629054808013433,0.0,1.0E-9
