id,x,y,z,vx,vy,vz,m,t
2,1.0611183853166775,0.10917178081602964,0.0,-0.1745786949133695,0.46668092972981084,0.0,1.0,2.869999999999983
3,-0.28547747890813585,0.23536274033910787,0.0,1.0453019082683688,-0.6736437264071662,0.0,1.0,2.869999999999983
1,-0.775640906408544,-0.34453452115513783,0.0,-0.8707232133549999,0.20696279667735573,0.0,1.0,2.869999999999983
