id,x,y,z,vx,vy,vz,m
1,5.139436482054651E-10,6.093925727692739E-9,0.0,-8.739277555384349E-10,5.13942371392856E-10,0.0,0.999999999
2,0.4860563523084806,-0.8739257215988181,0.0,0.8739277546645079,0.48605762912108247,0.0,1.0E-9
