id,x,y,z,vx,vy,vz,m,t
2,-0.9049127012287133,0.292095391869345,0.0,0.6228693107688822,0.3779403486210667,0.0,1.0,0.11999999999999998
3,-0.11281453888588844,-0.10256708925916189,0.0,-0.9551813165267402,-0.8346247458393533,0.0,1.0,0.11999999999999998
1,1.0177272401146011,-0.18952830261018316,0.0,0.33231200575785835,0.45668439721828663,0.0,1.0,0.11999999999999998
