id,x,y,z,vx,vy,vz,m,t
2,0.573616095678914,-0.07889418975233123,0.0,0.17397790951482828,0.28980863528636935,0.0,0.4,2.4199999999999924
1,-0.38241073045261015,0.05259612650155458,0.0,-0.11598527300988572,-0.1932057568575793,0.0,0.6,2.4199999999999924
