id,x,y,z,vx,vy,vz,m,t
2,0.516090374770521,-0.1423589664219008,0.0,0.32959577898997494,0.2577908736622811,0.0,0.4,2.1899999999999973
1,-0.3440602498470146,0.09490597761460091,0.0,-0.2197305193266502,-0.1718605824415204,0.0,0.6,2.1899999999999973
