id,x,y,z,vx,vy,vz,m,t
1,-0.3999905480843572,5.185455161010196E-4,0.0,-0.0011747015565775596,-0.20000297751381857,0.0,0.6,2.7109999999998124
2,0.5999858221265394,-7.778182741535204E-4,0.0,0.001762052334867984,0.30000446627072735,0.0,0.4,2.7109999999998124
