id,x,y,z,vx,vy,vz,m,t
2,0.3444484770618729,-0.21517097311339603,0.0,0.6463402222502633,0.1187055038994432,0.0,0.4,1.8300000000000014
1,-0.22963231804124903,0.1434473154089309,0.0,-0.4308934815001757,-0.0791370025996284,0.0,0.6,1.8300000000000014
