id,x,y,z,vx,vy,vz,m
1,1.8318411481356798E-9,4.285011863416758E-9,0.0,-5.550131718394578E-10,1.8318422820647813E-9,0.0,0.999999999
2,-0.8318411463038368,-0.5550118591317463,0.0,0.5550131712844449,-0.8318422802329419,0.0,1.0E-9
