id,x,y,z,vx,vy,vz,m
1,1.9988290308574685E-9,3.238362747947634E-9,0.0,-4.8363305855626775E-11,1.9988302182121185E-9,0.0,0.999999999
2,-0.9988290288586377,-0.048362744709271877,0.0,0.048363305807263925,-0.9988302162132893,0.0,1.0E-9
