id,x,y,z,vx,vy,vz,m,t
2,1.0084653522853497,0.20158976914843416,0.0,-0.36020692806991694,0.45307401982079315,0.0,1.0,3.0699999999999785
3,-0.08731355200931645,0.0800283247798528,0.0,0.9462072860567277,-0.8468233422606761,0.0,1.0,3.0699999999999785
1,-0.9211518002760359,-0.2816180939282871,0.0,-0.5860003579868116,0.39374932243988336,0.0,1.0,3.0699999999999785
