id,x,y,z,vx,vy,vz,m
1,2.8908188237563666E-10,7.672523665343748E-11,0.0,7.032747714340441E-10,2.89081975084677E-10,0.0,0.999999999
2,0.7109181179134458,0.7032747634232878,0.0,-0.703274770730769,0.7109180252044052,0.0,1.0E-9
