id,x,y,z,vx,vy,vz,m,t
2,0.4835747085751859,-0.3304095601937345,0.0,1.1073351501706787,-0.3449444507089812,0.0,1.0,1.5300000000000011
3,-1.0801212693324915,-0.024039400844369112,0.0,-0.036771775208333586,0.4672684588981551,0.0,1.0,1.5300000000000011
1,0.5965465607573041,0.3544489610381036,0.0,-1.0705633749623458,-0.12232400818917431,0.0,1.0,1.5300000000000011
