id,x,y,z,vx,vy,vz,m,t
1,-0.33909156242236804,0.1026884858059226,0.0,-0.23200622646677874,-0.16566479113663504,0.0,0.6,2.170999999999872
2,0.5086373436335553,-0.1540327287088852,0.0,0.3480093397001702,0.24849718670495125,0.0,0.4,2.170999999999872
