id,x,y,z,vx,vy,vz,m,t
1,-0.39743781328742317,0.022471186714059406,0.0,-0.045297625446282096,-0.1987279906474579,0.0,0.6,2.6009999999998246
2,0.5961567199311383,-0.03370678007109099,0.0,0.06794643816942483,0.2980919859711856,0.0,0.4,2.6009999999998246
