id,x,y,z,vx,vy,vz,m,t
2,0.20024678666327134,0.22361971491926477,0.0,-0.8939904464672259,-0.09949919551026219,0.0,0.4,1.0700000000000007
1,-0.13349785777551432,-0.14907980994617656,0.0,0.5959936309781505,0.06633279700684148,0.0,0.6,1.0700000000000007
