id,x,y,z,vx,vy,vz,m
1,2.427495047906511E-12,6.312053328309395E-9,0.0,-1.3080617941756306E-10,1.1808181951435995E-11,0.0,0.999999999
2,0.9975725049545464,-0.13205332199734587,0.0,0.1308061792867639,0.9881918180603715,0.0,1.0E-9
