id,x,y,z,vx,vy,vz,m
1,1.8533701953008312E-9,4.21130337710128E-9,0.0,-5.213046270205306E-10,1.8533713506176855E-9,0.0,0.999999999
2,-0.8533701934474592,-0.5213033728899766,0.0,0.5213046264992264,-0.8533713487643169,0.0,1.0E-9
