id,x,y,z,vx,vy,vz,m
1,-3.654622320155873E-12,6.312562648388061E-9,0.0,-7.187108437242014E-11,5.752842409304477E-12,0.0,0.999999999
2,1.003654622316527,-0.07256264207550418,0.0,0.07187108430055608,0.9942471575964482,0.0,1.0E-9
