id,x,y,z,vx,vy,vz,m,t
1,-0.28996891612454684,-0.12926508845024695,0.0,0.32573136187875623,-0.1306839615389676,0.0,0.6,0.7200000000000005
2,0.43495337418682106,0.1938976326753703,0.0,-0.48859704281813404,0.196025942308451,0.0,0.4,0.7200000000000005
