id,x,y,z,vx,vy,vz,m,t
2,0.42500328792367176,0.19773553868858035,0.0,-0.5062092423648007,0.18800511553543597,0.0,0.4,0.7400000000000004
1,-0.28333552528244776,-0.1318236924590536,0.0,0.33747282824320035,-0.12533674369029063,0.0,0.6,0.7400000000000004
