id,x,y,z,vx,vy,vz,m
1,3.0332649552987693E-10,8.249647154563981E-11,0.0,7.174606937888817E-10,3.029453934031276E-10,0.0,0.999999999
2,0.6966735047734497,0.7175035285368571,0.0,-0.7174606930714215,0.6970546068998169,0.0,1.0E-9
