id,x,y,z,vx,vy,vz,m,t
1,0.0031381877475562775,0.09757756698818255,0.0,-0.7997218422639919,0.6257255241111067,0.0,0.6,1.450999999999951
2,-0.004707281621333139,-0.14636635048227448,0.0,1.1995827633959883,-0.9385882861666609,0.0,0.4,1.450999999999951
