id,x,y,z,vx,vy,vz,m,t
2,-0.1850381626016186,0.1628828078535696,0.0,0.9889259890313506,-0.7838770875084144,0.0,1.0,0.8600000000000005
3,-0.8546862168617264,-0.31819183430383763,0.0,-0.7288158678455379,0.3206600740993884,0.0,1.0,0.8600000000000005
1,1.0397243794633444,0.15530902645026815,0.0,-0.26011012118581367,0.463217013409026,0.0,1.0,0.8600000000000005
