id,x,y,z,vx,vy,vz,m
1,4.096671597787454E-10,6.174768201302965E-9,0.0,-8.07214322576788E-10,4.1563432981738245E-10,0.0,0.999999999
2,0.590332840630941,-0.8147681951282052,0.0,0.807214321769579,0.5843656705982505,0.0,1.0E-9
