id,x,y,z,vx,vy,vz,m
1,1.2947444001721977E-9,9.144241075559632E-10,0.0,9.555760064546354E-10,1.2947447721950344E-9,0.0,0.999999999
2,-0.29474439887745235,0.9555758933584608,0.0,-0.9555760054990589,-0.2947447709002893,0.0,1.0E-9
