id,x,y,z,vx,vy,vz,m
1,1.8385712303908365E-9,4.283606395997848E-9,0.0,-5.474010261419582E-10,1.8339926947257678E-9,0.0,0.999999999
2,-0.838571228552254,-0.5526063917142431,0.0,0.5474010255945596,-0.8339926928917769,0.0,1.0E-9
