id,x,y,z,vx,vy,vz,m
1,7.632443309526272E-11,6.273171385170958E-9,0.0,-3.831722866098526E-10,7.632220832229824E-11,0.0,0.999999999
2,0.9236755669810642,-0.38317137889779335,0.0,0.3831722862266806,0.9236777917540202,0.0,1.0E-9
