id,x,y,z,vx,vy,vz,m,t
2,-0.8855959619303567,0.3031326706601853,0.0,0.6650525792033406,0.35739324063084077,0.0,1.0,0.15
3,-0.14164743918394884,-0.12735480793973936,0.0,-0.9673421013534863,-0.8172768876098205,0.0,1.0,0.15
1,1.027243401114305,-0.17577786272044596,0.0,0.30228952215014593,0.4598836469789797,0.0,1.0,0.15
