id,x,y,z,vx,vy,vz,m,t
2,0.8742466717697047,0.30891482233116135,0.0,-0.6890248942308483,0.3444840496219188,0.0,1.0,3.329999999999973
3,0.1579600088353149,-0.1410253002697896,0.0,0.9749760008763542,-0.8058489703370976,0.0,1.0,3.329999999999973
1,-1.0322066806050223,-0.16788952206137184,0.0,-0.28595110664550666,0.461364920715179,0.0,1.0,3.329999999999973
