id,x,y,z,vx,vy,vz,m,t
1,-0.07312218382859519,0.13646078956059715,0.0,-0.7052840624968562,0.2221492054503039,0.0,0.6,1.55099999999994
2,0.10968327574289413,-0.20469118434089648,0.0,1.0579260937452848,-0.3332238081754568,0.0,0.4,1.55099999999994
