id,x,y,z,vx,vy,vz,m,t
2,1.0340087975488548,0.16495192365096542,0.0,-0.27988540844862886,0.46184903117100967,0.0,1.0,2.9899999999999802
3,-0.16418006243010735,0.14613873320325962,0.0,0.9780636681656913,-0.801119100538156,0.0,1.0,2.9899999999999802
1,-0.8698287351187498,-0.31109065685422527,0.0,-0.6981782597170633,0.3392700693671468,0.0,1.0,2.9899999999999802
