id,x,y,z,vx,vy,vz,m
1,1.6397953831561874E-9,4.80577857491062E-9,0.0,-7.679006698259871E-10,1.636226632458458E-9,0.0,0.999999999
2,-0.6397953815163804,-0.7747785701048429,0.0,0.7679006690580892,-0.6362266308222337,0.0,1.0E-9
