id,x,y,z,vx,vy,vz,m
1,1.7026989848368968E-9,1.6385133003065682E-9,0.0,7.114867708457232E-10,1.7026996515320862E-9,0.0,0.999999999
2,-0.7026989831341964,0.7114867013319447,0.0,-0.7114867701342354,-0.7026996498293862,0.0,1.0E-9
