id,x,y,z,vx,vy,vz,m
1,8.77786836904248E-10,5.848379771758458E-9,0.0,-9.893208008509206E-10,8.797687567114879E-10,0.0,0.999999999
2,0.12221316397355622,-0.9983797659100804,0.0,0.9893207998616046,0.12023124416828034,0.0,1.0E-9
