id,x,y,z,vx,vy,vz,m,t
2,1.0806556894040253,0.015730263656594003,0.0,-0.024175189404358564,0.46722514998006764,0.0,1.0,2.669999999999987
3,-0.5030298319501224,0.3361289368250349,0.0,1.1057082031122134,-0.3073596377805225,0.0,1.0,2.669999999999987
1,-0.5776258574539053,-0.3518592004816291,0.0,-1.0815330137078552,-0.15986551219954498,0.0,1.0,2.669999999999987
