id,x,y,z,vx,vy,vz,m
1,6.274211129065352E-10,6.044489421501696E-9,0.0,-9.259040342981921E-10,6.315083205380305E-10,0.0,0.999999999
2,0.37257888772090425,-0.9344894154572113,0.0,0.925904033372293,0.3684916800934773,0.0,1.0E-9
