id,x,y,z,vx,vy,vz,m,t
1,-0.3998199830841072,-0.005999099266249897,0.0,0.012002251925685992,-0.19990996113343243,0.0,0.6,0.03000000000000002
2,0.5997299746261607,0.00899864889937484,0.0,-0.018003377888528987,0.29986494170014855,0.0,0.4,0.03000000000000002
