id,x,y,z,vx,vy,vz,m,t
2,0.4875892672501128,0.16791029994194437,0.0,-0.39072748882504005,0.23460722417770818,0.0,0.4,0.6000000000000003
1,-0.3250595115000751,-0.11194019996129627,0.0,0.26048499255002666,-0.15640481611847215,0.0,0.6,0.6000000000000003
