id,x,y,z,vx,vy,vz,m
1,1.189257567980384E-9,7.782795640700831E-10,0.0,9.822802838970992E-10,1.1879630897988225E-9,0.0,0.999999999
2,-0.18925756679112607,0.9827204367081978,0.0,-0.9822802829148182,-0.18796308861086147,0.0,1.0E-9
