id,x,y,z,vx,vy,vz,m,t
2,0.9923367468274122,-0.2207526386916619,0.0,0.406307521940451,0.4453784956691052,0.0,1.0,2.159999999999998
3,-0.9445315849270738,0.26486879568773203,0.0,0.5304109313929989,0.41387462071160397,0.0,1.0,2.159999999999998
1,-0.047805161900341,-0.044116156996070535,0.0,-0.9367184533334509,-0.8592531163807092,0.0,1.0,2.159999999999998
