id,x,y,z,vx,vy,vz,m,t
2,-0.08845370667771316,0.08099076965601133,0.0,0.9466133485550505,-0.8462748456208955,0.0,1.0,0.9600000000000006
3,-0.9204324842962253,-0.2821955488488957,0.0,-0.5876482825051978,0.393076490813996,0.0,1.0,0.9600000000000006
1,1.0088861909739375,0.2012047791928845,0.0,-0.3589650660498536,0.45319835480689946,0.0,1.0,0.9600000000000006
