id,x,y,z,vx,vy,vz,m,t
2,0.49120507712293865,-0.15987419886770843,0.0,0.3819063791303282,0.24207218899744076,0.0,0.4,2.1199999999999988
1,-0.32747005141529306,0.10658279924513929,0.0,-0.25460425275355236,-0.16138145933162684,0.0,0.6,2.1199999999999988
