id,x,y,z,vx,vy,vz,m,t
2,0.597748928962944,0.013437254363936092,0.0,-0.01653656030530602,0.3006993092028726,0.0,0.4,2.7299999999999858
1,-0.3984992859752969,-0.00895816957595687,0.0,0.011024373536870451,-0.2004662061352481,0.0,0.6,2.7299999999999858
