id,x,y,z,vx,vy,vz,m,t
1,-0.30163069547682686,0.12419922805915364,0.0,-0.3047344225618482,-0.13974742442421814,0.0,0.6,2.0309999999998873
2,0.4524460432152426,-0.18629884208873168,0.0,0.45710163384277486,0.20962113663632584,0.0,0.4,2.0309999999998873
