id,x,y,z,vx,vy,vz,m
1,1.8648949331259846E-9,4.1912425481254595E-9,0.0,-5.053288041300757E-10,1.8602138506572464E-9,0.0,0.999999999
2,-0.864894931261079,-0.5102425439342188,0.0,0.5053288036247497,-0.8602138487970338,0.0,1.0E-9
