id,x,y,z,vx,vy,vz,m,t
2,-0.7239489253364774,0.3539929533468354,0.0,0.9462841939967951,0.11974389317608992,0.0,1.0,0.35000000000000014
3,-0.3457917802522158,-0.2712088010722003,0.0,-1.0759094601349828,-0.5869560149617883,0.0,1.0,0.35000000000000014
1,1.0697407055886925,-0.08278415227463504,0.0,0.12962526613818795,0.4672121217856981,0.0,1.0,0.35000000000000014
