id,x,y,z,vx,vy,vz,m,t
1,-0.3966140266832928,-0.025926406429648375,0.0,0.05218412416414834,-0.19829619607331722,0.0,0.6,0.1300000000000001
2,0.5949210400249393,0.038889609644472536,0.0,-0.07827618624622251,0.29744429410997586,0.0,0.4,0.1300000000000001
