id,x,y,z,vx,vy,vz,m,t
1,-0.28668248851164074,-0.13055885582896198,0.0,0.3315656970977135,-0.12805505207250442,0.0,0.6,0.7300000000000005
2,0.430023732767462,0.19583828374344284,0.0,-0.49734854564657,0.1920825781087562,0.0,0.4,0.7300000000000005
