id,x,y,z,vx,vy,vz,m,t
1,-0.3779667787521034,-0.06476304889400193,0.0,0.13510773612291174,-0.18850865309535045,0.0,0.6,0.33000000000000024
2,0.5669501681281551,0.09714457334100282,0.0,-0.20266160418436752,0.2827629796430253,0.0,0.4,0.33000000000000024
