id,x,y,z,vx,vy,vz,m
1,1.1450143301365778E-10,6.264638736645275E-9,0.0,-4.646398289772917E-10,1.1449928770459043E-10,0.0,0.999999999
2,0.8854985671008461,-0.4646387303806439,0.0,0.4646398285126522,0.885500712409905,0.0,1.0E-9
