id,x,y,z,vx,vy,vz,m,t
2,0.2364177803355228,-0.2018842749405462,0.0,1.0175220182799,-0.7330026966070522,0.0,1.0,1.300000000000001
3,-1.0518676624163013,-0.13145192174227865,0.0,-0.2144714947003121,0.46557014214053966,0.0,1.0,1.300000000000001
1,0.815449882080777,0.3333361966828249,0.0,-0.8030505235795891,0.26743255446651226,0.0,1.0,1.300000000000001
