id,x,y,z,vx,vy,vz,m,t
2,-0.30778049084846115,0.2492569844157535,0.0,1.057318286389751,-0.6432347276510535,0.0,1.0,0.7400000000000004
3,-0.7568544569740885,-0.34869946469515156,0.0,-0.8997976347517026,0.17629539990180212,0.0,1.0,0.7400000000000004
1,1.0646349478225487,0.09944248027939813,0.0,-0.15752065163804918,0.4669393277492513,0.0,1.0,0.7400000000000004
