id,x,y,z,vx,vy,vz,m
1,6.857194260826718E-10,3.013521233151862E-10,0.0,9.494536013614576E-10,6.850618139561291E-10,0.0,0.999999999
2,0.31428057460304726,0.9496478769861653,0.0,-0.9494536004120042,0.31493818672893104,0.0,1.0E-9
