id,x,y,z,vx,vy,vz,m
1,4.865774242414897E-11,6.278131091701334E-9,0.0,-3.0813181690183854E-10,4.865546195590437E-11,0.0,0.999999999
2,0.9513422576245113,-0.3081310854232103,0.0,0.308131816593707,0.9513445380927473,0.0,1.0E-9
