id,x,y,z,vx,vy,vz,m
1,1.5978218492985076E-9,1.4076155376807412E-9,0.0,8.029643667184838E-10,1.5955214709743512E-9,0.0,0.999999999
2,-0.5978218477006841,0.8033844637268728,0.0,-0.8029643659155182,-0.5955214693788319,0.0,1.0E-9
