id,x,y,z,vx,vy,vz,m
1,7.768641169026107E-11,6.2935617799198086E-9,0.0,3.864391306780817E-10,7.768428667391184E-11,0.0,0.999999999
2,0.9223135883874278,0.3864382263737422,0.0,-0.38643913029164234,0.9223157134037693,0.0,1.0E-9
