id,x,y,z,vx,vy,vz,m
1,1.4658412448026542E-9,5.131653136702088E-9,0.0,-8.827860050613021E-10,1.4633668484303401E-9,0.0,0.999999999
2,-0.46584124333679955,-0.8906531315704426,0.0,0.8827860041785184,-0.4633668469669751,0.0,1.0E-9
