id,x,y,z,vx,vy,vz,m,t
2,-0.9110722063207519,0.2882852766633747,0.0,0.6090317076388552,0.3840826925729962,0.0,1.0,0.10999999999999999
3,-0.1032804222604165,-0.09419647456135594,0.0,-0.9516420085676455,-0.8394981937218358,0.0,1.0,0.10999999999999999
1,1.014352628581168,-0.1940888021020188,0.0,0.3426103009287906,0.45541550114883955,0.0,1.0,0.10999999999999999
