id,x,y,z,vx,vy,vz,m,t
2,-0.28674643016723866,0.23610276709448177,0.0,1.046032688068683,-0.6719248273046443,0.0,1.0,0.7600000000000005
3,-0.7745773544750505,-0.34488149669633383,0.0,-0.8723947746822512,0.20525129201393322,0.0,1.0,0.7600000000000005
1,1.0613237846422883,0.10877872960185211,0.0,-0.17363791338643253,0.466673535290711,0.0,1.0,0.7600000000000005
