id,x,y,z,vx,vy,vz,m
1,6.657525887383753E-10,2.8751470737592984E-10,0.0,9.424853358904328E-10,6.657527481097143E-10,0.0,0.999999999
2,0.33424741192737817,0.9424852929115849,0.0,-0.9424853349479473,0.3342472525560386,0.0,1.0E-9
