id,x,y,z,vx,vy,vz,m,t
2,-0.004087866903624688,0.003743647506301828,0.0,0.9323761764351908,-0.8647347692749241,0.0,1.0,1.0500000000000007
3,-0.9680020575776426,-0.24495315145109892,0.0,-0.4715043094078487,0.4310692313789488,0.0,1.0,1.0500000000000007
1,0.9720899244812661,0.2412095039447973,0.0,-0.46087186702734295,0.4336655378959752,0.0,1.0,1.0500000000000007
