id,x,y,z,vx,vy,vz,m
1,1.9356467307626342E-10,6.35807192609225E-9,0.0,5.963084146839339E-10,2.0078452197574623E-10,0.0,0.999999999
2,0.8064353271173306,0.6019280802658142,0.0,-0.5963084140876187,0.7992154782250385,0.0,1.0E-9
