id,x,y,z,vx,vy,vz,m
1,2.773911702391723E-10,6.211254927075555E-9,0.0,-6.912565452894189E-10,2.773893763503444E-10,0.0,0.999999999
2,0.722608830038221,-0.6912549208643074,0.0,0.6912565445981625,0.7226106239270412,0.0,1.0E-9
