id,x,y,z,vx,vy,vz,m,t
2,0.592650591383652,-0.03463987456819001,0.0,0.08047146733377603,0.2989575054094188,0.0,0.4,2.569999999999989
1,-0.3951003942557689,0.02309324971212715,0.0,-0.05364764488918424,-0.1993050036062789,0.0,0.6,2.569999999999989
