id,x,y,z,vx,vy,vz,m,t
2,-0.8720094456243959,0.31012661902409205,0.0,0.6936382909345757,0.34180433303647223,0.0,1.0,0.17
3,-0.16108590083853014,-0.14356371300885673,0.0,-0.9766111219283051,-0.8033756990100825,0.0,1.0,0.17
1,1.0330953464629253,-0.16656290601523532,0.0,0.2829728309937297,0.46157136597361026,0.0,1.0,0.17
