id,x,y,z,vx,vy,vz,m
1,1.0459052204120844E-9,5.6856232624799935E-9,0.0,-9.955897233656201E-10,1.0465277151075378E-9,0.0,0.999999999
2,-0.045905219366162923,-1.004623256794375,0.0,0.9955897223700338,-0.04652771406101158,0.0,1.0E-9
