id,x,y,z,vx,vy,vz,m,t
2,0.38707379165558936,-0.20531224704608203,0.0,0.5728576879585708,0.16107488862960276,0.0,0.4,1.9000000000000015
1,-0.2580491944370601,0.1368748313640549,0.0,-0.381905125305714,-0.10738325908640142,0.0,0.6,1.9000000000000015
