id,x,y,z,vx,vy,vz,m,t
2,0.5762456540208069,0.08449300917394145,0.0,-0.16368825808713422,0.2883045731738888,0.0,0.4,2.9699999999999807
1,-0.38416376934720536,-0.05632867278262705,0.0,0.10912550539142259,-0.1922030487825923,0.0,0.6,2.9699999999999807
