id,x,y,z,vx,vy,vz,m,t
2,-0.04143020446904308,0.03827338067035675,0.0,0.9355495334786736,-0.8607188336456076,0.0,1.0,1.0100000000000007
3,-0.9481484152040082,-0.26192132546358243,0.0,-0.5215789255172346,0.41676103928368347,0.0,1.0,1.0100000000000007
1,0.98957861967305,0.22364794479322586,0.0,-0.4139706079614399,0.4439577943619241,0.0,1.0,1.0100000000000007
