id,x,y,z,vx,vy,vz,m,t
1,-0.24244044378259197,-0.14370437841014447,0.0,0.4079176665585345,-0.08818828967338169,0.0,0.6,0.8500000000000006
2,0.36366066567388894,0.21555656761521652,0.0,-0.6118764998378012,0.13228243451007202,0.0,0.4,0.8500000000000006
