id,x,y,z,vx,vy,vz,m,t
2,0.2815259034777241,-0.2226398875147809,0.0,0.7549620501624366,0.04217996887196254,0.0,0.4,1.7400000000000013
1,-0.18768393565181646,0.14842659167652078,0.0,-0.5033080334416246,-0.028119979247974627,0.0,0.6,1.7400000000000013
