id,x,y,z,vx,vy,vz,m,t
2,0.15173827767912212,-0.21328549445410397,0.0,0.9884726657269398,-0.2034983091798074,0.0,0.4,1.5900000000000012
1,-0.10115885178608174,0.1421903296360694,0.0,-0.6589817771512937,0.13566553945320534,0.0,0.6,1.5900000000000012
