id,x,y,z,vx,vy,vz,m
1,2.94687857399893E-12,6.283306251816662E-9,0.0,7.669392877135969E-11,2.9445385455950272E-12,0.0,0.999999999
2,0.9970531214289504,0.0766937544666335,0.0,-0.0766939286946655,0.9970554614573462,0.0,1.0E-9
