id,x,y,z,vx,vy,vz,m,t
1,-0.2619916218655752,-0.13881245675738052,0.0,0.3745442697181329,-0.10690632177974677,0.0,0.6,0.8000000000000006
2,0.39298743279836335,0.20821868513607072,0.0,-0.5618164045771986,0.16035948266961966,0.0,0.4,0.8000000000000006
