id,x,y,z,vx,vy,vz,m,t
1,-0.3989276841113245,0.014506028208495312,0.0,-0.029208451626072867,-0.19947527874585574,0.0,0.6,2.64099999999982
2,0.5983915261669901,-0.021759042312744895,0.0,0.043812677439110964,0.29921291811878264,0.0,0.4,2.64099999999982
