id,x,y,z,vx,vy,vz,m,t
2,1.0463470698265407,-0.14301111177759537,0.0,0.23591576883617504,0.4645659724113027,0.0,1.0,2.3299999999999943
3,-0.8345820709445809,0.3265476997395639,0.0,0.7677710166289203,0.29425799497230765,0.0,1.0,2.3299999999999943
1,-0.2117649988819622,-0.18353658796196884,0.0,-1.0036867854650962,-0.7588239673836102,0.0,1.0,2.3299999999999943
