id,x,y,z,vx,vy,vz,m
1,1.9804860316735617E-9,3.575019403999799E-9,0.0,-2.109294389363474E-10,1.975570691394656E-9,0.0,0.999999999
2,-0.980486029693067,-0.21401940042478065,0.0,0.21092943872542155,-0.9755706894190843,0.0,1.0E-9
