id,x,y,z,vx,vy,vz,m
1,9.358417381228904E-13,6.283216497653832E-9,0.0,-4.3216599407600874E-11,9.334819828409501E-13,0.0,0.999999999
2,0.9990641582628155,-0.043216491370624055,0.0,0.04321659936438456,0.999066518018089,0.0,1.0E-9
