id,x,y,z,vx,vy,vz,m,t
2,-0.04768668530672782,0.10356010926023743,0.0,-1.0899020641631247,-1.403132235296302,0.0,0.4,1.300000000000001
1,0.03179112353781838,-0.06904007284015834,0.0,0.7266013761087495,0.9354214901975348,0.0,0.6,1.300000000000001
