id,x,y,z,vx,vy,vz,m
1,1.1228735178907078E-11,5.631048716744909E-13,0.0,1.4943689486074456E-10,1.1228753858772429E-11,0.0,0.999999999
2,0.9887712648323219,0.14943689512888864,0.0,-0.14943689471130764,0.9887712461524563,0.0,1.0E-9
