id,x,y,z,vx,vy,vz,m
1,2.1619931061491846E-10,4.8908616727009833E-11,0.0,6.210691568696688E-10,2.1587930422104008E-10,0.0,0.999999999
2,0.7838006896012806,0.6210913833218984,0.0,-0.6210691562485998,0.784120695994839,0.0,1.0E-9
