id,x,y,z,vx,vy,vz,m
1,1.4569905713067837E-9,5.1462428857350006E-9,0.0,-8.87334284122612E-10,1.4545755560121617E-9,0.0,0.999999999
2,-0.45699056984978,-0.8952428805887657,0.0,0.88733428323528,-0.4545755545575877,0.0,1.0E-9
