id,x,y,z,vx,vy,vz,m,t
2,0.586716477007729,-0.05250112378032138,0.0,0.11741182866897834,0.2962258287520569,0.0,0.4,2.5099999999999905
1,-0.39114431800515354,0.035000749186881376,0.0,-0.07827455244598577,-0.19748388583470428,0.0,0.6,2.5099999999999905
