id,x,y,z,vx,vy,vz,m,t
2,-0.3939608004094965,0.29552488916195574,0.0,1.0944502877042548,-0.508405975653044,0.0,1.0,0.6600000000000004
3,-0.6807865426997909,-0.35759183364252195,0.0,-0.9984724728048302,0.04109427248173474,0.0,1.0,0.6600000000000004
1,1.0747473431092862,0.062066944480566294,0.0,-0.09597781489942535,0.46731170317130916,0.0,1.0,0.6600000000000004
