id,x,y,z,vx,vy,vz,m,t
1,-0.3775589030154289,0.06525243425239417,0.0,-0.1363797488712703,-0.18831709652643425,0.0,0.6,2.380999999999849
2,0.5663383545231474,-0.09787865137859274,0.0,0.20456962330690712,0.2824756447896496,0.0,0.4,2.380999999999849
