id,x,y,z,vx,vy,vz,m
1,1.9364655588090424E-9,3.850756808880971E-9,0.0,-3.5075778224730427E-10,1.9364667753336907E-9,0.0,0.999999999
2,-0.9364655568725755,-0.3507568050302145,0.0,0.35075778189654694,-0.9364667733972262,0.0,1.0E-9
