id,x,y,z,vx,vy,vz,m,t
2,0.7344426147890009,-0.35266394112177246,0.0,0.9319703048924416,0.13805224303617014,0.0,1.0,1.7700000000000014
3,-1.0682324766828863,0.0881063082008031,0.0,0.1383308712914176,0.46716784551893026,0.0,1.0,1.7700000000000014
1,0.3337898618938834,0.2645576329209692,0.0,-1.0703011761838601,-0.605220088555101,0.0,1.0,1.7700000000000014
