id,x,y,z,vx,vy,vz,m
1,1.9693110047671924E-9,3.635834020113503E-9,0.0,-2.4583483874433204E-10,1.9693122278607185E-9,0.0,0.999999999
2,-0.9693110027978797,-0.2458340164776694,0.0,0.24583483849849766,-0.9693122258914082,0.0,1.0E-9
