id,x,y,z,vx,vy,vz,m,t
1,0.040838282250150154,0.056059864086386135,0.0,-0.646727173987758,1.0710701567054368,0.0,0.6,1.4009999999999565
2,-0.06125742337522397,-0.08408979612957991,0.0,0.9700907609816367,-1.6066052350581566,0.0,0.4,1.4009999999999565
