id,x,y,z,vx,vy,vz,m
1,6.553585916210163E-10,6.025129474930134E-9,0.0,-9.364575736372985E-10,6.592071711787224E-10,0.0,0.999999999
2,0.3446414090343605,-0.9451294689050076,0.0,0.936457572700846,0.34079282948048417,0.0,1.0E-9
