id,x,y,z,vx,vy,vz,m
1,1.3719069371199646E-10,2.447048625672927E-11,0.0,5.055295149511507E-10,1.371907576181009E-10,0.0,0.999999999
2,0.8628093064251945,0.5055295137677414,0.0,-0.5055295144456211,0.8628092425190901,0.0,1.0E-9
