id,x,y,z,vx,vy,vz,m,t
2,0.2582720285262608,-0.2234114948264467,0.0,0.795677124772072,0.008498320451256022,0.0,0.4,1.7100000000000013
1,-0.17218135235084092,0.14894099655096465,0.0,-0.530451416514715,-0.005665546967503612,0.0,0.6,1.7100000000000013
