id,x,y,z,vx,vy,vz,m,t
1,-0.34862036328423057,-0.09550382740102324,0.0,0.21137046452118782,-0.17157145947091487,0.0,0.6,0.5000000000000003
2,0.5229305449263464,0.14325574110153472,0.0,-0.31705569678178175,0.25735718920637235,0.0,0.4,0.5000000000000003
