id,x,y,z,vx,vy,vz,m
1,1.8179761245350712E-10,6.354173242377285E-9,0.0,5.803592505575455E-10,1.8913638495407977E-10,0.0,0.999999999
2,0.8182023877283194,0.58582676397688,0.0,-0.5803592499771797,0.8108636152350571,0.0,1.0E-9
