id,x,y,z,vx,vy,vz,m,t
2,0.04638490109363497,0.17882064313604978,0.0,-1.1616588732612623,-0.5988730422502221,0.0,0.4,1.2200000000000009
1,-0.03092326739575678,-0.11921376209069992,0.0,0.7744392488408413,0.3992486948334814,0.0,0.6,1.2200000000000009
