id,x,y,z,vx,vy,vz,m,t
2,1.0048097549288864,0.20611258785933634,0.0,-0.3709125432227354,0.45148972235964574,0.0,1.0,3.0799999999999783
3,-0.07786539331678284,0.07154162838212566,0.0,0.9434244524499957,-0.8505159372847536,0.0,1.0,3.0799999999999783
1,-0.9269443616121062,-0.2776542162414622,0.0,-0.5725119092272611,0.3990262149251083,0.0,1.0,3.0799999999999783
