id,x,y,z,vx,vy,vz,m
1,1.6156784355815625E-11,9.623842067517131E-13,0.0,1.7903748713886833E-10,1.60672516362173E-11,0.0,0.999999999
2,0.9838432156603414,0.17903761579421065,0.0,-0.1790374869598308,0.9839327483798502,0.0,1.0E-9
