id,x,y,z,vx,vy,vz,m,t
1,-0.21212130504495086,-0.1487704985713181,0.0,0.4593617703775087,-0.05497074785196773,0.0,0.6,0.9200000000000007
2,0.31818195756742756,0.2231557478569768,0.0,-0.6890426555662623,0.08245612177795111,0.0,0.4,0.9200000000000007
