id,x,y,z,vx,vy,vz,m
1,1.0103552017282058E-9,5.804727570093452E-10,0.0,1.0001663847337862E-9,1.0093419705254022E-9,0.0,0.999999999
2,-0.010355200717850364,1.000527243571128,0.0,-1.0001663837336194,-0.009341969516062473,0.0,1.0E-9
