id,x,y,z,vx,vy,vz,m,t
1,0.001492605754671559,-0.09886798542864242,0.0,0.7999059296346986,0.6120884146634091,0.0,0.6,1.260999999999972
2,-0.0022389086320060364,0.1483019781429632,0.0,-1.1998588944520467,-0.9181326219951146,0.0,0.4,1.260999999999972
