id,x,y,z,vx,vy,vz,m,t
1,-0.2532034262762964,0.141126455399843,0.0,-0.38961780729643675,-0.09879209560204935,0.0,0.6,1.8909999999999025
2,0.3798051394144468,-0.21168968309976563,0.0,0.5844267109446579,0.14818814340307274,0.0,0.4,1.8909999999999025
