id,x,y,z,vx,vy,vz,m,t
2,0.33172601263194634,0.22134087975397668,0.0,-0.666049112500736,0.0981909302461555,0.0,0.4,0.9000000000000006
1,-0.22115067508796424,-0.1475605865026512,0.0,0.4440327416671573,-0.06546062016410364,0.0,0.6,0.9000000000000006
