id,x,y,z,vx,vy,vz,m,t
2,1.0508892933550544,-0.1337117123295955,0.0,0.21836233486143186,0.4653500138329634,0.0,1.0,2.349999999999994
3,-0.8189366016328787,0.33221744439159706,0.0,0.7967607762092879,0.27248148951790246,0.0,1.0,2.349999999999994
1,-0.2319526917221781,-0.19850573206200195,0.0,-1.0151231110707204,-0.7378315033508658,0.0,1.0,2.349999999999994
