id,x,y,z,vx,vy,vz,m,t
2,0.09910391049355448,-0.09056307324873625,0.0,0.9500991635864041,-0.841526390495422,0.0,1.0,1.1600000000000008
3,-1.012851176709065,-0.19605150635080984,0.0,-0.3471403153065749,0.4548720339607769,0.0,1.0,1.1600000000000008
1,0.9137472662155093,0.2866145795995463,0.0,-0.6029588482798302,0.38665435653464497,0.0,1.0,1.1600000000000008
