id,x,y,z,vx,vy,vz,m
1,1.533235280298608E-9,4.99596550961313E-9,0.0,-8.459673844781126E-10,1.5332360070191035E-9,0.0,0.999999999
2,-0.5332352787653711,-0.8459655046171684,0.0,0.8459673836321455,-0.533236005485871,0.0,1.0E-9
