id,x,y,z,vx,vy,vz,m
1,5.952530380826031E-11,6.290140910696628E-9,0.0,3.3985988993987837E-10,5.952313008916586E-11,0.0,0.999999999
2,0.9404746962512673,0.33985909559350175,0.0,-0.3398598896000183,0.9404768699703541,0.0,1.0E-9
