id,x,y,z,vx,vy,vz,m
1,3.142212476557139E-11,6.317159197642178E-9,0.0,2.703076914681946E-10,4.032782261788403E-11,0.0,0.999999999
2,0.9685778752658786,0.2728408086749723,0.0,-0.2703076911978801,0.959672177422444,0.0,1.0E-9
