id,x,y,z,vx,vy,vz,m
1,5.1786549711343074E-11,6.277628893014459E-9,0.0,-3.1762964053698323E-10,5.178427541912688E-11,0.0,0.999999999
2,0.948213450340446,-0.3176288867368373,0.0,0.31762964021935386,0.9482157246326537,0.0,1.0E-9
