id,x,y,z,vx,vy,vz,m
1,1.0503433362841598E-9,6.216452362600151E-10,0.0,9.989744152276253E-10,1.0492735063303356E-9,0.0,0.999999999
2,-0.05034333523381647,0.9993547643616314,0.0,-0.9989744142286506,-0.049273505281063994,0.0,1.0E-9
