id,x,y,z,vx,vy,vz,m,t
2,1.073402237428061,-0.06837447203412574,0.0,0.10591218636724911,0.4672871387101496,0.0,1.0,2.489999999999991
3,-0.6938118520670532,0.35697704971368277,0.0,0.9837617920160581,0.06528043982834816,0.0,1.0,2.489999999999991
1,-0.3795903853610102,-0.2886025776795573,0.0,-1.0896739783833076,-0.5325675785384976,0.0,1.0,2.489999999999991
