id,x,y,z,vx,vy,vz,m
1,2.0803019206161303E-10,6.329442337692451E-9,0.0,6.105591048576038E-10,2.0802840412235825E-10,0.0,0.999999999
2,0.7919698081464196,0.6105576686369796,0.0,-0.6105591042470448,0.7919715960856673,0.0,1.0E-9
