id,x,y,z,vx,vy,vz,m
1,9.991905506999279E-10,5.700004682257515E-10,0.0,9.999996169721734E-10,9.991907985495514E-10,0.0,0.999999999
2,8.094502992637143E-4,0.9999995323442489,0.0,-0.9999996159721741,8.092024496394474E-4,0.0,1.0E-9
