id,x,y,z,vx,vy,vz,m,t
2,0.5434147944921138,0.12479684219926501,0.0,-0.2685943699964899,0.26955449345411664,0.0,0.4,0.4300000000000002
1,-0.36227652966140905,-0.08319789479951002,0.0,0.17906291333099317,-0.17970299563607778,0.0,0.6,0.4300000000000002
