id,x,y,z,vx,vy,vz,m
1,6.791601003351891E-12,6.311636183579058E-9,0.0,-1.6011275300958993E-10,1.614646116412303E-11,0.0,0.999999999
2,0.9932083990034651,-0.16163617726742457,0.0,0.16011275284948423,0.9838535388520228,0.0,1.0E-9
