id,x,y,z,vx,vy,vz,m
1,1.6359081508891404E-9,1.4882357318101551E-9,0.0,7.717643605527245E-10,1.6359087550474025E-9,0.0,0.999999999
2,-0.6359081492532311,0.77176426967808,0.0,-0.7717643597809594,-0.6359087534114934,0.0,1.0E-9
