id,x,y,z,vx,vy,vz,m
1,1.388669553901027E-9,1.0486230636837385E-9,0.0,9.213770534468216E-10,1.3886699782264495E-9,0.0,0.999999999
2,-0.38866955251235635,0.9213769373648844,0.0,-0.9213770525254441,-0.388669976837779,0.0,1.0E-9
