id,x,y,z,vx,vy,vz,m,t
2,0.9931896609420807,0.21957653807829544,0.0,-0.40397181203719407,0.44591570347118187,0.0,1.0,3.1099999999999777
3,-0.04966688074861293,0.045890027380950445,0.0,0.9368855025072151,-0.8590244262619332,0.0,1.0,3.1099999999999777
1,-0.9435227801934704,-0.26546656545924613,0.0,-0.5329136904700219,0.4131087227907518,0.0,1.0,3.1099999999999777
