id,x,y,z,vx,vy,vz,m
1,1.9015061951221408E-9,2.253053959712426E-9,0.0,4.3827073338423564E-10,1.8978362032787137E-9,0.0,0.999999999
2,-0.9015061932206333,0.437946042540626,0.0,-0.43827073294596197,-0.8978362013808789,0.0,1.0E-9
