id,x,y,z,vx,vy,vz,m
1,-6.127934747631116E-12,6.312908717403269E-9,0.0,1.694570346130013E-11,3.257384585406611E-12,0.0,0.999999999
2,1.0061279347415288,0.017091288909630263,0.0,-0.016945703444347385,0.9967426154178503,0.0,1.0E-9
