id,x,y,z,vx,vy,vz,m,t
2,0.45035903882895484,-0.31911578253531847,0.0,1.1063215708805663,-0.4076566222737481,0.0,1.0,1.500000000000001
3,-1.0786945442563713,-0.038058035705709155,0.0,-0.058376883434057586,0.46730779864995636,0.0,1.0,1.500000000000001
1,0.6283355054274149,0.35717381824102756,0.0,-1.0479446874465093,-0.059651176376208634,0.0,1.0,1.500000000000001
