id,x,y,z,vx,vy,vz,m,t
2,0.20789334288756378,-0.22147552776127621,0.0,0.885570700721256,-0.07781565819951317,0.0,0.4,1.6500000000000012
1,-0.13859556192504285,0.14765035184085093,0.0,-0.5903804671475044,0.05187710546634251,0.0,0.6,1.6500000000000012
