id,x,y,z,vx,vy,vz,m,t
2,0.8942755964594011,0.2982361713615334,0.0,-0.646353553286126,0.36691330233085834,0.0,1.0,3.2999999999999736
3,0.12891560848905542,-0.11654502980145186,0.0,0.9616183714271996,-0.8255417675276419,0.0,1.0,3.2999999999999736
1,-1.023191204948459,-0.1816911415600817,0.0,-0.3152648181410746,0.45862846519678374,0.0,1.0,3.2999999999999736
