id,x,y,z,vx,vy,vz,m
1,7.743855735738717E-10,5.914215159040383E-9,0.0,-9.742173916007973E-10,7.743848558728322E-10,0.0,0.999999999
2,0.22561442720051547,-0.9742151531261715,0.0,0.9742173906265802,0.22561514490154902,0.0,1.0E-9
