id,x,y,z,vx,vy,vz,m
1,7.25977359144121E-10,5.951721695123733E-9,0.0,-9.61723904553377E-10,7.259765389434119E-10,0.0,0.999999999
2,0.274022641581858,-0.9617216891720154,0.0,0.9617239035916535,0.274023461782561,0.0,1.0E-9
