id,x,y,z,vx,vy,vz,m
1,8.969275514662434E-11,6.2960705713778286E-9,0.0,4.1393040418191396E-10,8.969066193455521E-11,0.0,0.999999999
2,0.9103072449430709,0.4139294349182308,0.0,-0.41393040376798335,0.9103093381551324,0.0,1.0E-9
