id,x,y,z,vx,vy,vz,m
1,1.3824271041454841E-9,5.243984249337666E-9,0.0,-9.239863012550365E-10,1.382427577418693E-9,0.0,0.999999999
2,-0.38242710276305536,-0.9239842440936855,0.0,0.9239863003310506,-0.38242757603626915,0.0,1.0E-9
