id,x,y,z,vx,vy,vz,m,t
1,-0.3998457712384257,-0.005480876460831149,0.0,0.010827379920886226,-0.199928502269013,0.0,0.6,2.740999999999809
2,0.5997686568576425,0.008221314691244718,0.0,-0.01624106988132769,0.2998927534035191,0.0,0.4,2.740999999999809
