id,x,y,z,vx,vy,vz,m
1,1.5093885222009495E-9,5.057398358051613E-9,0.0,-8.587470217580487E-10,1.5066267080695764E-9,0.0,0.999999999
2,-0.5093885206915476,-0.8663983529942194,0.0,0.8587470208993042,-0.5066267065629513,0.0,1.0E-9
