id,x,y,z,vx,vy,vz,m
1,1.9966965238454243E-9,3.3765675541046444E-9,0.0,-1.1300415609674196E-10,1.991843782531479E-9,0.0,0.999999999
2,-0.9966965218487187,-0.11556755072807867,0.0,0.11300415598374136,-0.9918437805396333,0.0,1.0E-9
