id,x,y,z,vx,vy,vz,m,t
1,-0.23707554018618363,0.1447659621963084,0.0,-0.41706017662901057,-0.08277425944383165,0.0,0.6,1.850999999999907
2,0.3556133102792776,-0.21714894329446366,0.0,0.6255902649435184,0.12416138916574629,0.0,0.4,1.850999999999907
