id,x,y,z,vx,vy,vz,m
1,1.975542776420298E-9,2.7001933834842296E-9,0.0,2.1980634999081366E-10,1.975543838670675E-9,0.0,0.999999999
2,-0.9755427744447536,0.21980661921596306,0.0,-0.21980634977100688,-0.975543836695132,0.0,1.0E-9
