id,x,y,z,vx,vy,vz,m
1,6.293522549569231E-10,2.6194416523770816E-10,0.0,9.288887273560139E-10,6.287416630539663E-10,0.0,0.999999999
2,0.37064774567242864,0.9290558350242352,0.0,-0.928888726427126,0.37125833757477383,0.0,1.0E-9
