id,x,y,z,vx,vy,vz,m,t
1,-0.21667613074159567,-0.1481938123066944,0.0,0.45162640836232626,-0.0603283341652067,0.0,0.6,0.9100000000000007
2,0.3250141961123947,0.2222907184600412,0.0,-0.6774396125434886,0.09049250124780958,0.0,0.4,0.9100000000000007
