id,x,y,z,vx,vy,vz,m
1,1.2397062436130534E-10,6.262254499173819E-9,0.0,-4.822556326993806E-10,1.239684990549243E-10,0.0,0.999999999
2,0.8760293757626676,-0.4822544929115718,0.0,0.48225563221712525,0.8760315010690404,0.0,1.0E-9
