id,x,y,z,vx,vy,vz,m,t
2,0.3865408477710197,0.2919594098127092,0.0,-1.0920915454503823,-0.520920024679186,0.0,1.0,3.8299999999999623
3,0.6875204847959777,-0.3573606807641763,0.0,0.9909581073754978,0.05362465697587214,0.0,1.0,3.8299999999999623
1,-1.0740613325670003,0.06540127095146721,0.0,0.10113343807488422,0.46729536770331387,0.0,1.0,3.8299999999999623
