id,x,y,z,vx,vy,vz,m
1,3.108706249768798E-11,2.5980631446695477E-12,0.0,2.474019364971659E-10,3.108709343774094E-11,0.0,0.999999999
2,0.9689129375333994,0.2474019368579285,0.0,-0.24740193624976395,0.9689129065933461,0.0,1.0E-9
