id,x,y,z,vx,vy,vz,m
1,1.8160185486567092E-9,4.35652127554079E-9,0.0,-5.800836536166657E-10,1.8115355330530975E-9,0.0,0.999999999
2,-0.8160185468406792,-0.5855212711842734,0.0,0.5800836530365842,-0.811535531241563,0.0,1.0E-9
