id,x,y,z,vx,vy,vz,m
1,1.4887082908613442E-9,1.207169051849636E-9,0.0,8.733566329970236E-10,1.4867402034612728E-9,0.0,0.999999999
2,-0.48870828937263394,0.873830949357532,0.0,-0.8733566321236663,-0.486740201974535,0.0,1.0E-9
