id,x,y,z,vx,vy,vz,m
1,1.2497506272284814E-9,5.428308790895906E-9,0.0,-9.68310953313801E-10,1.2497508603536756E-9,0.0,0.999999999
2,-0.24975062597872916,-0.9683087854676009,0.0,0.9683109523454905,-0.24975085910392858,0.0,1.0E-9
