id,x,y,z,vx,vy,vz,m
1,9.22502971888223E-10,5.7869911335314135E-9,0.0,-9.969934000979675E-10,9.225025624330005E-10,0.0,0.999999999
2,0.0774970290342815,-0.9969911277444257,0.0,0.9969933991009743,0.0774974384894983,0.0,1.0E-9
