id,x,y,z,vx,vy,vz,m,t
2,0.598919583394361,0.017989038369938943,0.0,-0.036027033015321126,0.29945907092381935,0.0,0.4,0.060000000000000005
1,-0.39927972226290737,-0.011992692246625964,0.0,0.024018022010214093,-0.19963938061587957,0.0,0.6,0.060000000000000005
