id,x,y,z,vx,vy,vz,m
1,3.546258443145228E-10,6.201935714150908E-9,0.0,-7.647646574122693E-10,3.610712412388893E-10,0.0,0.999999999
2,0.6453741560401228,-0.7719357079489803,0.0,0.7647646566475101,0.6389287591221806,0.0,1.0E-9
