id,x,y,z,vx,vy,vz,m
1,2.474430455097146E-10,6.247935857677621E-9,0.0,-6.617090975771649E-10,2.54818061816495E-10,0.0,0.999999999
2,0.7525569547377498,-0.6679358514296941,0.0,0.6617090969154623,0.7451819384383215,0.0,1.0E-9
