id,x,y,z,vx,vy,vz,m
1,1.0391801838657799E-9,6.107679890458834E-10,0.0,9.992321010025124E-10,1.039180445512284E-9,0.0,0.999999999
2,-0.039180182826598624,0.9992320115648844,0.0,-0.9992321000032807,-0.03918044447310348,0.0,1.0E-9
