id,x,y,z,vx,vy,vz,m
1,1.1022448519385402E-9,5.604757855851242E-9,0.0,-9.947600947427895E-10,1.1022448030951545E-9,0.0,0.999999999
2,-0.1022448508362939,-0.9947578502464873,0.0,0.9947600937480301,-0.10224480199291339,0.0,1.0E-9
