id,x,y,z,vx,vy,vz,m,t
1,-0.18814636079822533,-0.15078075447427222,0.0,0.5002896319371423,-0.024267705558042356,0.0,0.6,0.9700000000000008
2,0.2822195411973393,0.22617113171140807,0.0,-0.7504344479057126,0.03640155833706299,0.0,0.4,0.9700000000000008
