id,x,y,z,vx,vy,vz,m
1,1.7828186428220451E-9,1.8477508093537247E-9,0.0,6.222492212415636E-10,1.7828193957307751E-9,0.0,0.999999999
2,-0.782818641039225,0.6222491924940257,0.0,-0.6222492206193136,-0.7828193939479557,0.0,1.0E-9
