id,x,y,z,vx,vy,vz,m
1,9.815279555270271E-11,6.297948532190118E-9,0.0,4.32052486222475E-10,9.81507246049771E-11,0.0,0.999999999
2,0.9018472045454526,0.43205147410781986,0.0,-0.4320524857904223,0.9018492754931706,0.0,1.0E-9
