id,x,y,z,vx,vy,vz,m
1,7.216859544484608E-10,5.976691917297385E-9,0.0,-9.578503148730487E-10,7.249712916925101E-10,0.0,0.999999999
2,0.2783140462732428,-0.9666919113206935,0.0,0.9578503139152028,0.27502870903246057,0.0,1.0E-9
