id,x,y,z,vx,vy,vz,m,t
1,-0.37929643882344516,-0.06287433267516417,0.0,0.13082730081887714,-0.1892301400511166,0.0,0.6,0.32000000000000023
2,0.5689446582351676,0.09431149901274617,0.0,-0.1962409512283156,0.2838452100766746,0.0,0.4,0.32000000000000023
