id,x,y,z,vx,vy,vz,m
1,3.2785750597187004E-11,6.286044388809546E-9,0.0,2.5395620927709087E-10,3.278350306064996E-11,0.0,0.999999999
2,0.9672142494356011,0.2539556174764885,0.0,-0.25395620902313437,0.9672164969721304,0.0,1.0E-9
