id,x,y,z,vx,vy,vz,m,t
2,1.0808238977695548,-0.012302436756241472,0.0,0.018559411517217447,0.4672131899784278,0.0,1.0,2.6099999999999883
3,-0.5688820321430035,0.35067183231964616,0.0,1.0858143410200791,-0.17732337721427682,0.0,1.0,2.6099999999999883
1,-0.5119418656265536,-0.33836939556340484,0.0,-1.1043737525372967,-0.2898898127641508,0.0,1.0,2.6099999999999883
