id,x,y,z,vx,vy,vz,m,t
2,0.8658192335070015,-0.3132371693631404,0.0,0.7063055032890468,0.33431801044461645,0.0,1.0,1.9300000000000015
3,-1.0355371671737823,0.16259010096942567,0.0,0.27466574550476375,0.46222401883699366,0.0,1.0,1.9300000000000015
1,0.16971793366677856,0.15064706839371445,0.0,-0.9809712487938117,-0.7965420292816104,0.0,1.0,1.9300000000000015
