id,x,y,z,vx,vy,vz,m,t
2,-0.013413164047524174,0.012389070988793775,0.0,0.9326832523447064,-0.8643499272234652,0.0,1.0,1.0400000000000007
3,-0.963225628492107,-0.24924766672612936,0.0,-0.48378150769926886,0.4278338236271412,0.0,1.0,1.0400000000000007
1,0.9766387925396299,0.23685859573733578,0.0,-0.4489017446454384,0.4365161035963239,0.0,1.0,1.0400000000000007
