id,x,y,z,vx,vy,vz,m,t
2,0.9705756847909202,-0.2427214024801982,0.0,0.46478660467277316,0.4326510644634596,0.0,1.0,2.109999999999999
3,-0.9694678128734201,0.24369863421545188,0.0,0.4676782248892138,0.43199815026858407,0.0,1.0,2.109999999999999
1,-0.0011078719175026102,-9.772317352540628E-4,0.0,-0.9324648295619882,-0.8646492147320437,0.0,1.0,2.109999999999999
