id,x,y,z,vx,vy,vz,m
1,1.898146799747109E-9,4.059843009027291E-9,0.0,-4.443377676163028E-10,1.8933532061303386E-9,0.0,0.999999999
2,-0.8981467978489531,-0.4488430049674496,0.0,0.4443377671719685,-0.893353204236985,0.0,1.0E-9
