id,x,y,z,vx,vy,vz,m
1,1.8908354420796884E-9,2.2156751004186663E-9,0.0,4.543248276837816E-10,1.8908363397240884E-9,0.0,0.999999999
2,-0.8908354401888517,0.45432490179700774,0.0,-0.4543248272294563,-0.8908363378332526,0.0,1.0E-9
