id,x,y,z,vx,vy,vz,m,t
2,-0.5374430599776517,0.34458542196515357,0.0,1.0981101421121202,-0.2397462833818252,0.0,1.0,0.5300000000000002
3,-0.5436250702549713,-0.34590859466201895,0.0,-1.096125218054416,-0.2274601300948567,0.0,1.0,0.5300000000000002
1,1.0810681302326222,0.0013231726968654673,0.0,-0.0019849240577047055,0.4672064134766816,0.0,1.0,0.5300000000000002
