id,x,y,z,vx,vy,vz,m
1,9.185139955510228E-12,6.3143048964540115E-9,0.0,1.7406898520098873E-10,1.8347476660852405E-11,0.0,0.999999999
2,0.9908148600537018,0.17569510986028103,0.0,-0.17406898502691284,0.9816525233574954,0.0,1.0E-9
