id,x,y,z,vx,vy,vz,m,t
2,1.011274702602375,-0.19825070349429944,0.0,0.35183869200374174,0.45414997488710995,0.0,1.0,2.209999999999997
3,-0.916361417966456,0.2849748868438482,0.0,0.596973561888473,0.3892048738252675,0.0,1.0,2.209999999999997
1,-0.09491328463592161,-0.08672418334954916,0.0,-0.9488122538922157,-0.8433548487123775,0.0,1.0,2.209999999999997
