id,x,y,z,vx,vy,vz,m,t
2,0.5944905453683422,0.03742342314356836,0.0,-0.06496877475557987,0.29863136765240506,0.0,0.4,2.809999999999984
1,-0.3963270302455623,-0.024948948762378367,0.0,0.043312516503719686,-0.1990875784349364,0.0,0.6,2.809999999999984
