id,x,y,z,vx,vy,vz,m,t
1,-0.3413872905862453,0.10102452514521836,0.0,-0.22714566086705573,-0.16711992630968783,0.0,0.6,2.180999999999871
2,0.5120809358793711,-0.1515367877178288,0.0,0.3407184913005857,0.2506798894645304,0.0,0.4,2.180999999999871
