id,x,y,z,vx,vy,vz,m
1,1.7909851184193404E-9,4.411833591045087E-9,0.0,-6.118350011220168E-10,1.7909862076027114E-9,0.0,0.999999999
2,-0.7909851166283535,-0.6118335866332536,0.0,0.6118350005101821,-0.7909862058117282,0.0,1.0E-9
