id,x,y,z,vx,vy,vz,m,t
2,0.37346539396964756,-0.2857453348416419,0.0,1.0872466419178881,-0.5427515417317386,0.0,1.0,1.430000000000001
3,-1.0728120336916673,-0.0707714639235681,0.0,-0.11004863020841578,0.46732700936164223,0.0,1.0,1.430000000000001
1,0.699346639722018,0.35651679876521003,0.0,-0.9771980117094733,0.07542453237009593,0.0,1.0,1.430000000000001
