id,x,y,z,vx,vy,vz,m
1,9.328999864553715E-11,6.296400546007751E-9,0.0,-4.323141052916566E-10,1.019766298104303E-10,0.0,0.999999999
2,0.9067100014477765,-0.4364005397113571,0.0,0.43231410485934973,0.8980233702915451,0.0,1.0E-9
