id,x,y,z,vx,vy,vz,m
1,9.891908449891843E-10,5.600585587854309E-10,0.0,9.999415251765222E-10,9.891910895145712E-10,0.0,0.999999999
2,0.010809156000007489,0.9999414417746276,0.0,-0.999941524176581,0.010808911474619964,0.0,1.0E-9
