id,x,y,z,vx,vy,vz,m
1,2.6152727590046777E-10,6.571667387632878E-11,0.0,6.742833325949587E-10,2.615273638998206E-10,0.0,0.999999999
2,0.73847272436106,0.6742833261893879,0.0,-0.6742833319206751,0.738472636361707,0.0,1.0E-9
