id,x,y,z,vx,vy,vz,m
1,4.999965874882614E-14,1.4249950798831648E-16,0.0,9.999857499485164E-12,4.499972999288373E-14,0.0,0.999999999
2,0.9999500003413012,0.009999857500492154,0.0,-0.009999857489485307,0.9999550002700521,0.0,1.0E-9
