id,x,y,z,vx,vy,vz,m
1,8.020224301362259E-11,6.272388773998332E-9,0.0,-3.923896970621222E-10,8.020002620280724E-11,0.0,0.999999999
2,0.9197977570665822,-0.3923887677259504,0.0,0.3923896966697328,0.919799973877389,0.0,1.0E-9
