id,x,y,z,vx,vy,vz,m
1,1.7440977676219906E-9,1.7419299080210653E-9,0.0,6.680701446936844E-10,1.7440984771337165E-9,0.0,0.999999999
2,-0.7440977658778914,0.6680700937208641,0.0,-0.6680701440256135,-0.7440984753896177,0.0,1.0E-9
