id,x,y,z,vx,vy,vz,m
1,9.10455762344997E-10,4.845303272805587E-10,0.0,9.961597971930717E-10,9.09570196681231E-10,0.0,0.999999999
2,0.08954423856545862,0.9964696732039711,0.0,-0.9961597961969109,0.09042980422833705,0.0,1.0E-9
