id,x,y,z,vx,vy,vz,m,t
2,0.45831436277695453,0.1836344629728875,0.0,-0.4463210647135155,0.21391185430627793,0.0,0.4,0.6700000000000004
1,-0.3055429085179696,-0.12242297531525836,0.0,0.2975473764756769,-0.14260790287085198,0.0,0.6,0.6700000000000004
