id,x,y,z,vx,vy,vz,m,t
2,0.18625191873888203,-0.16393855748189157,0.0,0.9895280641794613,-0.7827767548131291,0.0,1.0,1.2500000000000009
3,-1.0400431501808656,-0.15467983178258193,0.0,-0.25897005561539066,0.46333724860825976,0.0,1.0,1.2500000000000009
1,0.8537912314419822,0.31861838926447367,0.0,-0.7305580085640716,0.31943950620486916,0.0,1.0,1.2500000000000009
