id,x,y,z,vx,vy,vz,m
1,1.5734688195471063E-9,1.3601126867964949E-9,0.0,8.204501921922353E-10,1.5712476837862316E-9,0.0,0.999999999
2,-0.5734688179736356,0.8208873145636167,0.0,-0.8204501913717841,-0.5712476822149857,0.0,1.0E-9
