id,x,y,z,vx,vy,vz,m
1,1.765885752674392E-9,4.4829749442025655E-9,0.0,-6.429764116665611E-10,1.7658868120840551E-9,0.0,0.999999999
2,-0.7658857509085045,-0.6429749397195914,0.0,0.6429764110235853,-0.7658868103181712,0.0,1.0E-9
