id,x,y,z,vx,vy,vz,m
1,1.4612761122485125E-10,6.282396410407974E-9,0.0,-5.274186425710633E-10,1.543713503462514E-10,0.0,0.999999999
2,0.8538723889212989,-0.5323964041255836,0.0,0.5274186420436516,0.8456286498081186,0.0,1.0E-9
