id,x,y,z,vx,vy,vz,m,t
1,-0.3507105023492951,-0.09378170880776467,0.0,0.20666278952679745,-0.17284570403838387,0.0,0.6,0.4900000000000004
2,0.526065753523943,0.14067256321164687,0.0,-0.30999418429019626,0.2592685560575758,0.0,0.4,0.4900000000000004
