id,x,y,z,vx,vy,vz,m,t
2,0.4986902766901355,-0.154983826635754,0.0,0.36664698478999475,0.24692638494031077,0.0,0.4,2.1399999999999983
1,-0.33246018446009096,0.10332255109050302,0.0,-0.24443132319333002,-0.16461758996020687,0.0,0.6,2.1399999999999983
