id,x,y,z,vx,vy,vz,m
1,1.6353469747187257E-10,3.1980126004953336E-11,0.0,5.48019876028051E-10,1.6353476709374732E-10,0.0,0.999999999
2,0.8364653026916625,0.5480198740270269,0.0,-0.548019875480031,0.8364652330697876,0.0,1.0E-9
