id,x,y,z,vx,vy,vz,m
1,1.7387700957322533E-9,1.7244864064544616E-9,0.0,6.762743782836487E-10,1.735940316475878E-9,0.0,0.999999999
2,-0.7387700939934798,0.6765135952700237,0.0,-0.6762743776073724,-0.7359403147399385,0.0,1.0E-9
