id,x,y,z,vx,vy,vz,m
1,1.915205647912006E-9,3.983763931728759E-9,0.0,-4.084911066827051E-10,1.9103637353136464E-9,0.0,0.999999999
2,-0.9152056459967912,-0.41276392774499515,0.0,0.4084911062742176,-0.9103637334032825,0.0,1.0E-9
