id,x,y,z,vx,vy,vz,m
1,1.928063763861635E-9,2.387580258801216E-9,0.0,3.7241960790051424E-10,1.9280647241366066E-9,0.0,0.999999999
2,-0.92806376193357,0.37241974358636354,0.0,-0.3724196075280941,-0.9280647222085426,0.0,1.0E-9
