id,x,y,z,vx,vy,vz,m,t
2,0.4525827390980244,0.3197544919449234,0.0,-1.1067194770205506,-0.4034661064511946,0.0,1.0,3.7699999999999636
3,0.6262163286978546,-0.3571182588530924,0.0,1.0496858464173933,-0.06380167371783621,0.0,1.0,3.7699999999999636
1,-1.0787990677958816,0.03736376690816902,0.0,0.05703363060315682,0.4672677801690308,0.0,1.0,3.7699999999999636
