id,x,y,z,vx,vy,vz,m,t
2,0.3633476394712089,-0.21131063548553547,0.0,0.6138429149993014,0.1382987396729531,0.0,0.4,1.8600000000000014
1,-0.24223175964747304,0.1408737569903572,0.0,-0.40922860999953437,-0.09219915978196834,0.0,0.6,1.8600000000000014
