id,x,y,z,vx,vy,vz,m,t
2,0.4062505915515905,-0.30120242908112105,0.0,1.0979407564331294,-0.4871545812218283,0.0,1.0,1.460000000000001
3,-1.0757762436081413,-0.05675123478181492,0.0,-0.08763446011233281,0.4673457969322643,0.0,1.0,1.460000000000001
1,0.669525652056549,0.357953663862936,0.0,-1.0103062963207974,0.01980878428956354,0.0,1.0,1.460000000000001
