id,x,y,z,vx,vy,vz,m
1,1.592613127607279E-9,4.90255596914722E-9,0.0,-8.043746872298964E-10,1.589326124339457E-9,0.0,0.999999999
2,-0.5926131260146533,-0.8115559642446678,0.0,0.8043746864255245,-0.5893261227501322,0.0,1.0E-9
