id,x,y,z,vx,vy,vz,m,t
2,-0.8788741680567044,0.3066686171111246,0.0,0.6793061955271334,0.34979604955702087,0.0,1.0,0.16
3,-0.15134349745980244,-0.1354940134457974,0.0,-0.971869553817232,-0.8105642136017869,0.0,1.0,0.16
1,1.0302176655165063,-0.17117460366532722,0.0,0.2925633582900988,0.46076816404476595,0.0,1.0,0.16
