id,x,y,z,vx,vy,vz,m
1,-5.591561325817464E-12,6.312978427802011E-9,0.0,3.66899232964354E-11,3.7786932342864285E-12,0.0,0.999999999
2,1.005591561320252,0.03702157851095716,0.0,-0.036689923259738445,0.9962213067694919,0.0,1.0E-9
