id,x,y,z,vx,vy,vz,m
1,1.3974059535114553E-11,6.3108527497431576E-9,0.0,-1.9896308377054385E-10,2.328163731321627E-11,0.0,0.999999999
2,0.9860259404788846,-0.20085274343230564,0.0,0.1989630835715879,0.9767183627100646,0.0,1.0E-9
