id,x,y,z,vx,vy,vz,m
1,7.84461855379146E-11,6.325850809183372E-9,0.0,4.0038857171631244E-10,8.684614960697356E-11,0.0,0.999999999
2,0.9215538145405603,0.4041491971424727,0.0,-0.4003885713159172,0.9131538504798725,0.0,1.0E-9
