id,x,y,z,vx,vy,vz,m
1,-4.894963170983941E-12,6.312664667950464E-9,0.0,-5.2158918703000006E-11,4.514043019884317E-12,0.0,0.999999999
2,1.004894963166115,-0.05266466163780547,0.0,0.05215891865084814,0.9954859569846296,0.0,1.0E-9
