id,x,y,z,vx,vy,vz,m
1,1.8800180254688678E-10,6.243657267441298E-9,0.0,-5.836586372615384E-10,1.879998143360544E-10,0.0,0.999999999
2,0.8119981976411171,-0.583657261197648,0.0,0.5836586366778802,0.8120001858519417,0.0,1.0E-9
