id,x,y,z,vx,vy,vz,m
1,7.312779463406263E-10,5.969394671634725E-9,0.0,-9.605325234065625E-10,7.344822474798261E-10,0.0,0.999999999
2,0.2687220543906692,-0.9693946656653301,0.0,0.9605325224460347,0.26551775325465565,0.0,1.0E-9
