id,x,y,z,vx,vy,vz,m
1,1.9894798134070372E-9,2.817993703185672E-9,0.0,1.642885661964967E-10,1.9850709997193822E-9,0.0,0.999999999
2,-0.9894798114175541,0.16300629963231908,0.0,-0.16428856603220468,-0.9850709977343124,0.0,1.0E-9
