id,x,y,z,vx,vy,vz,m,t
1,-0.0065030033564592166,-0.1046743671997548,0.0,0.7984590407650477,0.5504050052025067,0.0,0.6,1.250999999999973
2,0.009754505034690115,0.15701155079963178,0.0,-1.1976885611475705,-0.8256075078037607,0.0,0.4,1.250999999999973
