id,x,y,z,vx,vy,vz,m,t
1,-0.022357318645497587,-0.11460686555251105,0.0,0.7851988350215702,0.446831847568512,0.0,0.6,1.2309999999999752
2,0.033535977968247664,0.1719102983287662,0.0,-1.1777982525323543,-0.6702477713527687,0.0,0.4,1.2309999999999752
