id,x,y,z,vx,vy,vz,m
1,5.606481803169691E-11,6.321320693640275E-9,0.0,3.4543758229597335E-10,6.470203494277263E-11,0.0,0.999999999
2,0.9439351820243962,0.3486793126810374,0.0,-0.345437581950529,0.9352979651219298,0.0,1.0E-9
