id,x,y,z,vx,vy,vz,m,t
2,1.0010463221680996,0.21061890552200524,0.0,-0.381774008934621,0.4497738101741372,0.0,1.0,3.089999999999978
3,-0.06844357643221848,0.06302016111049286,0.0,0.9409389244628771,-0.853777517041807,0.0,1.0,3.089999999999978
1,-0.9326027457358839,-0.2736390666324983,0.0,-0.559164915528257,0.4040037068676703,0.0,1.0,3.089999999999978
