id,x,y,z,vx,vy,vz,m,t
2,0.5079330563025545,0.3373039898327283,0.0,-1.105049072017573,-0.29772357598187693,0.0,1.0,3.7199999999999647
3,0.5728185038587785,-0.3513057671017647,0.0,1.083900181282613,-0.16949273002996104,0.0,1.0,3.7199999999999647
1,-1.0807515601613358,0.014001777269036397,0.0,0.02114889073495945,0.467216306011838,0.0,1.0,3.7199999999999647
