id,x,y,z,vx,vy,vz,m
1,4.5073519441609665E-10,6.1529744694848695E-9,0.0,-8.351713556650361E-10,4.5634589388243897E-10,0.0,0.999999999
2,0.549264806034658,-0.8429744633319015,0.0,0.8351713548298704,0.5436541065739058,0.0,1.0E-9
