id,x,y,z,vx,vy,vz,m
1,1.188062382138677E-9,7.778431103086298E-10,0.0,9.82156995704582E-10,1.1880627029712354E-9,0.0,0.999999999
2,-0.18806238095061356,0.9821568904692132,0.0,-0.9821569947224248,-0.18806270178317255,0.0,1.0E-9
