id,x,y,z,vx,vy,vz,m
1,1.9222919586649673E-9,2.3484713407836312E-9,0.0,3.929898090019276E-10,1.9184823991680665E-9,0.0,0.999999999
2,-0.9222919567426743,0.39252866156483757,0.0,-0.3929898086089349,-0.9184823972495855,0.0,1.0E-9
