id,x,y,z,vx,vy,vz,m,t
1,-0.26826608295470455,0.1368921510459826,0.0,-0.3637601539729498,-0.1125896073673949,0.0,0.6,1.9309999999998981
2,0.40239912443205894,-0.20533822656897502,0.0,0.545640230959427,0.16888441105109103,0.0,0.4,1.9309999999998981
