id,x,y,z,vx,vy,vz,m
1,9.204216892130426E-10,4.936757924676472E-10,0.0,9.970091535670148E-10,9.195242118310761E-10,0.0,0.999999999
2,0.07957831170737895,0.9973242080260282,0.0,-0.9970091525700042,0.08047578908844599,0.0,1.0E-9
