id,x,y,z,vx,vy,vz,m,t
2,0.36972351612688575,0.21419855333932086,0.0,-0.6015649472058212,0.13832768607963528,0.0,0.4,0.8400000000000005
1,-0.2464823440845905,-0.1427990355595473,0.0,0.4010432981372141,-0.09221845738642348,0.0,0.6,0.8400000000000005
