id,x,y,z,vx,vy,vz,m
1,1.0124241948140679E-9,5.699921393398481E-9,0.0,-9.999236552391237E-10,1.0124239678406142E-9,0.0,0.999999999
2,-0.012424193801642374,-0.9999213876985635,0.0,0.9999236542392004,-0.012423966828193899,0.0,1.0E-9
