id,x,y,z,vx,vy,vz,m
1,5.672220500905691E-10,6.061498872510001E-9,0.0,-9.015009594387557E-10,5.672208889776137E-10,0.0,0.999999999
2,0.43277795047665474,-0.9014988664485073,0.0,0.9015009585372554,0.43277911158960336,0.0,1.0E-9
