id,x,y,z,vx,vy,vz,m
1,2.2446116240513283E-10,6.231297391257509E-9,0.0,-6.312988714356335E-10,2.244592531855779E-10,0.0,0.999999999
2,0.7755388378193305,-0.6312973850262195,0.0,0.6312988708043351,0.7755407470388777,0.0,1.0E-9
