id,x,y,z,vx,vy,vz,m
1,1.941561378379628E-9,3.8490919865047615E-9,0.0,-3.4422197161867196E-10,1.9366621065890677E-9,0.0,0.999999999
2,-0.941561376438057,-0.3480919826556726,0.0,0.34422197127445353,-0.9366621046524055,0.0,1.0E-9
