id,x,y,z,vx,vy,vz,m
1,2.0581587128455243E-11,6.28183268142227E-9,0.0,-2.0183315659370798E-10,2.0579253836607127E-11,0.0,0.999999999
2,0.9794184128921289,-0.20183267514044526,0.0,0.20183315639187513,0.9794207461839685,0.0,1.0E-9
