id,x,y,z,vx,vy,vz,m,t
1,-0.18663298923046148,0.15080793117068272,0.0,-0.5029411418709521,-0.022248606882512692,0.0,0.6,1.740999999999919
2,0.279949483845694,-0.22621189675602524,0.0,0.7544117128064303,0.033372910323767865,0.0,0.4,1.740999999999919
