id,x,y,z,vx,vy,vz,m
1,1.7035182369589664E-10,6.350504346203106E-9,0.0,5.641822778829278E-10,1.778065195624737E-10,0.0,0.999999999
2,0.829648176474484,0.5694956601473892,0.0,-0.564182277318739,0.8221934806153334,0.0,1.0E-9
