id,x,y,z,vx,vy,vz,m
1,4.16647827818067E-11,6.306884983234581E-9,0.0,-3.040054906286968E-10,5.076736350172961E-11,0.0,0.999999999
2,0.9583352172598825,-0.30688497692769806,0.0,0.30400549032469854,0.9492326365490369,0.0,1.0E-9
