id,x,y,z,vx,vy,vz,m,t
2,0.8063770058108443,0.33612980644126994,0.0,-0.8192249253421461,0.25428008851144385,0.0,1.0,3.419999999999971
3,0.24784493430267943,-0.2100008762643159,0.0,1.0240790582259565,-0.7201780433497325,0.0,1.0,3.419999999999971
1,-1.0542219401135267,-0.12612893017695412,0.0,-0.20485413288381119,0.4658979548382889,0.0,1.0,3.419999999999971
