id,x,y,z,vx,vy,vz,m
1,1.9991333484819703E-9,3.058394348743E-9,0.0,4.16051991440229E-11,1.999134502498796E-9,0.0,0.999999999
2,-0.9991333464828349,0.041605654315393426,0.0,-0.04160519910241723,-0.9991345004996625,0.0,1.0E-9
