id,x,y,z,vx,vy,vz,m
1,3.400115222830104E-10,9.872431078896421E-11,0.0,7.512757006843867E-10,3.400116234699103E-10,0.0,0.999999999
2,0.6599884780570017,0.75127568930976,0.0,-0.7512756999331107,0.6599883768701014,0.0,1.0E-9
