id,x,y,z,vx,vy,vz,m
1,1.176760380546755E-10,1.9316269435465862E-11,0.0,4.706770029374064E-10,1.174386593300992E-10,0.0,0.999999999
2,0.8823239620630007,0.4706837305838504,0.0,-0.4706770024667296,0.8825613407873399,0.0,1.0E-9
