id,x,y,z,vx,vy,vz,m,t
2,0.5930695398895615,0.043387928511929255,0.0,-0.07713589756807933,0.2978033636141384,0.0,0.4,2.8299999999999836
1,-0.3953796932597085,-0.02892528567461896,0.0,0.05142393171205266,-0.19853557574275865,0.0,0.6,2.8299999999999836
