id,x,y,z,vx,vy,vz,m,t
1,-0.3995491631682891,-0.009478081548778402,0.0,0.01883465462541657,-0.19977865215648782,0.0,0.6,2.760999999999807
2,0.5993237447524379,0.014217122323165585,0.0,-0.028251981938123207,0.29966797823473135,0.0,0.4,2.760999999999807
