id,x,y,z,vx,vy,vz,m,t
2,-0.6548443924756827,0.35801630029818926,0.0,1.0248792293587046,-0.008202361400184245,0.0,1.0,0.4200000000000002
3,-0.4221156484994026,-0.30794244414518623,0.0,-1.1019523092863253,-0.4591029696305883,0.0,1.0,0.4200000000000002
1,1.0769600409750846,-0.05007385615300289,0.0,0.07707307992762055,0.4673053310307722,0.0,1.0,0.4200000000000002
