id,x,y,z,vx,vy,vz,m
1,1.5516806163553883E-9,4.981011119136923E-9,0.0,-8.325887989171336E-10,1.5486477192971378E-9,0.0,0.999999999
2,-0.5516806148036946,-0.8400111141559178,0.0,0.832588798084547,-0.5486477177484915,0.0,1.0E-9
