id,x,y,z,vx,vy,vz,m,t
1,-0.3732733272257643,0.0708672880267711,0.0,-0.14935525248101808,-0.18596427775323612,0.0,0.6,2.350999999999852
2,0.5599099908386505,-0.10630093204015813,0.0,0.22403287872152888,0.27894641662985237,0.0,0.4,2.350999999999852
