id,x,y,z,vx,vy,vz,m
1,3.1777378715301924E-10,8.885887048239772E-11,0.0,7.311411394503067E-10,3.1777388466312415E-10,0.0,0.999999999
2,0.6822262131647552,0.7311411296064612,0.0,-0.7311411387191653,0.6822261156546499,0.0,1.0E-9
