id,x,y,z,vx,vy,vz,m
1,1.6726581580683523E-10,6.316329863039797E-9,0.0,5.536714438336785E-10,1.6726392381079594E-10,0.0,0.999999999
2,0.8327341843604331,0.553670143276522,0.0,-0.553671443280007,0.832736076356465,0.0,1.0E-9
