id,x,y,z,vx,vy,vz,m,t
1,0.055259682322983686,0.019333857061806216,0.0,-0.26427136589118166,1.3551325841898012,0.0,0.6,1.3709999999999598
2,-0.08288952348447423,-0.029000785592709973,0.0,0.3964070488367721,-2.0326988762847025,0.0,0.4,1.3709999999999598
