id,x,y,z,vx,vy,vz,m,t
2,1.0711327182620731,-0.07771978998196995,0.0,0.12106933072700123,0.4672397146246814,0.0,1.0,2.4699999999999913
3,-0.713252699372111,0.35531509670648953,0.0,0.9601372355545678,0.10068952484021268,0.0,1.0,2.4699999999999913
1,-0.35788001888996457,-0.27759530672451993,0.0,-1.0812065662815695,-0.5679292394648939,0.0,1.0,2.4699999999999913
