id,x,y,z,vx,vy,vz,m
1,1.408954009453279E-10,6.28391411570322E-9,0.0,-5.190149389101832E-10,1.491834444639589E-10,0.0,0.999999999
2,0.85910459919559,-0.5239141094193107,0.0,0.5190149383911753,0.8508165556852233,0.0,1.0E-9
