id,x,y,z,vx,vy,vz,m,t
2,0.6662418531232834,-0.358093693195092,0.0,1.0136023562486671,0.013530831876988583,0.0,1.0,1.7000000000000013
3,-1.0760446491258853,0.05539607760802054,0.0,0.08533969896283689,0.46733354041546893,0.0,1.0,1.7000000000000013
1,0.40980279600259967,0.3026976155870713,0.0,-1.0989420552115048,-0.48086437229245793,0.0,1.0,1.7000000000000013
