id,x,y,z,vx,vy,vz,m,t
2,0.9361375055265787,0.27105821157682214,0.0,-0.5507392946845123,0.40702038974315985,0.0,1.0,3.229999999999975
3,0.062454792691225836,-0.05758058123591413,0.0,0.939513174748062,-0.8556315559113298,0.0,1.0,3.229999999999975
1,-0.9985922982178072,-0.21347763034090822,0.0,-0.3887738800635504,0.4486111661681702,0.0,1.0,3.229999999999975
