id,x,y,z,vx,vy,vz,m
1,2.0031371971580354E-9,3.156993861954078E-9,0.0,-3.9711365621786484E-12,1.9984162809171578E-9,0.0,0.999999999
2,-1.0031371951548922,-0.005993858797086877,0.0,0.003971136558211082,-0.9984162789187387,0.0,1.0E-9
