id,x,y,z,vx,vy,vz,m
1,1.6662615858971894E-9,1.5542824071612422E-9,0.0,7.457176766917652E-10,1.6662622175565767E-9,0.0,0.999999999
2,-0.6662615842309265,0.7457175943930396,0.0,-0.7457176759460465,-0.6662622158903142,0.0,1.0E-9
