id,x,y,z,vx,vy,vz,m
1,2.460665582705416E-10,6.34305160440534E-9,0.0,6.569499493066436E-10,2.460648668724949E-10,0.0,0.999999999
2,0.7539334419755274,0.6569484019377009,0.0,-0.6569499486496939,0.753935133373567,0.0,1.0E-9
