id,x,y,z,vx,vy,vz,m,t
2,-0.8431087405873531,0.3230973293074132,0.0,0.7514939030527811,0.3056579598487686,0.0,1.0,0.21000000000000005
3,-0.20055781890648308,-0.17505065477101067,0.0,-0.9973963729196826,-0.7697334182564463,0.0,1.0,0.21000000000000005
1,1.0436665594938355,-0.1480466745364025,0.0,0.24590246986690198,0.46407545840767755,0.0,1.0,0.21000000000000005
