id,x,y,z,vx,vy,vz,m,t
2,0.5620189953914396,-0.09611035106810875,0.0,0.21275371128921974,0.28382818548532285,0.0,0.4,2.3599999999999937
1,-0.37467933026096045,0.0640735673787396,0.0,-0.1418358075261467,-0.18921879032354824,0.0,0.6,2.3599999999999937
