id,x,y,z,vx,vy,vz,m,t
2,0.10862199315416934,-0.09895494527921109,0.0,0.9535173685365678,-0.8368480155995455,0.0,1.0,1.1700000000000008
3,-1.0162707612241995,-0.1914962029179468,0.0,-0.33677658772030106,0.4561886526118317,0.0,1.0,1.1700000000000008
1,0.9076487680700288,0.29045114819715806,0.0,-0.6167407808162676,0.3806593629877136,0.0,1.0,1.1700000000000008
