id,x,y,z,vx,vy,vz,m,t
1,-0.3972475032760593,-0.023427727494155958,0.0,0.04696075494970291,-0.19861603911294368,0.0,0.6,2.8309999999997992
2,0.5958712549140931,0.0351415912412319,0.0,-0.07044113242455269,0.2979240586694152,0.0,0.4,2.8309999999997992
