id,x,y,z,vx,vy,vz,m
1,1.8890831365149816E-9,4.097620303783595E-9,0.0,-4.6199848269218856E-10,1.884318030285575E-9,0.0,0.999999999
2,-0.8890831346258886,-0.4666202996859762,0.0,0.4619984822301935,-0.884318028401257,0.0,1.0E-9
