id,x,y,z,vx,vy,vz,m
1,5.998125336353578E-10,6.063023244190747E-9,0.0,-9.145325659673231E-10,6.041362815380997E-10,0.0,0.999999999
2,0.40018746696447294,-0.9230232381277289,0.0,0.9145325650527956,0.39586371906603623,0.0,1.0E-9
