id,x,y,z,vx,vy,vz,m,t
2,0.5641138640856148,-0.09326657537659043,0.0,0.206220027545811,0.284926952818342,0.0,0.4,2.3699999999999934
1,-0.3760759093904106,0.06217771691772738,0.0,-0.1374800183638742,-0.18995130187889434,0.0,0.6,2.3699999999999934
