id,x,y,z,vx,vy,vz,m
1,1.568428465528095E-10,6.279203289160396E-9,0.0,-5.440699181819899E-10,1.6499562039279527E-10,0.0,0.999999999
2,0.8431571536040557,-0.5492032828811981,0.0,0.544069917637927,0.8350043797721987,0.0,1.0E-9
