id,x,y,z,vx,vy,vz,m,t
2,-0.526446555058073,0.34207936689443996,0.0,1.1011908418036116,-0.261464730760894,0.0,1.0,0.5400000000000003
3,-0.5545661375000385,-0.34807461389216615,0.0,-1.0920882309590212,-0.20574371593457919,0.0,1.0,0.5400000000000003
1,1.0810126925581107,0.005995246997726241,0.0,-0.009102610844590943,0.46720844669547296,0.0,1.0,0.5400000000000003
