id,x,y,z,vx,vy,vz,m,t
1,-0.1256487457247111,0.14808776506602614,0.0,-0.6101491903224638,0.08241924595850439,0.0,0.6,1.6309999999999312
2,0.18847311858706808,-0.22213164759904017,0.0,0.9152237854836969,-0.12362886893775776,0.0,0.4,1.6309999999999312
