id,x,y,z,vx,vy,vz,m,t
2,1.0644481578843212,0.09983534898749119,0.0,-0.15844103781726993,0.46695003661696827,0.0,1.0,2.849999999999983
3,-0.30649718940687637,0.24855258817016926,0.0,1.0566158158683985,-0.6450786626060516,0.0,1.0,2.849999999999983
1,-0.7579509684774473,-0.34838793715766075,0.0,-0.8981747780511292,0.1781286259890837,0.0,1.0,2.849999999999983
