id,x,y,z,vx,vy,vz,m,t
2,-0.5484057020772712,0.3468742463647882,0.0,1.09441827781179,-0.2180185965451007,0.0,1.0,0.5200000000000002
3,-0.5326466942913024,-0.34352535183060107,0.0,-1.0995499746793687,-0.2491884361887192,0.0,1.0,0.5200000000000002
1,1.0810523963685728,-0.003348894534187039,0.0,0.005131696867578217,0.46720703273381964,0.0,1.0,0.5200000000000002
