id,x,y,z,vx,vy,vz,m
1,7.356080586202031E-10,5.944413776134652E-9,0.0,-9.644159906630423E-10,7.356072588727772E-10,0.0,0.999999999
2,0.2643919421154066,-0.9644137701902423,0.0,0.9644159896986266,0.2643927418628264,0.0,1.0E-9
