id,x,y,z,vx,vy,vz,m
1,1.5264618990770814E-9,5.027095859252315E-9,0.0,-8.485346091567437E-10,1.5235896536658163E-9,0.0,0.999999999
2,-0.5264618975506065,-0.856095854225224,0.0,0.8485346083082117,-0.5235896521422283,0.0,1.0E-9
