id,x,y,z,vx,vy,vz,m
1,1.8425997650006588E-9,2.028702486280707E-9,0.0,5.423429030907179E-10,1.8392750131384758E-9,0.0,0.999999999
2,-0.8425997631580557,0.5422975157479931,0.0,-0.542342902548372,-0.839275011299201,0.0,1.0E-9
