id,x,y,z,vx,vy,vz,m
1,4.2992074124841413E-11,6.318996171636356E-9,0.0,3.0811422432317956E-10,5.177044970612472E-11,0.0,0.999999999
2,0.9570079259181786,0.3110038346826309,0.0,-0.3081142240150586,0.9482295503456458,0.0,1.0E-9
