id,x,y,z,vx,vy,vz,m
1,1.0096288477322278E-10,6.267868851944187E-9,0.0,-4.3786988161370146E-10,1.009607110411318E-10,0.0,0.999999999
2,0.8990371153277426,-0.43786884567632567,0.0,0.43786988117583187,0.8990392890598251,0.0,1.0E-9
