id,x,y,z,vx,vy,vz,m
1,3.0328849944086404E-10,8.264859043344983E-11,0.0,7.173514185473117E-10,3.032885945373939E-10,0.0,0.999999999
2,0.6967115008624251,0.7173514096491987,0.0,-0.7173514178299601,0.6967114057658949,0.0,1.0E-9
