id,x,y,z,vx,vy,vz,m,t
2,0.28965283253537,0.22574812024128202,0.0,-0.7376868645628083,0.04648158467893305,0.0,0.4,0.9600000000000006
1,-0.19310188835691336,-0.15049874682752143,0.0,0.49179124304187216,-0.030987723119288685,0.0,0.6,0.9600000000000006
