id,x,y,z,vx,vy,vz,m,t
2,0.32179422370527583,0.257556527340843,0.0,-1.0645502540269474,-0.6230494822892709,0.0,1.0,3.889999999999961
3,0.7448301562560868,-0.3509902537912421,0.0,0.9174097532074329,0.15600199919227095,0.0,1.0,3.889999999999961
1,-1.0666243799613657,0.09343372645039916,0.0,0.14714050081951402,0.46704748309699984,0.0,1.0,3.889999999999961
