id,x,y,z,vx,vy,vz,m
1,1.366152524111024E-9,5.287223222473782E-9,0.0,-9.279335071711065E-10,1.3643642293134294E-9,0.0,0.999999999
2,-0.36615252274485804,-0.9362232171865609,0.0,0.9279335062431757,-0.36436422794906687,0.0,1.0E-9
