id,x,y,z,vx,vy,vz,m,t
1,-0.06025433309609253,-0.13209714799889222,0.0,0.7278571076678588,0.26800141540081607,0.0,0.6,1.1809999999999807
2,0.09038149964414002,0.19814572199833796,0.0,-1.0917856615017871,-0.4020021231012246,0.0,0.4,1.1809999999999807
