id,x,y,z,vx,vy,vz,m,t
2,0.48364341895806257,0.170242941690586,0.0,-0.39844216958500867,0.23192112555062327,0.0,0.4,0.6100000000000003
1,-0.32242894597204164,-0.11349529446039071,0.0,0.2656281130566724,-0.15461408370041554,0.0,0.6,0.6100000000000003
