id,x,y,z,vx,vy,vz,m,t
2,0.1435966134952734,0.21395983683758357,0.0,-0.9964460200801196,-0.2313210015097303,0.0,0.4,1.1300000000000008
1,-0.09573107566351571,-0.14263989122505574,0.0,0.6642973467200797,0.1542140010064869,0.0,0.6,1.1300000000000008
