id,x,y,z,vx,vy,vz,m,t
1,-0.15035026776742413,-0.15054141600740492,0.0,0.5660451569500548,0.03467471315678411,0.0,0.6,1.0409999999999962
2,0.22552540165113746,0.22581212401110698,0.0,-0.8490677354250814,-0.052012069735176705,0.0,0.4,1.0409999999999962
