id,x,y,z,vx,vy,vz,m
1,6.4051872451780404E-12,6.282987637357418E-9,0.0,-1.1298790338828685E-10,6.402831657531794E-12,0.0,0.999999999
2,0.9935948127612297,-0.11298763107443763,0.0,0.11298790327529921,0.9935971683488675,0.0,1.0E-9
