id,x,y,z,vx,vy,vz,m
1,5.473658807594479E-10,2.0906893927613147E-10,0.0,8.918010549087612E-10,5.46818293704499E-10,0.0,0.999999999
2,0.45263411978791757,0.8919310609329371,0.0,-0.8918010540169614,0.45318170684231773,0.0,1.0E-9
