id,x,y,z,vx,vy,vz,m,t
2,0.45812600357635797,-0.17836459397797277,0.0,0.44589729354722285,0.21922222020791204,0.0,0.4,2.0400000000000005
1,-0.3054173357175726,0.11890972931864882,0.0,-0.2972648623648154,-0.14614814680527438,0.0,0.6,2.0400000000000005
