id,x,y,z,vx,vy,vz,m
1,3.026858945041828E-10,6.225389925714394E-9,0.0,-7.186393766284781E-10,3.095823764262144E-10,0.0,0.999999999
2,0.6973141057985235,-0.7253899194890122,0.0,0.7186393759098447,0.6904176238833664,0.0,1.0E-9
