id,x,y,z,vx,vy,vz,m,t
2,0.47133790503724327,0.17707366942641325,0.0,-0.4220257659895109,0.22334148413290872,0.0,0.4,0.6400000000000003
1,-0.31422527002482875,-0.11804911295094221,0.0,0.2813505106596739,-0.1488943227552725,0.0,0.6,0.6400000000000003
