id,x,y,z,vx,vy,vz,m,t
2,0.364777930758021,0.2811793470611739,0.0,-1.084034500217976,-0.5568612792889983,0.0,1.0,3.849999999999962
3,0.7071101844544965,-0.3559262142080199,0.0,0.9678178126588823,0.08960144618048288,0.0,1.0,3.849999999999962
1,-1.0718881152125204,0.07474686714684603,0.0,0.11621668755909352,0.4672598331085154,0.0,1.0,3.849999999999962
