id,x,y,z,vx,vy,vz,m,t
1,-0.2645969128202234,0.13800181948018503,0.0,-0.37008824803270834,-0.10932489604377676,0.0,0.6,1.9209999999998992
2,0.3968953692303372,-0.20700272922027868,0.0,0.555132372049065,0.1639873440656638,0.0,0.4,1.9209999999998992
