id,x,y,z,vx,vy,vz,m,t
1,-0.39589715091231864,0.0284218278626858,0.0,-0.05742297887245067,-0.1979500056062159,0.0,0.6,2.570999999999828
2,0.5938457263684815,-0.04263274179403054,0.0,0.08613446830867764,0.2969250084093224,0.0,0.4,2.570999999999828
