id,x,y,z,vx,vy,vz,m
1,1.9216900432591855E-9,3.92792461551834E-9,0.0,-3.879256464657305E-10,1.9216912523001893E-9,0.0,0.999999999
2,-0.921690041337494,-0.3879246115904158,0.0,0.38792564607780533,-0.9216912503785005,0.0,1.0E-9
