id,x,y,z,vx,vy,vz,m,t
2,0.9751634407480066,-0.2383803147855052,0.0,0.4527645867445314,0.43556647447513824,0.0,1.0,2.1199999999999988
3,-0.9647299061033078,0.24800277212857938,0.0,0.47990312913325717,0.42882943235691706,0.0,1.0,2.1199999999999988
1,-0.0104335346447015,-0.00962245734307456,0.0,-0.9326677158777897,-0.8643959068320554,0.0,1.0,2.1199999999999988
