id,x,y,z,vx,vy,vz,m
1,5.695967050697055E-12,6.283433832932817E-9,0.0,1.0656641799521464E-10,5.693637234634211E-12,0.0,0.999999999
2,0.9943040329550014,0.10656617335060589,0.0,-0.10656641788864796,0.9943063627710562,0.0,1.0E-9
