id,x,y,z,vx,vy,vz,m
1,7.329626462448094E-15,6.312264770747114E-9,0.0,-1.1120243197116073E-10,9.400631913942649E-12,0.0,0.999999999
2,0.9999926703735703,-0.11226476443485385,0.0,0.11120243185996533,0.9905993680954575,0.0,1.0E-9
