id,x,y,z,vx,vy,vz,m
1,1.9692323510162492E-10,6.266285644716323E-9,0.0,-6.006251503279032E-10,2.04733499693516E-10,0.0,0.999999999
2,0.80307676509532,-0.6062856384500452,0.0,0.6006251497272844,0.7952665005112157,0.0,1.0E-9
