id,x,y,z,vx,vy,vz,m,t
2,0.11287378600347574,0.20569739065347337,0.0,-1.0520791291120153,-0.32278163269071863,0.0,0.4,1.1600000000000008
1,-0.07524919066898395,-0.13713159376898226,0.0,0.7013860860746768,0.21518775512714577,0.0,0.6,1.1600000000000008
