id,x,y,z,vx,vy,vz,m
1,1.6474427102167343E-9,4.78937824240839E-9,0.0,-7.61552257880865E-10,1.6438295126580924E-9,0.0,0.999999999
2,-0.6474427085692798,-0.7683782376190132,0.0,0.7615522571193156,-0.643829511014265,0.0,1.0E-9
