id,x,y,z,vx,vy,vz,m,t
2,-0.6650434569579085,0.35800076481529924,0.0,1.0149336670864468,0.011309457978186627,0.0,1.0,0.4100000000000002
3,-0.41110907772799443,-0.3032538231443234,0.0,-1.099361844995302,-0.47862123054197736,0.0,1.0,0.4100000000000002
1,1.0761525346859022,-0.0547469416709757,0.0,0.08442817790885507,0.4673117725637904,0.0,1.0,0.4100000000000002
