id,x,y,z,vx,vy,vz,m
1,1.9999640858639758E-9,3.158381840666275E-9,0.0,-8.382350560666046E-12,1.999965259581665E-9,0.0,0.999999999
2,-0.9999640838640095,-0.008381837507893666,0.0,0.008382350552284158,-0.999965257581701,0.0,1.0E-9
