id,x,y,z,vx,vy,vz,m
1,6.563446829453162E-10,2.809042194335441E-10,0.0,9.390958227213998E-10,6.563448403674326E-10,0.0,0.999999999
2,0.3436553177110294,0.9390957808473601,0.0,-0.9390958217823038,0.3436551602889124,0.0,1.0E-9
