id,x,y,z,vx,vy,vz,m
1,3.128423725335978E-10,6.19650622680203E-9,0.0,-7.265079255952764E-10,3.128406561422955E-10,0.0,0.999999999
2,0.6871576277792466,-0.7265062206055302,0.0,0.7265079248687687,0.6871593441705414,0.0,1.0E-9
