id,x,y,z,vx,vy,vz,m,t
2,0.596603982288365,0.025451006289980403,0.0,-0.040717819981577585,0.29991181069140693,0.0,0.4,2.769999999999985
1,-0.39773598819224426,-0.016967337526653067,0.0,0.0271452133210515,-0.19994120712760435,0.0,0.6,2.769999999999985
