id,x,y,z,vx,vy,vz,m
1,1.0757479757684253E-9,5.653783192847687E-9,0.0,-9.937807268054225E-10,1.0761349479137452E-9,0.0,0.999999999
2,-0.07574797469266166,-1.0027831871939086,0.0,0.993780725811645,-0.07613494683761166,0.0,1.0E-9
