id,x,y,z,vx,vy,vz,m,t
1,-0.07455891196109742,-0.13693671642578498,0.0,0.7026057714294348,0.21745013090762275,0.0,0.6,1.160999999999983
2,0.11183836794164727,0.20540507463867708,0.0,-1.053908657144151,-0.3261751963614346,0.0,0.4,1.160999999999983
