id,x,y,z,vx,vy,vz,m,t
1,-0.3975769410742045,-0.021955476443539214,0.0,0.044111369601912434,-0.19878294091724621,0.0,0.6,0.11000000000000008
2,0.5963654116113065,0.0329332146653088,0.0,-0.06616705440286866,0.29817441137586936,0.0,0.4,0.11000000000000008
