id,x,y,z,vx,vy,vz,m
1,8.438286757076506E-12,3.61654844240254E-13,0.0,1.2963831015922513E-10,8.373464859663808E-12,0.0,0.999999999
2,0.991561713251362,0.12963834515612144,0.0,-0.12963831002958676,0.99162653514871,0.0,1.0E-9
