id,x,y,z,vx,vy,vz,m,t
2,-0.7783677471127034,0.34397639503354055,0.0,0.8663035670322625,0.21125443929044116,0.0,1.0,0.2900000000000001
3,-0.28218066951530957,-0.23317418983715446,0.0,-1.043546448932843,-0.6778587575509677,0.0,1.0,0.2900000000000001
1,1.0605484166280124,-0.11080220519638606,0.0,0.1772428819005808,0.46660431826052634,0.0,1.0,0.2900000000000001
