id,x,y,z,vx,vy,vz,m
1,1.4550434741028215E-9,5.130467785340129E-9,0.0,-8.904697592161839E-10,1.4550440723255045E-9,0.0,0.999999999
2,-0.45504347264777645,-0.8904677802096652,0.0,0.8904697583257145,-0.45504407087046383,0.0,1.0E-9
