id,x,y,z,vx,vy,vz,m,t
1,-0.3561214410348585,0.08899918580729961,0.0,-0.19410240582293703,-0.1761335896949172,0.0,0.6,2.250999999999863
2,0.5341821615522913,-0.13349877871095076,0.0,0.2911536087344075,0.2642003845423741,0.0,0.4,2.250999999999863
