id,x,y,z,vx,vy,vz,m,t
2,0.26926057184447383,0.22457071882257498,0.0,-1.0363746804225982,-0.6942860561902936,0.0,1.0,3.93999999999996
3,0.7890056209724452,-0.341341694950686,0.0,0.8488470139468356,0.22794240773226968,0.0,1.0,3.93999999999996
1,-1.0582661928169221,0.11677097612811105,0.0,0.1875276664757621,0.4663436484580239,0.0,1.0,3.93999999999996
