id,x,y,z,vx,vy,vz,m,t
1,-0.31974780995364893,-0.11503368765756262,0.0,0.2708182470183233,-0.1527665372835942,0.0,0.6,0.6200000000000004
2,0.4796217149304743,0.17255053148634383,0.0,-0.40622737052748475,0.229149805925391,0.0,0.4,0.6200000000000004
