id,x,y,z,vx,vy,vz,m
1,2.2242371224999687E-10,5.1211409166912416E-11,0.0,6.287885952823695E-10,2.2242379330332383E-10,0.0,0.999999999
2,0.7775762879724273,0.6287885908842991,0.0,-0.6287885946535808,0.7775762069191002,0.0,1.0E-9
