id,x,y,z,vx,vy,vz,m,t
2,0.46365379223357917,0.32368555624034645,0.0,-1.1074911500904099,-0.3827467526334205,0.0,1.0,3.759999999999964
3,0.6156795010999137,-0.35637670525092113,0.0,1.057679673170787,-0.08450904671641972,0.0,1.0,3.759999999999964
1,-1.0793332933334956,0.03269114901057466,0.0,0.049811476919622406,0.46725579934984024,0.0,1.0,3.759999999999964
