id,x,y,z,vx,vy,vz,m,t
2,0.17638271406850756,-0.15606860618716756,0.0,0.9843128698954331,-0.7912135041316741,0.0,1.0,1.2400000000000009
3,-1.0374071608482223,-0.15931011214032417,0.0,-0.26822781091327536,0.46271882294018707,0.0,1.0,1.2400000000000009
1,0.8610244467797133,0.31537871832749187,0.0,-0.7160850589821587,0.3284946811914868,0.0,1.0,1.2400000000000009
