id,x,y,z,vx,vy,vz,m,t
2,0.4397935891261611,0.19191521872334788,0.0,-0.4799507202684846,0.199840829446739,0.0,0.4,0.7100000000000004
1,-0.2931957260841073,-0.12794347914889861,0.0,0.31996714684565636,-0.13322721963115933,0.0,0.6,0.7100000000000004
