id,x,y,z,vx,vy,vz,m
1,1.7702180356035287E-9,1.8122200393870146E-9,0.0,6.377799990024164E-10,1.7702187740004034E-9,0.0,0.999999999
2,-0.7702180338333093,0.637779962425205,0.0,-0.6377799983646357,-0.7702187722301845,0.0,1.0E-9
