id,x,y,z,vx,vy,vz,m,t
1,-0.39370121621129545,-0.035294287015674136,0.0,0.07129396150170209,-0.1968082298827952,0.0,0.6,2.8909999999997926
2,0.5905518243169471,0.052941430523509164,0.0,-0.10694094225255146,0.2952123448241924,0.0,0.4,2.8909999999997926
