id,x,y,z,vx,vy,vz,m
1,3.2516064895527977E-10,9.191058517181201E-11,0.0,7.380404666326719E-10,3.247649233091382E-10,0.0,0.999999999
2,0.6748393513698813,0.7380894149200992,0.0,-0.738040465894632,0.6752350770156258,0.0,1.0E-9
