id,x,y,z,vx,vy,vz,m
1,9.79192220154864E-10,5.502166410308321E-10,0.0,9.997834416875471E-10,9.791924614051826E-10,0.0,0.999999999
2,0.020807780824329214,0.9997833595193845,0.0,-0.9997834406877639,0.020807539574009937,0.0,1.0E-9
