id,x,y,z,vx,vy,vz,m
1,1.942214110950856E-9,2.4649905316285832E-9,0.0,3.350093046528822E-10,1.942215098044806E-9,0.0,0.999999999
2,-0.9422141090086404,0.33500947083640664,0.0,-0.3350093043178724,-0.9422150961025916,0.0,1.0E-9
