id,x,y,z,vx,vy,vz,m,t
1,-0.342065111669031,-0.10059087985748015,0.0,0.22569903205647926,-0.16750240109814138,0.0,0.6,0.5300000000000004
2,0.513097667503547,0.15088631978622016,0.0,-0.338548548084719,0.251253601647212,0.0,0.4,0.5300000000000004
