id,x,y,z,vx,vy,vz,m
1,8.249523540473416E-11,6.326739229762994E-9,0.0,4.094148491068284E-10,9.085272256419565E-11,0.0,0.999999999
2,0.9175047646777899,0.41326077656373866,0.0,-0.4094148486974069,0.909147277526657,0.0,1.0E-9
