id,x,y,z,vx,vy,vz,m,t
1,-0.39991999664969946,-0.003999732969090396,0.0,0.008000667589305677,-0.19995999231544123,0.0,0.6,0.02000000000000001
2,0.5998799949745491,0.005999599453635593,0.0,-0.012001001383958515,0.2999399884731618,0.0,0.4,0.02000000000000001
