id,x,y,z,vx,vy,vz,m,t
2,0.9796317934101831,-0.2340110453990931,0.0,0.44090594569076225,0.4382874028072846,0.0,1.0,2.1299999999999986
3,-0.9598689388447457,0.2522741367596583,0.0,0.49229032257915817,0.42544349385887054,0.0,1.0,2.1299999999999986
1,-0.01976285456544006,-0.018263091360565614,0.0,-0.9331962682699216,-0.8637308966661552,0.0,1.0,2.1299999999999986
