id,x,y,z,vx,vy,vz,m
1,7.335653395872428E-10,3.3679728194282686E-10,0.0,9.63984550076528E-10,7.328650147220119E-10,0.0,0.999999999
2,0.2664346611463219,0.9642027183939696,0.0,-0.9639845491125435,0.267134986010851,0.0,1.0E-9
