id,x,y,z,vx,vy,vz,m
1,1.2594210074251436E-9,5.415762930301541E-9,0.0,-9.657650860186336E-10,1.2594212585194315E-9,0.0,0.999999999
2,-0.25942100616572095,-0.9657629248857812,0.0,0.965765085052869,-0.2594212572600141,0.0,1.0E-9
