id,x,y,z,vx,vy,vz,m
1,1.7086018307307657E-10,6.249038495752254E-9,0.0,-5.590398083573423E-10,1.708581579138926E-10,0.0,0.999999999
2,0.8291398170977857,-0.5590384895032224,0.0,0.5590398077983029,0.8291418422569617,0.0,1.0E-9
