id,x,y,z,vx,vy,vz,m
1,1.4414993291533413E-11,8.190489532778584E-13,0.0,1.6918095075087793E-10,1.44150144403633E-11,0.0,0.999999999
2,0.9855850067228819,0.16918095104754122,0.0,-0.16918095058169696,0.9855849855740516,0.0,1.0E-9
