id,x,y,z,vx,vy,vz,m
1,1.3058012218054303E-10,6.305929232604494E-9,0.0,4.940719326898113E-10,1.305781357279712E-10,0.0,0.999999999
2,0.8694198779500396,0.4940707737014253,0.0,-0.49407193219573914,0.8694218644026039,0.0,1.0E-9
