id,x,y,z,vx,vy,vz,m
1,1.9952649094138984E-9,2.897515796576538E-9,0.0,1.2492944509602203E-10,1.9907723830994673E-9,0.0,0.999999999
2,-0.99526490741863,0.12348420632097543,0.0,-0.12492944497108907,-0.9907723811086959,0.0,1.0E-9
