id,x,y,z,vx,vy,vz,m
1,2.002183591368931E-9,3.236915608807273E-9,0.0,-4.3701412499960443E-11,1.997407645310993E-9,0.0,0.999999999
2,-1.0021835893667401,-0.045915605570360334,0.0,0.043701412456262585,-0.997407643313583,0.0,1.0E-9
