id,x,y,z,vx,vy,vz,m,t
2,0.3006118725488888,0.24479228910124792,0.0,-1.0536102687021707,-0.6531152931136487,0.0,1.0,3.9099999999999606
3,0.7629110827101071,-0.34756498185029716,0.0,0.8905685361421597,0.18627656029679743,0.0,1.0,3.9099999999999606
1,-1.063522955258999,0.10277269274904931,0.0,0.1630417325600107,0.4668387328168511,0.0,1.0,3.9099999999999606
