id,x,y,z,vx,vy,vz,m,t
1,-0.18310021867204293,-0.15098844119798766,0.0,0.5089678281504443,-0.017212787806952002,0.0,0.6,0.9800000000000008
2,0.27465032800806566,0.22648266179698118,0.0,-0.7634517422256654,0.025819181710427457,0.0,0.4,0.9800000000000008
