id,x,y,z,vx,vy,vz,m,t
2,1.049141311205687,0.1371322839437232,0.0,-0.22523957006776602,0.4651231746689402,0.0,1.0,2.9299999999999815
3,-0.2238082575931626,0.19266076278231378,0.0,1.0103560437580645,-0.7466812651400823,0.0,1.0,2.9299999999999815
1,-0.8253330536125267,-0.32979304672603726,0.0,-0.7851164736902994,0.28155809047114244,0.0,1.0,2.9299999999999815
