id,x,y,z,vx,vy,vz,m,t
1,-0.29636845411544227,-0.12660082368852144,0.0,0.31426662846155473,-0.1356877466836503,0.0,0.6,0.7000000000000005
2,0.4445526811731641,0.18990123553278207,0.0,-0.47139994269233176,0.2035316200254751,0.0,0.4,0.7000000000000005
