id,x,y,z,vx,vy,vz,m
1,1.8830938644201502E-9,4.099194185814112E-9,0.0,-4.691953478445363E-10,1.8830950461863275E-9,0.0,0.999999999
2,-0.8830938625370546,-0.469194181714918,0.0,0.4691953473753414,-0.8830950443032347,0.0,1.0E-9
