id,x,y,z,vx,vy,vz,m
1,1.4727605291621588E-9,5.101189501087637E-9,0.0,-8.811914539330625E-10,1.4727611570809478E-9,0.0,0.999999999
2,-0.4727605276893966,-0.8811894959864516,0.0,0.8811914530518713,-0.47276115560819015,0.0,1.0E-9
