id,x,y,z,vx,vy,vz,m,t
2,-0.12658609900417914,0.11447626715593072,0.0,0.9606818226601966,-0.8268816913964426,0.0,1.0,0.9200000000000006
3,-0.8958265598118129,-0.2974452283455954,0.0,-0.6429519689150168,0.36856245282951616,0.0,1.0,0.9200000000000006
1,1.0224126588159914,0.18296896118966482,0.0,-0.3177298537451807,0.4583192385669263,0.0,1.0,0.9200000000000006
