id,x,y,z,vx,vy,vz,m,t
2,0.3383305022734149,0.2203220546981838,0.0,-0.6548488157929752,0.10557408091241957,0.0,0.4,0.8900000000000006
1,-0.2255536681822766,-0.14688136979878927,0.0,0.43656587719531675,-0.07038272060827969,0.0,0.6,0.8900000000000006
