id,x,y,z,vx,vy,vz,m
1,2.8143773371386955E-10,6.234359891640212E-9,0.0,-6.978005393895906E-10,2.885184932546894E-10,0.0,0.999999999
2,0.7185622665675887,-0.7043598854058616,0.0,0.6978005386917963,0.7114815070338273,0.0,1.0E-9
