id,x,y,z,vx,vy,vz,m,t
2,0.41450386676922013,-0.19663881075117534,0.0,0.524879127069481,0.1851646297761262,0.0,0.4,1.9500000000000015
1,-0.27633591117948064,0.1310925405007838,0.0,-0.34991941804632076,-0.12344308651741707,0.0,0.6,1.9500000000000015
