id,x,y,z,vx,vy,vz,m
1,3.5521433780627944E-10,1.0549834028993007E-10,0.0,7.6444370585574E-10,3.5479865297353795E-10,0.0,0.999999999
2,0.6447856625489353,0.7645016598155691,0.0,-0.7644437050912971,0.6452013473812597,0.0,1.0E-9
