id,x,y,z,vx,vy,vz,m,t
2,-0.43796873855988255,0.3143213565306017,0.0,1.104857939553088,-0.4304877974284434,0.0,1.0,0.6200000000000003
3,-0.6400267664890134,-0.3576960745598301,0.0,-1.0383206850853088,-0.03680235688437433,0.0,1.0,0.6200000000000003
1,1.077995505048895,0.043374718029228355,0.0,-0.06653725446777974,0.4672901543128175,0.0,1.0,0.6200000000000003
