id,x,y,z,vx,vy,vz,m
1,8.894180945059897E-10,4.661331012374541E-10,0.0,9.938669700812423E-10,8.894183084180275E-10,0.0,0.999999999
2,0.11058190638342934,0.9938668992286791,0.0,-0.9938669690873754,0.11058169247139084,0.0,1.0E-9
