id,x,y,z,vx,vy,vz,m
1,-6.248017659941959E-12,6.312876793924895E-9,0.0,7.070693218200491E-12,3.143452853995412E-12,0.0,0.999999999
2,1.0062480176537199,0.007123212387973223,0.0,-0.007070693211122757,0.9968565471491476,0.0,1.0E-9
