id,x,y,z,vx,vy,vz,m,t
2,1.0795096672280644,-0.030991634362930766,0.0,0.047195701382425584,0.46725063961530355,0.0,1.0,2.569999999999989
3,-0.611836887393004,0.3560515087998496,0.0,1.0604488726385803,-0.09208397125015151,0.0,1.0,2.569999999999989
1,-0.4676727798350629,-0.325059874436919,0.0,-1.1076445740210064,-0.37516666836515183,0.0,1.0,2.569999999999989
