id,x,y,z,vx,vy,vz,m,t
2,-0.9229792480996732,0.2804890269694678,0.0,0.581738361517867,0.3953822311236492,0.0,1.0,0.09
3,-0.08431145164453349,-0.07732013297178336,0.0,-0.9453970439696062,-0.8479163150251247,0.0,1.0,0.09
1,1.0072906997442064,-0.20316889399768442,0.0,0.3636586824517394,0.4525340839014755,0.0,1.0,0.09
