id,x,y,z,vx,vy,vz,m,t
2,0.3983343003290869,-0.20198817867814461,0.0,0.5532635558448952,0.17123828752055414,0.0,0.4,1.9200000000000015
1,-0.2655562002193918,0.13465878578542997,0.0,-0.3688423705632636,-0.1141588583470357,0.0,0.6,1.9200000000000015
