id,x,y,z,vx,vy,vz,m,t
1,-0.11949195638144153,0.14719743352860334,0.0,-0.6212488774619657,0.09579304490787229,0.0,0.6,1.6209999999999323
2,0.17923793457216372,-0.220796150292906,0.0,0.9318733161929496,-0.1436895673618096,0.0,0.4,1.6209999999999323
