id,x,y,z,vx,vy,vz,m
1,8.596565632135458E-10,4.398972260236128E-10,0.0,9.901028414717284E-10,8.59656768829351E-10,0.0,0.999999999
2,0.14034343764611162,0.9901027744162845,0.0,-0.9901028404816254,0.14034323203030585,0.0,1.0E-9
