id,x,y,z,vx,vy,vz,m
1,5.944575301728194E-10,6.044074551144282E-9,0.0,-9.140766645577866E-10,5.944564279897419E-10,0.0,0.999999999
2,0.4055424704216399,-0.9140745451002118,0.0,0.9140766636437108,0.4055435726047108,0.0,1.0E-9
