id,x,y,z,vx,vy,vz,m
1,1.4342331020103124E-9,1.1191997674813168E-9,0.0,9.008003493357664E-10,1.4342335544908064E-9,0.0,0.999999999
2,-0.4342331005760784,0.9008002336378826,0.0,-0.9008003484349656,-0.4342335530565724,0.0,1.0E-9
