id,x,y,z,vx,vy,vz,m,t
2,1.0770427373564446,-0.04968257914660391,0.0,0.07623231330547597,0.46729393344101,0.0,1.0,2.52999999999999
3,-0.6535934018561605,0.3580904174505271,0.0,1.026042209046963,-0.010605354515921404,0.0,1.0,2.52999999999999
1,-0.4234493355002865,-0.3084078383039234,0.0,-1.1022745223524393,-0.4566885789250884,0.0,1.0,2.52999999999999
