id,x,y,z,vx,vy,vz,m,t
2,0.5979588592629425,0.0074210087985199236,0.0,-0.004456734653813036,0.3009100385470962,0.0,0.4,2.709999999999986
1,-0.3986392395086292,-0.004947339199012762,0.0,0.0029711564358751294,-0.2006066923647305,0.0,0.6,2.709999999999986
