id,x,y,z,vx,vy,vz,m,t
2,0.27758609269163886,-0.23024690710636106,0.0,1.0408861935774114,-0.6838098452588915,0.0,1.0,1.340000000000001
3,-1.0597682832392838,-0.11280743809079147,0.0,-0.18080695037627934,0.46656510762244213,0.0,1.0,1.340000000000001
1,0.7821821905476434,0.3430543451971526,0.0,-0.860079243201133,0.21724473763644897,0.0,1.0,1.340000000000001
