id,x,y,z,vx,vy,vz,m
1,1.474730789718604E-10,2.7316696439833637E-11,0.0,5.226833050707569E-10,1.4747314516705167E-10,0.0,0.999999999
2,0.852526921175613,0.5226833035874832,0.0,-0.5226833045480734,0.8525268549804217,0.0,1.0E-9
