id,x,y,z,vx,vy,vz,m,t
2,0.010936576021312028,0.15774321005275843,0.0,-1.1972493359971659,-0.8173293963349346,0.0,0.4,1.2500000000000009
1,-0.007291050680874829,-0.10516214003517235,0.0,0.7981662239981102,0.5448862642232898,0.0,0.6,1.2500000000000009
