id,x,y,z,vx,vy,vz,m
1,2.039355506016631E-10,4.4714101622775684E-11,0.0,6.052660661242318E-10,2.0362474714837818E-10,0.0,0.999999999
2,0.7960644496022723,0.6052858984219383,0.0,-0.605266065518966,0.7963752530552461,0.0,1.0E-9
