id,x,y,z,vx,vy,vz,m,t
2,-0.22503265436915945,0.19349259745527952,0.0,1.011092027910206,-0.7453387930221945,0.0,1.0,0.8200000000000005
3,-0.824372587667205,-0.33023186391495446,0.0,-0.7868653793756405,0.2802049268149685,0.0,1.0,0.8200000000000005
1,1.0494052420363638,0.13673926645967505,0.0,-0.2242266485345664,0.46513386620722597,0.0,1.0,0.8200000000000005
