id,x,y,z,vx,vy,vz,m
1,8.233576999777855E-10,5.87427362228225E-9,0.0,-9.842758720633347E-10,8.233570851421676E-10,0.0,0.999999999
2,0.1766423008455738,-0.9842736164079811,0.0,0.9842758710790591,0.17664291568118584,0.0,1.0E-9
