id,x,y,z,vx,vy,vz,m
1,1.1814131344985376E-9,5.513405573577309E-9,0.0,-9.834077774104288E-10,1.1814132387602446E-9,0.0,0.999999999
2,-0.18141313331712297,-0.9834055680639066,0.0,0.9834077764270214,-0.18141323757883493,0.0,1.0E-9
