id,x,y,z,vx,vy,vz,m
1,5.076719562937128E-11,5.408280546800596E-12,0.0,3.1459045203218066E-10,5.060965367639294E-11,0.0,0.999999999
2,0.9492328044213965,0.3145917194586076,0.0,-0.31459045171759037,0.9493903463742167,0.0,1.0E-9
