id,x,y,z,vx,vy,vz,m
1,-4.660432557769476E-12,6.313062475608464E-9,0.0,5.641994974064943E-11,4.691079306158227E-12,0.0,0.999999999
2,1.0046604325531352,0.056937530704588145,0.0,-0.05641994968422243,0.9953089206985326,0.0,1.0E-9
