id,x,y,z,vx,vy,vz,m,t
2,-0.17517489354309773,0.1550021613969553,0.0,0.9837278226728212,-0.792252203814446,0.0,1.0,0.8700000000000006
3,-0.8619020187776669,-0.3149402210320683,0.0,-0.7143445153425622,0.32966258025447287,0.0,1.0,0.8700000000000006
1,1.037076912320764,0.15993805963511315,0.0,-0.26938330733025995,0.4625896235599732,0.0,1.0,0.8700000000000006
