id,x,y,z,vx,vy,vz,m
1,4.209437834395661E-10,6.145285733140583E-9,0.0,-8.152876321163977E-10,4.209423036615036E-10,0.0,0.999999999
2,0.5790562169813798,-0.8152857269953031,0.0,0.8152876313011106,0.5790576967594349,0.0,1.0E-9
