id,x,y,z,vx,vy,vz,m,t
2,0.8379907137120236,0.32504251520407684,0.0,-0.761357095760907,0.298898947579406,0.0,1.0,3.379999999999972
3,0.20734521909614698,-0.180304575648595,0.0,1.0010770539222826,-0.7633370690098206,0.0,1.0,3.379999999999972
1,-1.0453359328081735,-0.14473793955548195,0.0,-0.23971995816137645,0.46443812143041485,0.0,1.0,3.379999999999972
