id,x,y,z,vx,vy,vz,m,t
2,-0.7333482776021155,0.35271310640597164,0.0,0.9335862591308353,0.13622549499665573,0.0,1.0,0.34000000000000014
3,-0.3350574450224994,-0.2652571046642773,0.0,-1.070957585808297,-0.6033832666228129,0.0,1.0,0.34000000000000014
1,1.0684057226246142,-0.08745600174169431,0.0,0.1373713266774619,0.46715777162615696,0.0,1.0,0.34000000000000014
