id,x,y,z,vx,vy,vz,m
1,1.746615576828589E-10,3.536167451046274E-11,0.0,5.646383279193781E-10,1.746616295868235E-10,0.0,0.999999999
2,0.825338442491803,0.564638325524899,0.0,-0.5646383273547396,0.8253383705878383,0.0,1.0E-9
