id,x,y,z,vx,vy,vz,m
1,3.4244434502405806E-10,6.1834039221050804E-9,0.0,-7.534056820199521E-10,3.4244269341995616E-10,0.0,0.999999999
2,0.6575556553183883,-0.7534039159216827,0.0,0.7534056812665467,0.6575573069224826,0.0,1.0E-9
