id,x,y,z,vx,vy,vz,m
1,1.1518339433592317E-9,5.548404615296919E-9,0.0,-9.884068338485552E-10,1.1518339908740817E-9,0.0,0.999999999
2,-0.1518339422073961,-0.9884046097485178,0.0,0.9884068328601489,-0.1518339897222514,0.0,1.0E-9
