id,x,y,z,vx,vy,vz,m,t
2,0.5969968365517571,0.029949603704664617,0.0,-0.0601254203302793,0.29849278786738775,0.0,0.4,0.09999999999999999
1,-0.3979978910345048,-0.019966402469776413,0.0,0.04008361355351954,-0.19899519191159185,0.0,0.6,0.09999999999999999
