id,x,y,z,vx,vy,vz,m
1,7.133967109517423E-11,9.04427148541023E-12,0.0,3.7095323407870343E-10,7.115361486583646E-11,0.0,0.999999999
2,0.9286603289761657,0.3709557285236338,0.0,-0.3709532337077504,0.9288463852053177,0.0,1.0E-9
