id,x,y,z,vx,vy,vz,m
1,8.417203084566757E-11,6.271566924756237E-9,0.0,-4.015678693468722E-10,8.41698222162261E-11,0.0,0.999999999
2,0.915827969238507,-0.401566918484677,0.0,0.40156786894530466,0.91583017786794,0.0,1.0E-9
