id,x,y,z,vx,vy,vz,m
1,2.3081276945551034E-10,6.229021040621373E-9,0.0,-6.390225386398707E-10,2.3081087404165485E-10,0.0,0.999999999
2,0.7691872307753046,-0.6390210343923596,0.0,0.6390225380008486,0.7691891261891524,0.0,1.0E-9
