id,x,y,z,vx,vy,vz,m
1,9.192791403130909E-10,4.932633749896962E-10,0.0,9.967367001538912E-10,9.192793629204531E-10,0.0,0.999999999
2,0.0807208606061891,0.9967366255035673,0.0,-0.9967366991571545,0.08072063799882633,0.0,1.0E-9
