id,x,y,z,vx,vy,vz,m
1,1.2234239362394596E-9,5.481331758749469E-9,0.0,-9.715982430229093E-10,1.2226759284205506E-9,0.0,0.999999999
2,-0.223423935016021,-0.9803317532681408,0.0,0.971598242051314,-0.22267592719787646,0.0,1.0E-9
