id,x,y,z,vx,vy,vz,m
1,1.760619922381917E-9,4.51712504387801E-9,0.0,-6.501718295342927E-10,1.756395964771972E-9,0.0,0.999999999
2,-0.7606199206212856,-0.6561250393608881,0.0,0.650171828884123,-0.7563959630155778,0.0,1.0E-9
