id,x,y,z,vx,vy,vz,m,t
2,0.852927456513095,0.3188669682180249,0.0,-0.7323236847677665,0.31843210030371943,0.0,1.0,3.3599999999999723
3,0.18743349378940963,-0.16485034115110367,0.0,0.9901620458619554,-0.7818337057733743,0.0,1.0,3.3599999999999723
1,-1.0403609503025075,-0.15401662706692132,0.0,-0.2578383610941897,0.46340160546965514,0.0,1.0,3.3599999999999723
