id,x,y,z,vx,vy,vz,m
1,7.626005206195031E-10,3.592177870173098E-10,0.0,9.715492541116267E-10,7.61872887781691E-10,0.0,0.999999999
2,0.23739948014309692,0.9717822133419073,0.0,-0.9715492531400775,0.23812711298017988,0.0,1.0E-9
