id,x,y,z,vx,vy,vz,m,t
1,-0.06600619012735688,0.13411810829503912,0.0,-0.717920697902557,0.2467438149107914,0.0,0.6,1.540999999999941
2,0.0990092851910367,-0.20117716244255945,0.0,1.0768810468538357,-0.3701157223661881,0.0,0.4,1.540999999999941
