id,x,y,z,vx,vy,vz,m,t
2,0.5795747910288138,0.07710300533431391,0.0,-0.15824770413726325,0.2895200187724337,0.0,0.4,0.26000000000000006
1,-0.38638319401920923,-0.05140200355620927,0.0,0.10549846942484216,-0.19301334584828916,0.0,0.6,0.26000000000000006
