id,x,y,z,vx,vy,vz,m,t
2,0.2252897511748735,-0.22270557968765706,0.0,0.8542486606334775,-0.04567317653537449,0.0,0.4,1.6700000000000013
1,-0.15019316744991598,0.14847038645843819,0.0,-0.5694991070889854,0.030448784356916732,0.0,0.6,1.6700000000000013
