id,x,y,z,vx,vy,vz,m,t
2,1.0570551634199783,-0.11973762753125977,0.0,0.19283223444430286,0.4662039882318049,0.0,1.0,2.3799999999999932
3,-0.794386296571391,0.3398576938584239,0.0,0.8398181107475264,0.23621830915637346,0.0,1.0,2.3799999999999932
1,-0.26266886684858975,-0.22012006632716458,0.0,-1.0326503451918299,-0.7024222973881782,0.0,1.0,2.3799999999999932
