id,x,y,z,vx,vy,vz,m
1,-2.020309500257749E-12,6.312431949113692E-9,0.0,-9.155483032971959E-11,7.381919924781339E-12,0.0,0.999999999
2,1.0020203094982632,-0.09243194280126511,0.0,0.09155483023817178,0.9926180800826003,0.0,1.0E-9
