id,x,y,z,vx,vy,vz,m,t
2,1.065992842426134,0.09516534628839397,0.0,-0.15049587054529798,0.4670505032024753,0.0,1.0,2.8399999999999834
3,-0.3170906854942863,0.2549280476686841,0.0,1.0620834016135927,-0.6300132370969177,0.0,1.0,2.8399999999999834
1,-0.7489021569318501,-0.3500933939570784,0.0,-0.9115875310682955,0.16296273389444266,0.0,1.0,2.8399999999999834
