id,x,y,z,vx,vy,vz,m
1,1.8568773113309017E-9,2.08448061331884E-9,0.0,5.155193558768084E-10,1.8568781587658397E-9,0.0,0.999999999
2,-0.856877309474023,0.5155193887656396,0.0,-0.5155193553612885,-0.8568781569089615,0.0,1.0E-9
