id,x,y,z,vx,vy,vz,m
1,1.954581908262182E-9,3.771360483326717E-9,0.0,-3.0671743028458175E-10,1.9496649670459305E-9,0.0,0.999999999
2,-0.9545819063075912,-0.3103604795553595,0.0,0.306717429977868,-0.9496649650962647,0.0,1.0E-9
