id,x,y,z,vx,vy,vz,m
1,1.951467584671956E-9,3.7908416556290135E-9,0.0,-3.161421242958881E-10,1.946554052642196E-9,0.0,0.999999999
2,-0.9514675827204787,-0.31984165183817537,0.0,0.3161421239797496,-0.9465540506956411,0.0,1.0E-9
