id,x,y,z,vx,vy,vz,m,t
1,-0.38302983369437943,-0.05716675445236284,0.0,0.11809108046439235,-0.19123605452108092,0.0,0.6,0.2900000000000002
2,0.5745447505415691,0.08575013167854421,0.0,-0.17713662069658845,0.2868540817816211,0.0,0.4,0.2900000000000002
