id,x,y,z,vx,vy,vz,m
1,4.466277146010492E-11,4.482187179836533E-12,0.0,2.9551781248853807E-10,4.466280843926074E-11,0.0,0.999999999
2,0.9553372285845582,0.2955178128246457,0.0,-0.2955178121930202,0.9553371916054021,0.0,1.0E-9
