id,x,y,z,vx,vy,vz,m,t
2,1.0334147076723093,-0.16617204116488546,0.0,0.2818736249558927,0.46161901334644473,0.0,1.0,2.2799999999999954
3,-0.8711578395562888,0.31062751045075865,0.0,0.6953766851292043,0.3408058311694354,0.0,1.0,2.2799999999999954
1,-0.16225686811602302,-0.14445546928587358,0.0,-0.9772503100850979,-0.80242484451588,0.0,1.0,2.2799999999999954
