id,x,y,z,vx,vy,vz,m,t
2,0.5519273724956723,0.34747954341888504,0.0,-1.0931468883232738,-0.21096728792732555,0.0,1.0,3.6799999999999655
3,0.5291003025722386,-0.3427929158705489,0.0,1.1004809078790692,-0.25624309878724844,0.0,1.0,3.6799999999999655
1,-1.0810276750679135,-0.004686627548336153,0.0,-0.007334019555795811,0.467210386714574,0.0,1.0,3.6799999999999655
