id,x,y,z,vx,vy,vz,m
1,2.9618685147635725E-10,7.95027495059432E-11,0.0,7.104563347452138E-10,2.958105674192986E-10,0.0,0.999999999
2,0.7038131488198299,0.71049725057356,0.0,-0.7104563340347579,0.7041894328765114,0.0,1.0E-9
