id,x,y,z,vx,vy,vz,m,t
2,0.8128292320023804,-0.3342912729651877,0.0,0.8076934771889455,0.2636016905502961,0.0,1.0,1.8600000000000014
3,-1.052530146826644,0.13009923797245976,0.0,0.21178896442708173,0.465644256543729,0.0,1.0,1.8600000000000014
1,0.2397009148242612,0.2041920349927277,0.0,-1.0194824416160282,-0.7292459470940256,0.0,1.0,1.8600000000000014
