id,x,y,z,vx,vy,vz,m,t
2,-0.02274315884138673,0.021028586562556233,0.0,0.9333157064278049,-0.8635531875290264,0.0,1.0,1.0300000000000007
3,-0.9583256175762281,-0.2535087251029568,0.0,-0.49622067547651005,0.42437785173834636,0.0,1.0,1.0300000000000007
1,0.9810687764176136,0.23248013854040075,0.0,-0.4370950309512957,0.43917533579068,0.0,1.0,1.0300000000000007
