id,x,y,z,vx,vy,vz,m,t
1,-0.39399177492437215,0.03434627675800367,0.0,-0.06961427227500223,-0.1969810613278656,0.0,0.6,2.540999999999831
2,0.5909876623865621,-0.05151941513700726,0.0,0.10442140841250495,0.29547159199179673,0.0,0.4,2.540999999999831
