id,x,y,z,vx,vy,vz,m,t
1,-0.3984750203903497,-0.017459471291829756,0.0,0.03488144045803054,-0.19923682536609968,0.0,0.6,2.8009999999998025
2,0.5977125305855291,0.02618920693774259,0.0,-0.05232216068704414,0.29885523804914915,0.0,0.4,2.8009999999998025
