id,x,y,z,vx,vy,vz,m
1,1.2400552725041052E-9,5.440757822635402E-9,0.0,-9.707599915614145E-10,1.240055487545585E-9,0.0,0.999999999
2,-0.24005527126404844,-0.9707578171946483,0.0,0.9707599905906549,-0.24005548630553333,0.0,1.0E-9
