id,x,y,z,vx,vy,vz,m
1,4.6120133876482675E-11,6.319529269773049E-9,0.0,3.1749266655442425E-10,5.486450962722316E-11,0.0,0.999999999
2,0.9538798661696655,0.3204707365464724,0.0,-0.31749266623692474,0.9451354904276417,0.0,1.0E-9
