id,x,y,z,vx,vy,vz,m
1,3.325319516869327E-10,9.536159241341406E-11,0.0,7.446384185311633E-10,3.3253205164011926E-10,0.0,0.999999999
2,0.6674680486455998,0.7446384076819474,0.0,-0.7446384177865246,0.6674679486924129,0.0,1.0E-9
