id,x,y,z,vx,vy,vz,m
1,5.37506561335531E-10,2.0337735223665285E-10,0.0,8.866226767101099E-10,5.375066959167882E-10,0.0,0.999999999
2,0.4624934392019762,0.8866226479667246,0.0,-0.8866226758234869,0.46249330462071875,0.0,1.0E-9
