id,x,y,z,vx,vy,vz,m,t
2,0.5995199149653551,0.01199669839708345,0.0,-0.024008004442415833,0.2997598176001964,0.0,0.4,0.04
1,-0.39967994331023676,-0.007997798931388968,0.0,0.01600533629494389,-0.19983987840013093,0.0,0.6,0.04
