id,x,y,z,vx,vy,vz,m
1,2.637115914100967E-10,6.216665553779664E-9,0.0,-6.766671385087952E-10,2.6370976766087444E-10,0.0,0.999999999
2,0.736288408853617,-0.6766655475630059,0.0,0.6766671378321283,0.7362902326028316,0.0,1.0E-9
