id,x,y,z,vx,vy,vz,m
1,6.836002893705942E-10,6.004933965174069E-9,0.0,-9.461838012753437E-10,6.872084505661892E-10,0.0,0.999999999
2,0.316399711313024,-0.9549339591691357,0.0,0.9461838003291645,0.3127915501210186,0.0,1.0E-9
