id,x,y,z,vx,vy,vz,m
1,1.1300322781679604E-10,1.8224386253162256E-11,0.0,4.61775614342383E-10,1.1300328597430629E-10,0.0,0.999999999
2,0.8869967722962074,0.46177561376506226,0.0,-0.4617756138806073,0.8869967141386972,0.0,1.0E-9
