id,x,y,z,vx,vy,vz,m
1,2.984507290538964E-10,6.202618775987467E-9,0.0,-7.126204430952169E-10,2.984489811859212E-10,0.0,0.999999999
2,0.7015492712445563,-0.7126187697848553,0.0,0.7126204423825966,0.701551019112524,0.0,1.0E-9
