id,x,y,z,vx,vy,vz,m,t
1,-0.39251783882247837,0.038278498467092435,0.0,-0.07778566075047773,-0.19622647164723775,0.0,0.6,2.5209999999998334
2,0.5887767582337213,-0.057417747700640384,0.0,0.11667849112571817,0.29433970747085486,0.0,0.4,2.5209999999998334
