id,x,y,z,vx,vy,vz,m
1,2.9135977952859914E-10,6.205567810974192E-9,0.0,-7.055694619642352E-10,2.913580161590298E-10,0.0,0.999999999
2,0.7086402207627627,-0.705567804768631,0.0,0.7055694612586659,0.7086419841323245,0.0,1.0E-9
