id,x,y,z,vx,vy,vz,m
1,2.6155865617333324E-10,6.558484284070867E-11,0.0,6.743829745838371E-10,2.6120611368969947E-10,0.0,0.999999999
2,0.7384413440882254,0.6744151572248762,0.0,-0.674382973909454,0.7387938865715064,0.0,1.0E-9
