id,x,y,z,vx,vy,vz,m,t
1,-0.3367470370084671,0.10433766814508229,0.0,-0.23690531527165,-0.16416403496861576,0.0,0.6,2.160999999999873
2,0.5051205555127039,-0.15650650221762474,0.0,0.35535797290747717,0.24624605245292228,0.0,0.4,2.160999999999873
