id,x,y,z,vx,vy,vz,m,t
2,0.36943364346984975,-0.2098975118239575,0.0,0.6033578847288683,0.14432599264264465,0.0,0.4,1.8700000000000014
1,-0.24628909564656695,0.13993167454930522,0.0,-0.40223858981924565,-0.09621732842842935,0.0,0.6,1.8700000000000014
