id,x,y,z,vx,vy,vz,m
1,1.746799756900096E-10,3.527212570980786E-11,0.0,5.647132280422233E-10,1.7439209515793957E-10,0.0,0.999999999
2,0.8253200244846702,0.5647278743254645,0.0,-0.5647132274775105,0.8256079050164523,0.0,1.0E-9
