id,x,y,z,vx,vy,vz,m
1,1.966804253368139E-9,3.6555146086362306E-9,0.0,-2.5551544106637547E-10,1.966805476684724E-9,0.0,0.999999999
2,-0.966804251401333,-0.25551460498071604,0.0,0.2555154408108605,-0.9668054747179203,0.0,1.0E-9
