id,x,y,z,vx,vy,vz,m
1,9.263880629171571E-10,5.8040910770801565E-9,0.0,-9.94012868485054E-10,9.279717179701226E-10,0.0,0.999999999
2,0.07361193800924791,-1.0030910712760692,0.0,0.9940128674910456,0.07202828295784858,0.0,1.0E-9
