id,x,y,z,vx,vy,vz,m,t
2,1.0698836690958438,-0.08239198571890662,0.0,0.1287405025188836,0.4671994327626512,0.0,1.0,2.4599999999999915
3,-0.7227923573875167,0.3542231248687722,0.0,0.9477943675265603,0.11770484270324415,0.0,1.0,2.4599999999999915
1,-0.3470913117083295,-0.271831139149866,0.0,-1.0765348700454445,-0.5849042754658952,0.0,1.0,2.4599999999999915
