id,x,y,z,vx,vy,vz,m,t
1,-0.100338617469953,0.1436563636737906,0.0,-0.6559979082170301,0.14190530501360446,0.0,0.6,1.5909999999999356
2,0.15050792620493086,-0.2154845455106868,0.0,0.9839968623255466,-0.21285795752040781,0.0,0.4,1.5909999999999356
