id,x,y,z,vx,vy,vz,m,t
2,-0.6024974057512213,0.35507626602679637,0.0,1.0668390239728576,-0.11054334152631154,0.0,1.0,0.47000000000000025
3,-0.4774071320405511,-0.32836626211104025,0.0,-1.107670456715343,-0.35670238092897344,0.0,1.0,0.47000000000000025
1,1.0799045377917718,-0.026710003915756023,0.0,0.04083143274248484,0.4672457224552847,0.0,1.0,0.47000000000000025
