id,x,y,z,vx,vy,vz,m
1,2.526735894342675E-10,6.345545288313537E-9,0.0,6.644562834385326E-10,2.5267191476692136E-10,0.0,0.999999999
2,0.7473264108184086,0.6644547180319974,0.0,-0.6644562827740765,0.7473280854857476,0.0,1.0E-9
