id,x,y,z,vx,vy,vz,m
1,1.8424802712390115E-10,6.321600865954151E-9,0.0,5.784004998231781E-10,1.842461785700226E-10,0.0,0.999999999
2,0.8157519730603493,0.5783991403674381,0.0,-0.5784004992447775,0.8157538216142206,0.0,1.0E-9
