id,x,y,z,vx,vy,vz,m,t
2,-0.7517589751050593,0.3496711199946913,0.0,0.9073527783728746,0.16772734646600385,0.0,1.0,0.3200000000000001
3,-0.3137426048268332,-0.2528734543124884,0.0,-1.0604331350288105,-0.6347270127908535,0.0,1.0,0.3200000000000001
1,1.0655015799318919,-0.09679766568220288,0.0,0.15308035665593614,0.46699966632484946,0.0,1.0,0.3200000000000001
