id,x,y,z,vx,vy,vz,m,t
2,0.5840413363795034,0.06838161697934346,0.0,-0.13954819924250889,0.29185840710572847,0.0,0.4,0.23000000000000007
1,-0.38936089091966897,-0.04558774465289563,0.0,0.09303213282833926,-0.194572271403819,0.0,0.6,0.23000000000000007
