id,x,y,z,vx,vy,vz,m
1,6.460110720384004E-10,6.0316751797268865E-9,0.0,-9.330312021888088E-10,6.499394079556637E-10,0.0,0.999999999
2,0.3539889286076288,-0.9416751736952156,0.0,0.9330312012557828,0.35006059269427525,0.0,1.0E-9
