id,x,y,z,vx,vy,vz,m
1,1.3168648575212159E-9,5.338469291847599E-9,0.0,-9.484714034146902E-10,1.3168652138985884E-9,0.0,0.999999999
2,-0.31686485620434934,-0.9484692865091336,0.0,0.9484714024662193,-0.3168652125817271,0.0,1.0E-9
