id,x,y,z,vx,vy,vz,m,t
2,-0.8986142326676712,0.2958423585336934,0.0,0.6368244014395431,0.3714529842486044,0.0,1.0,0.12999999999999998
3,-0.12238537218135755,-0.11088671692866801,0.0,-0.9589853425670816,-0.8293007880618729,0.0,1.0,0.12999999999999998
1,1.0209996048490282,-0.1849556416050254,0.0,0.32216094112753874,0.45784780381326856,0.0,1.0,0.12999999999999998
