id,x,y,z,vx,vy,vz,m,t
1,-0.34429801418899386,-0.09890882727820965,0.0,0.2208874669238951,-0.16890097949443908,0.0,0.6,0.5200000000000004
2,0.5164470212834914,0.1483632409173144,0.0,-0.3313312003858427,0.2533514692416585,0.0,0.4,0.5200000000000004
