id,x,y,z,vx,vy,vz,m,t
2,0.54097645581135,0.3452612584900055,0.0,-1.0970364485411817,-0.23268969784858665,0.0,1.0,3.6899999999999653
3,0.5400889737193488,-0.3452467226385779,0.0,1.0972533215429698,-0.234518254818553,0.0,1.0,3.6899999999999653
1,-1.0810654295307014,-1.4535851427584234E-5,0.0,-2.16873001788658E-4,0.46720795266713966,0.0,1.0,3.6899999999999653
