id,x,y,z,vx,vy,vz,m
1,4.681321357167828E-10,1.6317268872633953E-10,0.0,8.468273333639856E-10,4.681322581652083E-10,0.0,0.999999999
2,0.5318678647513498,0.8468273114368332,0.0,-0.8468273325171579,0.5318677423029241,0.0,1.0E-9
