id,x,y,z,vx,vy,vz,m
1,9.960891130093939E-10,5.736714374905049E-9,0.0,-9.966465770910106E-10,9.971088837895494E-10,0.0,0.999999999
2,0.003910887986711395,-1.0057143691683388,0.0,0.996646576094368,0.0028911172075582027,0.0,1.0E-9
