id,x,y,z,vx,vy,vz,m,t
2,0.6457722710505036,-0.35797326354761494,0.0,1.0331116914231795,-0.025752654579240145,0.0,1.0,1.6800000000000013
3,-1.0776044458025509,0.046049532702418926,0.0,0.07066052275166365,0.46731932656139025,0.0,1.0,1.6800000000000013
1,0.43183217475204516,0.3119237308451959,0.0,-1.103772214174844,-0.4415666719821505,0.0,1.0,1.6800000000000013
