id,x,y,z,vx,vy,vz,m
1,2.620646017326393E-11,6.316404841778392E-9,0.0,2.5124177504466967E-10,3.517057403405382E-11,0.0,0.999999999
2,0.9737935398529701,0.25359516453800296,0.0,-0.2512417747934209,0.9648294260011171,0.0,1.0E-9
