id,x,y,z,vx,vy,vz,m
1,5.725572419774142E-10,6.080741109499152E-9,0.0,-9.023532670730736E-10,5.771151477829958E-10,0.0,0.999999999
2,0.42744275859516134,-0.9107411034184177,0.0,0.9023532661707252,0.4228848527941192,0.0,1.0E-9
