id,x,y,z,vx,vy,vz,m
1,3.099063774578481E-10,6.22225836850893E-9,0.0,-7.254455235428526E-10,3.1674019415816885E-10,0.0,0.999999999
2,0.6900936228520788,-0.73225836228668,0.0,0.7254455228174128,0.6832598061585697,0.0,1.0E-9
