id,x,y,z,vx,vy,vz,m
1,1.988527461310967E-9,2.8389634276637058E-9,0.0,1.5103623797995172E-10,1.988528562722681E-9,0.0,0.999999999
2,-0.9885274593224378,0.15103657517525684,0.0,-0.15103623782891504,-0.9885285607341525,0.0,1.0E-9
