id,x,y,z,vx,vy,vz,m,t
2,0.31768462200118225,-0.21933056480652455,0.0,0.6923653020124091,0.0884648387691935,0.0,0.4,1.7900000000000014
1,-0.21178974800078856,0.14622037653768324,0.0,-0.46157686800827286,-0.05897655917946193,0.0,0.6,1.7900000000000014
