id,x,y,z,vx,vy,vz,m
1,1.6741101551289623E-11,6.282205370892204E-9,0.0,-1.8220579986908036E-10,1.6738761665245697E-11,0.0,0.999999999
2,0.983258898465454,-0.18220536461000617,0.0,0.18220579968687486,0.9832612383514895,0.0,1.0E-9
