id,x,y,z,vx,vy,vz,m,t
1,-0.31138629869223244,-0.11952954400010131,0.0,0.2866934944528033,-0.14686465983499122,0.0,0.6,0.6500000000000005
2,0.4670794480383496,0.17929431600015197,0.0,-0.4300402416792046,0.22029698975248654,0.0,0.4,0.6500000000000005
