id,x,y,z,vx,vy,vz,m
1,4.3469378696786364E-10,1.4511890882101587E-10,0.0,8.24881110227803E-10,4.3469390377878916E-10,0.0,0.999999999
2,0.5653062134668306,0.8248810913241031,0.0,-0.8248811094029215,0.5653060966559048,0.0,1.0E-9
