id,x,y,z,vx,vy,vz,m
1,8.441434985551108E-12,6.311466601616107E-9,0.0,-1.698513639188314E-10,1.7785848764845278E-11,0.0,0.999999999
2,0.9915585650229155,-0.1714665953046415,0.0,0.16985136374898707,0.9822141512529398,0.0,1.0E-9
