id,x,y,z,vx,vy,vz,m,t
1,-0.2492738168031952,0.14209560167873214,0.0,-0.3963206965916545,-0.09501378054191066,0.0,0.6,1.8809999999999036
2,0.37391072520479496,-0.21314340251809935,0.0,0.5944810448874844,0.14252067081286474,0.0,0.4,1.8809999999999036
