id,x,y,z,vx,vy,vz,m
1,1.99989999812536E-13,1.4999624956251643E-15,0.0,1.999850000000532E-11,1.9999249950003283E-13,0.0,0.999999999
2,0.9998000100003874,0.019998500037505876,0.0,-0.019998499980006815,0.9998000075007,0.0,1.0E-9
