id,x,y,z,vx,vy,vz,m,t
2,0.9177778505692904,-0.28409111171495094,0.0,0.5937041295769895,0.39046663459824316,0.0,1.0,2.010000000000001
3,-1.0104363695329366,0.19927314346223973,0.0,0.3543434458662041,0.453865053366591,0.0,1.0,2.010000000000001
1,0.09265851896364398,0.08481796825271092,0.0,-0.9480475754431947,-0.8443316879648345,0.0,1.0,2.010000000000001
