id,x,y,z,vx,vy,vz,m
1,1.7890018394642873E-9,1.8656099193305844E-9,0.0,6.143901072068488E-10,1.7890025996412198E-9,0.0,0.999999999
2,-0.7890018376752839,0.6143900825350248,0.0,-0.614390106592458,-0.7890025978522173,0.0,1.0E-9
