id,x,y,z,vx,vy,vz,m
1,8.072280814118385E-11,6.29927089318441E-9,0.0,-4.0543695889428663E-10,8.951281683285413E-11,0.0,0.999999999
2,0.9192771919395625,-0.40927088688514507,0.0,0.4054369584888567,0.9104871832566577,0.0,1.0E-9
