id,x,y,z,vx,vy,vz,m,t
2,0.9404508480762087,-0.2680571621554519,0.0,0.540303842665744,0.41049555640651086,0.0,1.0,2.0500000000000003
3,-0.9954022686098823,0.21729734416870272,0.0,0.3977531376380915,0.4470072313661055,0.0,1.0,2.0500000000000003
1,0.0549514205336712,0.050759817986748806,0.0,-0.9380569803038367,-0.8575027877726166,0.0,1.0,2.0500000000000003
