id,x,y,z,vx,vy,vz,m
1,8.580256403419343E-10,5.8657790790167466E-9,0.0,-9.86734304647807E-10,8.601706012973861E-10,0.0,0.999999999
2,0.14197436051610884,-0.9957790731509687,0.0,0.9867343036610771,0.13982939956278412,0.0,1.0E-9
