id,x,y,z,vx,vy,vz,m,t
2,0.5167454189989938,-0.3397946680453674,0.0,1.1032637990643583,-0.2805502021482952,0.0,1.0,1.5600000000000012
3,-1.0809027082275153,-0.01002180444335327,0.0,-0.015342639178175379,0.4672406167518481,0.0,1.0,1.5600000000000012
1,0.5641572892285199,0.3498164724887206,0.0,-1.0879211598861835,-0.18669041460355332,0.0,1.0,1.5600000000000012
