id,x,y,z,vx,vy,vz,m,t
1,0.046863022847479084,0.04481153993411272,0.0,-0.552985715785861,1.1782233330210936,0.0,0.6,1.3909999999999576
2,-0.07029453427121735,-0.06721730990116977,0.0,0.8294785736787915,-1.7673349995316416,0.0,0.4,1.3909999999999576
