id,x,y,z,vx,vy,vz,m,t
1,-0.028569273971169366,0.11799628806799116,0.0,-0.7776729210901522,0.4117466549528377,0.0,0.6,1.4909999999999466
2,0.04285391095675537,-0.17699443210198748,0.0,1.166509381635229,-0.6176199824292574,0.0,0.4,1.4909999999999466
