id,x,y,z,vx,vy,vz,m
1,8.678997723284663E-10,5.85712842117192E-9,0.0,-9.880760872127321E-10,8.699631886324814E-10,0.0,0.999999999
2,0.1321002285394511,-0.9971284153147929,0.0,0.9880760862246605,0.13003681223748123,0.0,1.0E-9
