id,x,y,z,vx,vy,vz,m
1,1.6788898210702466E-10,6.275794397524423E-9,0.0,-5.605075868157842E-10,1.759476866195486E-10,0.0,0.999999999
2,0.8321110180608865,-0.565794391248634,0.0,0.5605075862552835,0.8240523135563972,0.0,1.0E-9
