id,x,y,z,vx,vy,vz,m,t
2,0.872810349378423,-0.30985223648190324,0.0,0.6919176709952293,0.34266856580281263,0.0,1.0,1.9400000000000015
3,-1.0327431418109985,0.16720865772592747,0.0,0.2841393270520169,0.4614873324633653,0.0,1.0,1.9400000000000015
1,0.15993279243257327,0.1426435787559755,0.0,-0.9760569980472473,-0.8041558982661783,0.0,1.0,1.9400000000000015
