id,x,y,z,vx,vy,vz,m
1,1.909639392691613E-9,3.985396424692512E-9,0.0,-4.1539749914800455E-10,1.9096405942662464E-9,0.0,0.999999999
2,-0.9096393907819721,-0.4153964207071155,0.0,0.4153974987326075,-0.9096405923566079,0.0,1.0E-9
