id,x,y,z,vx,vy,vz,m
1,3.4760227672563335E-10,1.0198844233417857E-10,0.0,7.579559483422203E-10,3.4719163659163577E-10,0.0,0.999999999
2,0.6523977236219692,0.7580115577678105,0.0,-0.757955947584265,0.6528083637555548,0.0,1.0E-9
