id,x,y,z,vx,vy,vz,m
1,-2.70937,0.132247,0.537393,-0.247576,-0.163581,0.0831839,0.5
2,2.70937,-0.132247,-0.537393,0.247576,0.163581,-0.0831839,0.5
