id,x,y,z,vx,vy,vz,m
1,1.139928602435735E-9,7.201107787371521E-10,0.0,9.904685360642437E-10,1.1387192021508736E-9,0.0,0.999999999
2,-0.1399286012958063,0.9908892219829597,0.0,-0.9904685350737749,-0.13871920101215654,0.0,1.0E-9
