id,x,y,z,vx,vy,vz,m
1,1.03594720604857E-9,5.696039147770286E-9,0.0,-9.95996993497443E-10,1.036648710350368E-9,0.0,0.999999999
2,-0.03594720501260675,-1.0050391420742524,0.0,0.9959969925014497,-0.036648709313720856,0.0,1.0E-9
