id,x,y,z,vx,vy,vz,m
1,1.3638722821733463E-9,5.271447438920119E-9,0.0,-9.314495087383076E-10,1.3638727227370954E-9,0.0,0.999999999
2,-0.3638722808094724,-0.9314474336486761,0.0,0.9314495078068585,-0.36387272137322646,0.0,1.0E-9
