id,x,y,z,vx,vy,vz,m
1,5.832830020406232E-11,6.276528262357323E-9,0.0,-3.3652905428560743E-10,5.832603894153534E-11,0.0,0.999999999
2,0.9416716998542686,-0.33652825608080184,0.0,0.33652905394907867,0.9416739611167869,0.0,1.0E-9
