id,x,y,z,vx,vy,vz,m,t
1,-0.36908106128029305,-0.07593117693264145,0.0,0.16120810861254606,-0.1835891400609072,0.0,0.6,0.3900000000000003
2,0.5536215919204397,0.11389676539896204,0.0,-0.24181216291881896,0.27538371009136065,0.0,0.4,0.3900000000000003
