id,x,y,z,vx,vy,vz,m
1,2.410215032606592E-11,1.7721690354786022E-12,0.0,2.1822783061781604E-10,2.4102177611702776E-11,0.0,0.999999999
2,0.9758978496980365,0.21822783096629356,0.0,-0.21822783039958818,0.9758978224123993,0.0,1.0E-9
