id,x,y,z,vx,vy,vz,m
1,1.406346958450618E-10,6.308640909105438E-9,0.0,5.11360297207912E-10,1.4063273537891765E-10,0.0,0.999999999
2,0.8593653042955753,0.5113590972031926,0.0,-0.5113602966965515,0.8593672647617121,0.0,1.0E-9
