id,x,y,z,vx,vy,vz,m
1,1.947536826557111E-9,2.483668555757281E-9,0.0,3.2800376531470316E-10,1.943538571107768E-9,0.0,0.999999999
2,-0.9475368246095733,0.3273314467263846,0.0,-0.3280037649866962,-0.9435385691642306,0.0,1.0E-9
