id,x,y,z,vx,vy,vz,m,t
2,0.616539634888856,0.3562651781556188,0.0,-1.0571197593591126,-0.08275811735398654,0.0,1.0,3.619999999999967
3,0.46276313602072394,-0.3235444213407509,0.0,1.1073717814082893,-0.38451283396652775,0.0,1.0,3.619999999999967
1,-1.0793027709095826,-0.0327207568148679,0.0,-0.050252022049177295,0.4672709513205144,0.0,1.0,3.619999999999967
