id,x,y,z,vx,vy,vz,m
1,1.5433276692067132E-9,4.9964561399595696E-9,0.0,-8.37987015849758E-10,1.5403476498583534E-9,0.0,0.999999999
2,-0.5433276676633725,-0.8454561349631196,0.0,0.8379870150117734,-0.5403476483180072,0.0,1.0E-9
