id,x,y,z,vx,vy,vz,m,t
1,-0.3994998696150953,-0.009995829498821208,0.0,0.020010427426936272,-0.19974970004184264,0.0,0.6,0.05000000000000004
2,0.599249804422643,0.0149937442482318,0.0,-0.030015641140404406,0.29962455006276384,0.0,0.4,0.05000000000000004
