id,x,y,z,vx,vy,vz,m
1,9.955126461309417E-11,1.5037854753511574E-11,0.0,4.349621455634197E-10,9.955131929827974E-11,0.0,0.999999999
2,0.9004487354864573,0.4349621452615264,0.0,-0.43496214512845754,0.9004486808012718,0.0,1.0E-9
