id,x,y,z,vx,vy,vz,m
1,7.918495520324722E-10,3.8251178154235717E-10,0.0,9.782401898402656E-10,7.910932697762669E-10,0.0,0.999999999
2,0.20815044875937674,0.978488218840154,0.0,-0.978240188862025,0.20890673101482427,0.0,1.0E-9
