id,x,y,z,vx,vy,vz,m
1,1.8101775216760213E-9,4.374607620162531E-9,0.0,-5.881121650054282E-10,1.8057202686949108E-9,0.0,0.999999999
2,-0.8101775198658322,-0.5936076157879288,0.0,0.5881121644173182,-0.8057202668891918,0.0,1.0E-9
