id,x,y,z,vx,vy,vz,m,t
2,0.5728455527449472,0.09024006056255389,0.0,-0.1763328925899508,0.28638165690231315,0.0,0.4,2.9899999999999802
1,-0.38189703516329887,-0.06016004037503534,0.0,0.11755526172663364,-0.19092110460154185,0.0,0.6,2.9899999999999802
