id,x,y,z,vx,vy,vz,m
1,8.55990690219562E-11,6.29519413324318E-9,0.0,4.0480682075171545E-10,8.559696499526225E-11,0.0,0.999999999
2,0.9144009310636454,0.4048058730520035,0.0,-0.4048068203469084,0.9144030350903316,0.0,1.0E-9
