id,x,y,z,vx,vy,vz,m
1,8.02598736475705E-12,6.283570509374968E-9,0.0,1.264297883265696E-10,8.023665522555837E-12,0.0,0.999999999
2,0.9919740126432713,0.1264294969085921,0.0,-0.12642978820013953,0.9919763344854646,0.0,1.0E-9
