id,x,y,z,vx,vy,vz,m
1,1.5803718882999328E-9,1.3756488537617603E-9,0.0,8.143512501888133E-10,1.5803724456739585E-9,0.0,0.999999999
2,-0.58037188671956,0.814351147613888,0.0,-0.8143512493744614,-0.5803724440935856,0.0,1.0E-9
