id,x,y,z,vx,vy,vz,m
1,1.2108290682196369E-9,5.4775215442957005E-9,0.0,-9.77523731572718E-10,1.2108292283451947E-9,0.0,0.999999999
2,-0.2108290670088062,-0.9775215388181822,0.0,0.9775237305951944,-0.21082922713436913,0.0,1.0E-9
