id,x,y,z,vx,vy,vz,m
1,3.867179631397116E-11,6.307377730642248E-9,0.0,-2.9458695015711574E-10,4.779751154919089E-11,0.0,0.999999999
2,0.961328203724725,-0.29737772433487103,0.0,0.29458694986253586,0.9522024884986058,0.0,1.0E-9
