id,x,y,z,vx,vy,vz,m
1,-3.334909785889317E-12,6.313168679088605E-9,0.0,7.612803642280585E-11,5.994189025134086E-12,0.0,0.999999999
2,1.0033349097825806,0.07683132722455298,0.0,-0.07612803634667079,0.9940058109808599,0.0,1.0E-9
