id,x,y,z,vx,vy,vz,m,t
2,0.548062997583266,-0.11292241200295282,0.0,0.2526476614929277,0.2763094425196031,0.0,0.4,2.299999999999995
1,-0.36537533172217795,0.07528160800196894,0.0,-0.16843177432861875,-0.18420629501306843,0.0,0.6,2.299999999999995
