id,x,y,z,vx,vy,vz,m
1,3.0259952522619347E-11,6.308684329450281E-9,0.0,-2.6616134530471006E-10,3.9449704556294414E-11,0.0,0.999999999
2,0.9697400475076652,-0.2686843231415979,0.0,0.26616134503855576,0.9605502954831544,0.0,1.0E-9
