id,x,y,z,vx,vy,vz,m,t
2,-0.3397408107957066,0.2678605024855941,0.0,1.0731233751953482,-0.5963200625809506,0.0,1.0,0.7100000000000004
3,-0.729264556888229,-0.3532908061855323,0.0,-0.9391826237547033,0.12913838730267518,0.0,1.0,0.7100000000000004
1,1.0690053676839348,0.08543030369993823,0.0,-0.1339407514406457,0.46718167527827537,0.0,1.0,0.7100000000000004
