id,x,y,z,vx,vy,vz,m
1,5.563063815484394E-10,2.14581754798352E-10,0.0,8.962843518760418E-10,5.557521929010537E-10,0.0,0.999999999
2,0.4436936190078664,0.8964182454162293,0.0,-0.8962843509797588,0.444247807654697,0.0,1.0E-9
