id,x,y,z,vx,vy,vz,m
1,1.5144360036319552E-10,6.280826410673898E-9,0.0,-5.357705751880212E-10,1.5964224772331171E-10,0.0,0.999999999
2,0.8485563997882706,-0.5408264043930776,0.0,0.5357705746522577,0.840357752436329,0.0,1.0E-9
