id,x,y,z,vx,vy,vz,m,t
2,0.48580556111223827,0.33092006330719503,0.0,-1.1074087333117029,-0.34059635431228324,0.0,1.0,3.7399999999999642
3,0.5943801596082173,-0.3542663265151383,0.0,1.0719661703916246,-0.12663687363033435,0.0,1.0,3.7399999999999642
1,-1.0801857207204584,0.023346263207943262,0.0,0.03544256292007767,0.4672332279426176,0.0,1.0,3.7399999999999642
