id,x,y,z,vx,vy,vz,m,t
1,-0.3948662675488101,-0.03186244962201802,0.0,0.06434427341677637,-0.1974081851134104,0.0,0.6,0.16000000000000011
2,0.5922994013232151,0.047793674433026984,0.0,-0.09651641012516456,0.2961122776701154,0.0,0.4,0.16000000000000011
