id,x,y,z,vx,vy,vz,m
1,4.4565909268665E-10,6.132287867071448E-9,0.0,-8.322898037674511E-10,4.4565766694210916E-10,0.0,0.999999999
2,0.5543409077590112,-0.8322878609391648,0.0,0.832289802935162,0.5543423335035447,0.0,1.0E-9
