id,x,y,z,vx,vy,vz,m
1,4.937722521390284E-10,1.7760022010996442E-10,0.0,8.623998044316938E-10,4.937723789930076E-10,0.0,0.999999999
2,0.5062277483547444,0.862399780067636,0.0,-0.8623998035692937,0.506227621500765,0.0,1.0E-9
