id,x,y,z,vx,vy,vz,m
1,9.724283088793843E-10,5.7396183949071015E-9,0.0,-9.996206611365424E-10,9.724280012206575E-10,0.0,0.999999999
2,0.027571692093045455,-0.9996183891674864,0.0,0.999620660136922,0.0275719997517669,0.0,1.0E-9
