id,x,y,z,vx,vy,vz,m,t
2,1.0245242514571533,-0.17998276772171776,0.0,0.3110058211329672,0.458984753254068,0.0,1.0,2.249999999999996
3,-0.8913758033949497,0.3000513474974268,0.0,0.6525978425320837,0.36375182594580335,0.0,1.0,2.249999999999996
1,-0.13314844806220613,-0.12006857977570941,0.0,-0.9636036636650519,-0.8227365791998713,0.0,1.0,2.249999999999996
