id,x,y,z,vx,vy,vz,m
1,8.908880352227433E-14,6.28322980170644E-9,0.0,-1.322983285356569E-11,8.673080089164141E-14,0.0,0.999999999
2,0.9999109111965694,-0.013229795423218938,0.0,0.013229832840336133,0.9999132691991915,0.0,1.0E-9
