id,x,y,z,vx,vy,vz,m
1,1.2860783681287068E-11,6.31470752083625E-9,0.0,1.9348342396280962E-10,2.197891825140615E-11,0.0,0.999999999
2,0.9871392163316008,0.19529248547844652,0.0,-0.19348342376931923,0.978021081770573,0.0,1.0E-9
