id,x,y,z,vx,vy,vz,m,t
2,1.0784213663718634,-0.04033688593359997,0.0,0.06164879058651215,0.46727440874001896,0.0,1.0,2.5499999999999896
3,-0.6328872707378569,0.35747850047875773,0.0,1.0443134337649633,-0.050749367466557685,0.0,1.0,2.5499999999999896
1,-0.4455340956340089,-0.31714161454515793,0.0,-1.1059622243514757,-0.41652504127346107,0.0,1.0,2.5499999999999896
