id,x,y,z,vx,vy,vz,m,t
2,0.5918152564178655,-0.03762758135284575,0.0,0.08659552582351172,0.29858385152172945,0.0,0.4,2.5599999999999894
1,-0.394543504278578,0.025085054235230973,0.0,-0.05773035054900804,-0.199055901014486,0.0,0.6,2.5599999999999894
