id,x,y,z,vx,vy,vz,m
1,2.0377457623523987E-11,6.310061072761477E-9,0.0,-2.2789866790488745E-10,2.9639982949216025E-11,0.0,0.999999999
2,0.9796225423968784,-0.23006106645141644,0.0,0.22789866767699582,0.9703600170804232,0.0,1.0E-9
