id,x,y,z,vx,vy,vz,m
1,1.8612275948060864E-11,6.282028627387665E-9,0.0,-1.9202907948516805E-10,1.860993924242713E-11,0.0,0.999999999
2,0.981387724070554,-0.1920286211056445,0.0,0.19202907929313928,0.9813900607761792,0.0,1.0E-9
