id,x,y,z,vx,vy,vz,m,t
2,0.5779609438722554,0.0799939479851829,0.0,-0.16452172717443317,0.28866851140136485,0.0,0.4,0.2700000000000001
1,-0.3853072959148369,-0.0533292986567886,0.0,0.10968115144962211,-0.19244567426757658,0.0,0.6,0.2700000000000001
