id,x,y,z,vx,vy,vz,m,t
2,0.07073497628057944,-0.06513755433550492,0.0,0.9415517889749633,-0.8529288367564397,0.0,1.0,1.1300000000000008
3,-1.0019599689976355,-0.20963013808090042,0.0,-0.3791459046641925,0.4502019927995916,0.0,1.0,1.1300000000000008
1,0.9312249927170548,0.2747676924164056,0.0,-0.5624058843107718,0.4027268439568481,0.0,1.0,1.1300000000000008
