id,x,y,z,vx,vy,vz,m,t
2,0.17114771518606797,-0.21686898368511956,0.0,0.9526572482545663,-0.1557176559307893,0.0,0.4,1.6100000000000012
1,-0.11409847679071232,0.14457932245674646,0.0,-0.6351048321697114,0.10381177062052659,0.0,0.6,1.6100000000000012
