id,x,y,z,vx,vy,vz,m
1,9.524429091428558E-10,5.758867081745439E-9,0.0,-9.98869348800742E-10,9.524425608740287E-10,0.0,0.999999999
2,0.047557091809588586,-0.9988670759865758,0.0,0.998869347801873,0.047557440078410174,0.0,1.0E-9
