id,x,y,z,vx,vy,vz,m
1,1.1189075392602321E-9,6.97094842008639E-10,0.0,9.929052571014084E-10,1.118907830976358E-9,0.0,0.999999999
2,-0.11890753814132356,0.9929051586884556,0.0,-0.9929052561085032,-0.11890782985744991,0.0,1.0E-9
