id,x,y,z,vx,vy,vz,m
1,4.708732654055804E-10,6.1185410072027655E-9,0.0,-8.485429797069761E-10,4.708718947235601E-10,0.0,0.999999999
2,0.529126735065295,-0.8485410010842295,0.0,0.8485429788584338,0.5291281057473081,0.0,1.0E-9
