id,x,y,z,vx,vy,vz,m,t
2,-0.2351724804381976,0.20089138233354198,0.0,1.0168731858974238,-0.7344181826302981,0.0,1.0,0.8100000000000005
3,-0.8164315976789586,-0.33297754808911845,0.0,-0.8013326182736574,0.2689319080178329,0.0,1.0,0.8100000000000005
1,1.0516040781171554,0.13208616575557658,0.0,-0.2155405676237672,0.4654862746124652,0.0,1.0,0.8100000000000005
