id,x,y,z,vx,vy,vz,m
1,1.0843962183902837E-10,1.7060357913681047E-11,0.0,4.5293391855193105E-10,1.082114940739893E-10,0.0,0.999999999
2,0.8915603782694116,0.45293964210337934,0.0,-0.45293391809899736,0.8917885060342227,0.0,1.0E-9
