id,x,y,z,vx,vy,vz,m,t
2,0.9349821454583815,-0.27213925721476107,0.0,0.5534366808996881,0.4059234554553249,0.0,1.0,2.0400000000000005
3,-0.9993243585709659,0.21281766683429026,0.0,0.3866648545786193,0.4489282355163843,0.0,1.0,2.0400000000000005
1,0.06434221311258193,0.05932159038047043,0.0,-0.9401015354783085,-0.8548516909717094,0.0,1.0,2.0400000000000005
