id,x,y,z,vx,vy,vz,m,t
2,0.5316732798983884,-0.129232105007459,0.0,0.29392359925432426,0.2670438334053763,0.0,0.4,2.239999999999996
1,-0.3544488532655929,0.08615473667163971,0.0,-0.19594906616954977,-0.1780292222702506,0.0,0.6,2.239999999999996
