id,x,y,z,vx,vy,vz,m
1,1.6320849513217074E-9,4.8221025660782195E-9,0.0,-7.741731114230553E-10,1.628561370562497E-9,0.0,0.999999999
2,-0.6320849496896106,-0.7811025612561188,0.0,0.7741731106488848,-0.6285613689339378,0.0,1.0E-9
