id,x,y,z,vx,vy,vz,m,t
2,-0.1653627314746681,0.1470402224659592,0.0,0.9787045910131045,-0.8001355823847698,0.0,1.0,0.8800000000000006
3,-0.8689733431274994,-0.31160069848600064,0.0,-0.6999203546239385,0.3382419289590595,0.0,1.0,0.8800000000000006
1,1.0343360746021668,0.16456047602004156,0.0,-0.27878423638916683,0.46189365342571026,0.0,1.0,0.8800000000000006
