id,x,y,z,vx,vy,vz,m
1,2.224490976271969E-10,5.1098571223034116E-11,0.0,6.288779329453911E-10,2.2212447802966018E-10,0.0,0.999999999
2,0.777550902595252,0.6289014288280641,0.0,-0.6288779323165136,0.777875522192464,0.0,1.0E-9
