id,x,y,z,vx,vy,vz,m,t
2,1.0530298513600278,-0.12905659233892583,0.0,0.209749266133261,0.46567398430097234,0.0,1.0,2.3599999999999937
3,-0.8108968441382133,0.3348842539442722,0.0,0.8111907227238034,0.260880421017126,0.0,1.0,2.3599999999999937
1,-0.24213300722181705,-0.20582766160534677,0.0,-1.020939988857065,-0.7265544053180982,0.0,1.0,2.3599999999999937
