id,x,y,z,vx,vy,vz,m
1,1.7649189755167325E-10,6.2473017555401065E-9,0.0,-5.673030873619947E-10,1.7648988451553723E-10,0.0,0.999999999
2,0.8235081026248208,-0.567301749292812,0.0,0.567303086794692,0.8235101156609489,0.0,1.0E-9
