id,x,y,z,vx,vy,vz,m
1,1.7594178558435368E-9,4.5006014727996425E-9,0.0,-6.506029545044635E-10,1.7594189073313452E-9,0.0,0.999999999
2,-0.7594178540841173,-0.6506014682990419,0.0,0.6506029538538611,-0.7594189055719291,0.0,1.0E-9
