id,x,y,z,vx,vy,vz,m,t
1,-0.3886856250497164,-0.047028942281448056,0.0,0.09595754061805346,-0.19421126457316454,0.0,0.6,2.950999999999786
2,0.5830284375745783,0.07054341342216999,0.0,-0.14393631092707845,0.29131689685974643,0.0,0.4,2.950999999999786
