id,x,y,z,vx,vy,vz,m
1,7.061985357987971E-11,6.324191923570071E-9,0.0,3.8221910315175477E-10,7.910226946045406E-11,0.0,0.999999999
2,0.9293801464907687,0.38580808275411294,0.0,-0.382219102769529,0.9208977306186484,0.0,1.0E-9
