id,x,y,z,vx,vy,vz,m
1,5.823968438980595E-10,2.313705427841509E-10,0.0,9.086294909549713E-10,5.823969867528252E-10,0.0,0.999999999
2,0.417603156684338,0.9086294574472197,0.0,-0.9086294900463415,0.41760301382957205,0.0,1.0E-9
