id,x,y,z,vx,vy,vz,m
1,1.629456059819268E-9,1.472070187844803E-9,0.0,7.785370021189836E-10,1.627047896698912E-9,0.0,0.999999999
2,-0.62945605818981,0.778929813627266,0.0,-0.7785370013404449,-0.6270478950718659,0.0,1.0E-9
