id,x,y,z,vx,vy,vz,m
1,1.5764098205064678E-9,4.9341818329161765E-9,0.0,-8.15902771242598E-10,1.5732223851465889E-9,0.0,0.999999999
2,-0.576409818930045,-0.8231818279819987,0.0,0.815902770426698,-0.5732223835733679,0.0,1.0E-9
