id,x,y,z,vx,vy,vz,m,t
2,-0.7869606127812723,0.3417963061873622,0.0,0.8522695666815221,0.22476332994523432,0.0,1.0,0.2800000000000001
3,-0.27177423022404107,-0.22632897916260478,0.0,-1.0377414093208568,-0.6911833773589683,0.0,1.0,0.2800000000000001
1,1.0587348430053127,-0.11546732702475736,0.0,0.18547184263933505,0.46642004741373383,0.0,1.0,0.2800000000000001
