id,x,y,z,vx,vy,vz,m
1,3.1982404052146093E-12,8.597095472782458E-14,0.0,7.991402889624188E-11,3.198250394011606E-12,0.0,0.999999999
2,0.9968017595979837,0.07991402904535816,0.0,-0.07991402881632784,0.9968017496091867,0.0,1.0E-9
