id,x,y,z,vx,vy,vz,m
1,9.783840914917464E-12,4.580418105925291E-13,0.0,1.3954195793717847E-10,9.783858357619927E-12,0.0,0.999999999
2,0.9902161590948666,0.13954195818986553,0.0,-0.13954195779763648,0.9902161416521639,0.0,1.0E-9
