id,x,y,z,vx,vy,vz,m
1,1.997662080980833E-9,3.2783281820109137E-9,0.0,-6.832876449471343E-11,1.9976632744053818E-9,0.0,0.999999999
2,-0.9976620789831693,-0.0683281787325864,0.0,0.06832876442638512,-0.9976632724077196,0.0,1.0E-9
