id,x,y,z,vx,vy,vz,m
1,1.987483094262602E-9,3.457719425207052E-9,0.0,-1.5772012263148886E-10,1.987484308386031E-9,0.0,0.999999999
2,-0.9874830922751165,-0.15771942174933362,0.0,0.15772012247376918,-0.987484306398548,0.0,1.0E-9
