id,x,y,z,vx,vy,vz,m,t
2,-0.4269298367901885,0.30991635447216054,0.0,1.1029224143857286,-0.450512614259791,0.0,1.0,0.6300000000000003
3,-0.6503638064331736,-0.35796402649282505,0.0,-1.0290873037467474,-0.016788029714616744,0.0,1.0,0.6300000000000003
1,1.077293643223361,0.048047672020664484,0.0,-0.07383511063898186,0.4673006439744075,0.0,1.0,0.6300000000000003
