id,x,y,z,vx,vy,vz,m
1,4.947047084199741E-10,1.7784715341478177E-10,0.0,8.630448597043393E-10,4.941948964361793E-10,0.0,0.999999999
2,0.5052952920747305,0.8631528467630656,0.0,-0.8630448588412952,0.5058051040580142,0.0,1.0E-9
