id,x,y,z,vx,vy,vz,m
1,5.925032312545866E-10,2.3753296771332134E-10,0.0,9.133169903756217E-10,5.919216722660892E-10,0.0,0.999999999
2,0.4074967693379161,0.9134670325242111,0.0,-0.9133169894623056,0.408078328325831,0.0,1.0E-9
