id,x,y,z,vx,vy,vz,m
1,1.4844190466445792E-10,6.3438301876896285E-9,0.0,5.311704279119407E-10,1.5611930867487928E-10,0.0,0.999999999
2,0.8515580954840126,0.5361698186541924,0.0,-0.5311704273807638,0.8438806914812406,0.0,1.0E-9
