id,x,y,z,vx,vy,vz,m
1,3.198335728471883E-12,8.371435730469714E-14,0.0,7.991628065865876E-11,3.1583773477480995E-12,0.0,0.999999999
2,0.996801664274727,0.07991628564277903,0.0,-0.07991628057874245,0.9968416226554107,0.0,1.0E-9
