id,x,y,z,vx,vy,vz,m
1,8.993620446989337E-10,4.750770040868661E-10,0.0,9.949230685075653E-10,8.993622614643655E-10,0.0,0.999999999
2,0.10063795620042924,0.994922996388211,0.0,-0.9949230675126423,0.10063773943499675,0.0,1.0E-9
