id,x,y,z,vx,vy,vz,m,t
2,0.7363551007940907,0.3521699162363924,0.0,-0.9294683836282276,0.14149217960887758,0.0,1.0,3.4999999999999694
3,0.3316159096322626,-0.26337430592345623,0.0,1.0692579166725615,-0.6086501506222058,0.0,1.0,3.4999999999999694
1,-1.067971010426356,-0.08879561031293629,0.0,-0.13978953304433475,0.4671579710133285,0.0,1.0,3.4999999999999694
