id,x,y,z,vx,vy,vz,m,t
2,0.6783748372394558,0.3575917013784747,0.0,-1.0011101663911184,0.03657956564744969,0.0,1.0,3.559999999999968
3,0.3966031212036374,-0.2968325440952515,0.0,1.095240602187625,-0.5039075557511192,0.0,1.0,3.559999999999968
1,-1.0749779584430958,-0.060759157283223265,0.0,-0.09413043579650758,0.46732799010366965,0.0,1.0,3.559999999999968
