id,x,y,z,vx,vy,vz,m
1,8.481654109621409E-10,5.874331879895462E-9,0.0,-9.852955890691465E-10,8.503919534965619E-10,0.0,0.999999999
2,0.15183458988604212,-0.994331874021133,0.0,0.9852955880838551,0.14960804735382952,0.0,1.0E-9
