id,x,y,z,vx,vy,vz,m
1,8.39884058745152E-10,4.2290189086176803E-10,0.0,9.870981740946317E-10,8.398842590446497E-10,0.0,0.999999999
2,0.16011594209473298,0.9870981095611339,0.0,-0.9870981731075334,0.16011574179523472,0.0,1.0E-9
