id,x,y,z,vx,vy,vz,m,t
1,-0.3170134678488946,-0.11655187275691051,0.0,0.2760584497744849,-0.15086064887073136,0.0,0.6,0.6300000000000004
2,0.4755202017733428,0.17482780913536572,0.0,-0.41408767466172725,0.22629097330609674,0.0,0.4,0.6300000000000004
