id,x,y,z,vx,vy,vz,m
1,1.9904397728963216E-9,3.417939677794219E-9,0.0,-1.3794034909259186E-10,1.9904409833917596E-9,0.0,0.999999999
2,-0.9904397709058799,-0.13793967437628046,0.0,0.13794034895465196,-0.9904409814013198,0.0,1.0E-9
