id,x,y,z,vx,vy,vz,m
1,1.878357874516039E-9,4.11800145630674E-9,0.0,-4.780026329777187E-10,1.8783590523392083E-9,0.0,0.999999999
2,-0.8783578726376793,-0.4780014521887384,0.0,0.4780026324997165,-0.8783590504608514,0.0,1.0E-9
