id,x,y,z,vx,vy,vz,m
1,4.264734466825367E-10,1.4081307149150914E-10,0.0,8.19186946837583E-10,4.2647356212255513E-10,0.0,0.999999999
2,0.5735265537439372,0.819186928649304,0.0,-0.8191869460183956,0.5735264383039185,0.0,1.0E-9
