id,x,y,z,vx,vy,vz,m
1,3.8092038511364973E-10,6.1653262690471E-9,0.0,-7.853281010062676E-10,3.809188177489362E-10,0.0,0.999999999
2,0.6190796152672727,-0.7853262628817799,0.0,0.7853281002209399,0.6190811826319788,0.0,1.0E-9
