id,x,y,z,vx,vy,vz,m,t
2,0.5845039666088614,0.3528349892910126,0.0,-1.0778158543185075,-0.1461902569309049,0.0,1.0,3.649999999999966
3,0.4959830276696713,-0.33413176330655736,0.0,1.1065400362186033,-0.3210423580618715,0.0,1.0,3.649999999999966
1,-1.0804869942785353,-0.018703225984455205,0.0,-0.028724181900096343,0.46723261499277646,0.0,1.0,3.649999999999966
