id,x,y,z,vx,vy,vz,m
1,8.437965789456771E-12,3.6693260883770977E-13,0.0,1.2963306715496018E-10,8.43798199334393E-12,0.0,0.999999999
2,0.9915620342189814,0.12963306739152924,0.0,-0.1296330670253271,0.991562018015094,0.0,1.0E-9
