id,x,y,z,vx,vy,vz,m,t
2,0.11817560378632982,-0.10729779432873046,0.0,0.957204757895527,-0.831721794304329,0.0,1.0,1.1800000000000008
3,-1.0195874503775924,-0.1869282752480323,0.0,-0.32656124295829947,0.45739688137106904,0.0,1.0,1.1800000000000008
1,0.9014118465912613,0.29422606957676295,0.0,-0.6306435149372284,0.37432491293325976,0.0,1.0,1.1800000000000008
