id,x,y,z,vx,vy,vz,m
1,1.617708756455537E-10,6.3146846985729466E-9,0.0,5.453165884226295E-10,1.6176896955925794E-10,0.0,0.999999999
2,0.8382291245162197,0.5453153077417271,0.0,-0.5453165878773129,0.838231030602508,0.0,1.0E-9
