id,x,y,z,vx,vy,vz,m,t
2,0.05194748011921712,-0.048022307566728886,0.0,0.9373519550455398,-0.8583839798116033,0.0,1.0,1.1100000000000008
3,-0.9941566467541468,-0.21859702104510353,0.0,-0.40126582266614147,0.44641355436218716,0.0,1.0,1.1100000000000008
1,0.9422091666349285,0.26661932861183263,0.0,-0.5360861323793993,0.41197042544941603,0.0,1.0,1.1100000000000008
