id,x,y,z,vx,vy,vz,m,t
2,0.47250032618906396,-0.32685443229292005,0.0,1.1075413270537158,-0.36608112945391186,0.0,1.0,1.5200000000000011
3,-1.0797176661066428,-0.028712148194912794,0.0,-0.04394886996142282,0.46728101121058097,0.0,1.0,1.5200000000000011
1,0.6072173399175772,0.3555665804878328,0.0,-1.0635924570922934,-0.10119988175666952,0.0,1.0,1.5200000000000011
