id,x,y,z,vx,vy,vz,m,t
2,0.06133072861507472,-0.05659356880875481,0.0,0.93929774412598,-0.855868268593581,0.0,1.0,1.1200000000000008
3,-0.9981136076708961,-0.21412305065909548,0.0,-0.3901263606837027,0.44838052283942187,0.0,1.0,1.1200000000000008
1,0.9367828790558201,0.27071661946785053,0.0,-0.5491713834422782,0.4074877457541591,0.0,1.0,1.1200000000000008
