id,x,y,z,vx,vy,vz,m,t
1,0.056983576351430205,0.00554150882520792,0.0,-0.07750336357523398,1.3962560780300244,0.0,0.6,1.360999999999961
2,-0.085475364527144,-0.008312263237812527,0.0,0.11625504536285053,-2.094384117045037,0.0,0.4,1.360999999999961
