id,x,y,z,vx,vy,vz,m,t
1,-0.08011212229940011,0.13856789685045962,0.0,-0.6927215117933139,0.19958708834754588,0.0,0.6,1.5609999999999389
2,0.12016818344910157,-0.2078518452756903,0.0,1.0390822676899718,-0.29938063252131975,0.0,0.4,1.5609999999999389
