id,x,y,z,vx,vy,vz,m,t
1,-0.3954893992396045,-0.02988676370831304,0.0,0.06028337820837827,-0.19772546256011636,0.0,0.6,0.1500000000000001
2,0.5932340988594068,0.044830145562469524,0.0,-0.09042506731256741,0.29658819384017443,0.0,0.4,0.1500000000000001
