id,x,y,z,vx,vy,vz,m
1,9.492128281489518E-10,5.212906298128454E-10,0.0,9.987094491375765E-10,9.492130598646814E-10,0.0,0.999999999
2,0.05078717280026178,0.9987093707084452,0.0,-0.9987094481388672,0.050786941084531675,0.0,1.0E-9
