id,x,y,z,vx,vy,vz,m,t
2,0.571498927871805,-0.351110509950161,0.0,1.0844346386002979,-0.1721394186719735,0.0,1.0,1.6100000000000012
3,-1.080779916761866,0.013340017519417114,0.0,0.020259453730363346,0.4672426621010299,0.0,1.0,1.6100000000000012
1,0.5092809888900591,0.33777049243074386,0.0,-1.1046940923306618,-0.2951032434290568,0.0,1.0,1.6100000000000012
