id,x,y,z,vx,vy,vz,m,t
2,0.5842439875137385,-0.05841403305680825,0.0,0.12984565141491958,0.2950479726324317,0.0,0.4,2.489999999999991
1,-0.3894959916758265,0.038942688704539284,0.0,-0.0865637676099466,-0.19669864842162083,0.0,0.6,2.489999999999991
