id,x,y,z,vx,vy,vz,m,t
2,0.0579182691516967,0.1845188391344005,0.0,-1.145014738351084,-0.5407661574199233,0.0,0.4,1.2100000000000009
1,-0.0386121794344646,-0.12301255942293374,0.0,0.7633431589007225,0.3605107716132822,0.0,0.6,1.2100000000000009
