id,x,y,z,vx,vy,vz,m
1,1.62324819826039E-10,6.2775262237291685E-9,0.0,-5.523158581244275E-10,1.7043094410602158E-10,0.0,0.999999999
2,0.8376751803363082,-0.5575262174516481,0.0,0.5523158575721185,0.8295690560644076,0.0,1.0E-9
