id,x,y,z,vx,vy,vz,m
1,4.083843921185174E-11,6.287146758035825E-9,0.0,2.828539081603847E-10,4.0836214277967114E-11,0.0,0.999999999
2,0.9591615608289891,0.2828532482513117,0.0,-0.28285390787753056,0.959163785762866,0.0,1.0E-9
