id,x,y,z,vx,vy,vz,m,t
2,0.7250592674874868,-0.3539623560930249,0.0,0.9446991554103708,0.12163075121432279,0.0,1.0,1.7600000000000013
3,-1.0695770139993255,0.08343434644743349,0.0,0.13057659199639055,0.46722450515499364,0.0,1.0,1.7600000000000013
1,0.3445177465118365,0.27052800964559126,0.0,-1.0752757474067622,-0.588855256369317,0.0,1.0,1.7600000000000013
