id,x,y,z,vx,vy,vz,m
1,2.6830686337042247E-10,6.836584545852793E-11,0.0,6.816341613959797E-10,2.683069525400085E-10,0.0,0.999999999
2,0.731693136897885,0.6816341546098379,0.0,-0.6816341607143453,0.7316930477282987,0.0,1.0E-9
