id,x,y,z,vx,vy,vz,m
1,7.508970324619283E-11,9.81460004942582E-12,0.0,3.8018539987839374E-10,7.508975092202475E-11,0.0,0.999999999
2,0.9249102968288971,0.38018539996038886,0.0,-0.38018539949820834,0.9249102491530652,0.0,1.0E-9
