id,x,y,z,vx,vy,vz,m,t
2,0.49525124712440777,0.16316647126181733,0.0,-0.3755040913368282,0.23973596222956525,0.0,0.4,0.5800000000000003
1,-0.33016749808293844,-0.10877764750787823,0.0,0.2503360608912188,-0.1598239748197102,0.0,0.6,0.5800000000000003
