id,x,y,z,vx,vy,vz,m,t
2,0.5057030542686465,-0.33688120035596497,0.0,1.105209147005106,-0.3021433357321924,0.0,1.0,1.5500000000000012
3,-1.0807136327810138,-0.014694246780228095,0.0,-0.02247245012213472,0.46724785062311674,0.0,1.0,1.5500000000000012
1,0.5750105785123657,0.351575447136193,0.0,-1.082736696882972,-0.1651045148909248,0.0,1.0,1.5500000000000012
