id,x,y,z,vx,vy,vz,m
1,3.296910096626645E-11,6.308276466560932E-9,0.0,-2.756639498306432E-10,4.213840431908088E-11,0.0,0.999999999
2,0.9670308990667271,-0.2782764602526569,0.0,0.27566394955498635,0.9578615957230566,0.0,1.0E-9
