id,x,y,z,vx,vy,vz,m
1,1.7842719473696195E-9,1.8476093493640563E-9,0.0,6.232535147832459E-10,1.78123914990361E-9,0.0,0.999999999
2,-0.7842719455853445,0.6233906524835524,0.0,-0.6232535141599902,-0.7812391481223713,0.0,1.0E-9
