id,x,y,z,vx,vy,vz,m
1,1.7587247564428773E-9,1.7768643100186643E-9,0.0,6.539377204222342E-10,1.7558082699330057E-9,0.0,0.999999999
2,-0.758724754684149,0.6541356917581993,0.0,-0.6539377197682946,-0.7558082681771978,0.0,1.0E-9
