id,x,y,z,vx,vy,vz,m,t
2,0.5096747168532743,0.1533863416433187,0.0,-0.3458219458529025,0.24909021641021462,0.0,0.4,0.5400000000000003
1,-0.3397831445688494,-0.10225756109554582,0.0,0.23054796390193497,-0.16606014427347646,0.0,0.6,0.5400000000000003
