id,x,y,z,vx,vy,vz,m
1,3.6230502420625246E-10,6.19828699095116E-9,0.0,-7.710588878561879E-10,3.6868369348632853E-10,0.0,0.999999999
2,0.6376949761560724,-0.778286984752881,0.0,0.7710588870851346,0.6313163068823537,0.0,1.0E-9
