id,x,y,z,vx,vy,vz,m
1,1.995163634701034E-9,3.338222596653539E-9,0.0,-9.82232166820186E-11,1.9951648362541817E-9,0.0,0.999999999
2,-0.9951636327058684,-0.09822259331531752,0.0,0.09822321658379585,-0.9951648342590178,0.0,1.0E-9
