id,x,y,z,vx,vy,vz,m
1,1.6156038522095186E-11,9.71904329992342E-13,0.0,1.790280953614771E-10,1.6156060902533405E-11,0.0,0.999999999
2,0.9838439614940612,0.17902809567097958,0.0,-0.17902809518244897,0.9838439391136226,0.0,1.0E-9
