id,x,y,z,vx,vy,vz,m
1,5.368079742133528E-10,6.103114578205924E-9,0.0,-8.848763531303982E-10,5.416738820022449E-10,0.0,0.999999999
2,0.4631920263234734,-0.8931145721028159,0.0,0.8848763522455269,0.45832611853942845,0.0,1.0E-9
