id,x,y,z,vx,vy,vz,m,t
2,0.7811589003110302,0.3431897481284435,0.0,-0.8618277778679336,0.21572244398923973,0.0,1.0,3.4499999999999704
3,0.27883077698370784,-0.2310485835522196,0.0,1.0416183569172244,-0.6822974762466865,0.0,1.0,3.4499999999999704
1,-1.059989677294741,-0.11214116457622397,0.0,-0.17979057904929138,0.46657503225744695,0.0,1.0,3.4499999999999704
