id,x,y,z,vx,vy,vz,m
1,1.9955171656429243E-9,3.3964801318755748E-9,0.0,-1.228654694718774E-10,1.9906555914370413E-9,0.0,0.999999999
2,-0.9955171636473976,-0.1254801284790965,0.0,0.12286546934901547,-0.990655589446384,0.0,1.0E-9
