id,x,y,z,vx,vy,vz,m
1,1.3339347353308808E-9,9.67377221700281E-10,0.0,9.431431408063431E-10,1.3323519733012118E-9,0.0,0.999999999
2,-0.3339347339969445,0.9436227792670965,0.0,-0.9431431398631992,-0.3323519719688621,0.0,1.0E-9
