id,x,y,z,vx,vy,vz,m,t
2,-0.2763149994612744,0.22931574095356944,0.0,1.0402534531241716,-0.685480400877825,0.0,1.0,0.7700000000000005
3,-0.7832314604131243,-0.34276034687996,0.0,-0.8584264129325145,0.2189786712608316,0.0,1.0,0.7700000000000005
1,1.0595464598743978,0.11344460592639063,0.0,-0.18182704019165788,0.4665017296169934,0.0,1.0,0.7700000000000005
