id,x,y,z,vx,vy,vz,m
1,5.403760363310752E-10,6.078111915624662E-9,0.0,-8.881139740229372E-10,5.403748169836941E-10,0.0,0.999999999
2,0.45962396420930274,-0.8881119095465544,0.0,0.888113973134824,0.45962518355667686,0.0,1.0E-9
