id,x,y,z,vx,vy,vz,m
1,1.778000534075355E-9,1.8298281051608718E-9,0.0,6.310189148460566E-10,1.774996872518101E-9,0.0,0.999999999
2,-0.7780005322973514,0.6311718966689558,0.0,-0.6310189142150355,-0.7749968707431044,0.0,1.0E-9
