id,x,y,z,vx,vy,vz,m
1,3.86248251347459E-10,1.2050096122277122E-10,0.0,7.894990537506821E-10,3.8624836013642645E-10,0.0,0.999999999
2,0.6137517490387898,0.7894990388977298,0.0,-0.7894990529611826,0.6137516402498219,0.0,1.0E-9
