id,x,y,z,vx,vy,vz,m
1,1.6699985276556668E-9,4.739725510255194E-9,0.0,-7.420574108819078E-10,1.66625635804197E-9,0.0,0.999999999
2,-0.6699985259856567,-0.748725505515471,0.0,0.7420574101398532,-0.6662563563757157,0.0,1.0E-9
