id,x,y,z,vx,vy,vz,m,t
1,-0.030161639077456833,-0.1188531836223963,0.0,0.775421169974108,0.40322574925032445,0.0,0.6,1.2209999999999763
2,0.04524245861618652,0.17827977543359405,0.0,-1.1631317549611608,-0.6048386238754871,0.0,0.4,1.2209999999999763
