id,x,y,z,vx,vy,vz,m,t
1,-0.38840998068542604,-0.04753140252622784,0.0,0.09717455240897019,-0.1940762586376934,0.0,0.6,0.24000000000000019
2,0.5826149710281392,0.07129710378934175,0.0,-0.14576182861345524,0.2911143879565399,0.0,0.4,0.24000000000000019
