id,x,y,z,vx,vy,vz,m
1,1.0394579863981413E-10,1.6055340622426174E-11,0.0,4.439446597805708E-10,1.0394585448464063E-10,0.0,0.999999999
2,0.896054201464132,0.44394465939362926,0.0,-0.4439446593366261,0.8960541456193054,0.0,1.0E-9
