id,x,y,z,vx,vy,vz,m
1,1.6675841096945603E-9,1.554379071953551E-9,0.0,7.46270000343853E-10,1.6650381393517796E-9,0.0,0.999999999
2,-0.6675841080269735,0.7466209296008267,0.0,-0.7462699995975811,-0.6650381376867428,0.0,1.0E-9
