id,x,y,z,vx,vy,vz,m
1,9.765755166014917E-11,6.295359195211979E-9,0.0,-4.4118942153791534E-10,1.063080351541261E-10,0.0,0.999999999
2,0.9023424484375319,-0.44535918891662657,0.0,0.4411894210967332,0.8936919649521808,0.0,1.0E-9
