id,x,y,z,vx,vy,vz,m,t
2,0.9658668931481191,-0.24703231379310023,0.0,0.47697172388744147,0.4295311981169463,0.0,1.0,2.099999999999999
3,-0.9740842859514149,0.23936384349500373,0.0,0.455616390709745,0.4349599938210448,0.0,1.0,2.099999999999999
1,0.008217392803293271,0.007668470298096112,0.0,-0.9325881145971877,-0.8644911919379912,0.0,1.0,2.099999999999999
