id,x,y,z,vx,vy,vz,m,t
2,1.077913469864057,0.043765977656635334,0.0,-0.06737363861230046,0.46730186350052555,0.0,1.0,2.7299999999999858
3,-0.4366244375575016,0.31387913351041585,0.0,1.104628281854583,-0.43296547345192404,0.0,1.0,2.7299999999999858
1,-0.6412890323065579,-0.35764511116705144,0.0,-1.0372546432422831,-0.03433639004860127,0.0,1.0,2.7299999999999858
