id,x,y,z,vx,vy,vz,m,t
1,-0.30465033234849875,0.12279042610689979,0.0,-0.2992028064943176,-0.1420010055048505,0.0,0.6,2.0409999999998862
2,0.4569754985227505,-0.18418563916035086,0.0,0.44880420974147883,0.21300150825727443,0.0,0.4,2.0409999999998862
