id,x,y,z,vx,vy,vz,m
1,1.9983649213093591E-10,6.239779327056237E-9,0.0,-5.997807342800201E-10,1.9983452950692313E-10,0.0,0.999999999
2,0.8001635080689027,-0.5997793208164653,0.0,0.5997807336802398,0.8001654706929078,0.0,1.0E-9
