id,x,y,z,vx,vy,vz,m
1,9.403765342018404E-10,5.122655360475795E-10,0.0,9.984090843598561E-10,9.39454676687096E-10,0.0,0.999999999
2,0.05962346673853603,0.9987344644646856,0.0,-0.9984090833614455,0.0605453242523567,0.0,1.0E-9
