id,x,y,z,vx,vy,vz,m,t
2,1.0628236157432396,0.10450423766897832,0.0,-0.1664673903990587,0.4668276996804555,0.0,1.0,2.859999999999983
3,-0.29595904938850603,0.24202907691414136,0.0,1.0510121878056649,-0.6596235885995299,0.0,1.0,2.859999999999983
1,-0.766864566354736,-0.34653331458312,0.0,-0.8845447974066069,0.1927958889190747,0.0,1.0,2.859999999999983
