id,x,y,z,vx,vy,vz,m
1,5.816015922469885E-10,6.074925159106951E-9,0.0,-9.065021397708329E-10,5.860817281730505E-10,0.0,0.999999999
2,0.41839840833463127,-0.9149251530320317,0.0,0.9065021388643357,0.413918272413031,0.0,1.0E-9
