id,x,y,z,vx,vy,vz,m
1,1.0866633547959537E-10,6.332951527251929E-9,0.0,4.626984933917165E-10,1.1675167028489342E-10,0.0,0.999999999
2,0.8913336646290999,0.4670484790810164,0.0,-0.46269849292901155,0.8832483298318582,0.0,1.0E-9
