id,x,y,z,vx,vy,vz,m
1,-1.0556093385587538E-12,6.312353406751443E-9,0.0,-1.0138363143786348E-10,8.342617809931505E-12,0.0,0.999999999
2,1.0010556093375287,-0.10235340043909498,0.0,0.1013836313364869,0.9916573821984108,0.0,1.0E-9
