id,x,y,z,vx,vy,vz,m
1,8.135240192602855E-10,5.88245802462716E-9,0.0,-9.824602714366683E-10,8.135233838397214E-10,0.0,0.999999999
2,0.18647598155324013,-0.9824580187447062,0.0,0.9824602704542083,0.18647661697379836,0.0,1.0E-9
