id,x,y,z,vx,vy,vz,m
1,7.025847874191074E-10,5.991001761583754E-9,0.0,-9.522040294482147E-10,7.060318231493816E-10,0.0,0.999999999
2,0.2974152132834953,-0.9610017555927532,0.0,0.952204028496015,0.29396817755664956,0.0,1.0E-9
