id,x,y,z,vx,vy,vz,m
1,4.624145035418902E-10,6.123207432248361E-9,0.0,-8.432093930310709E-10,4.6241311439559327E-10,0.0,0.999999999
2,0.5375854969205265,-0.8432074261251589,0.0,0.8432093921878622,0.537586886066816,0.0,1.0E-9
