id,x,y,z,vx,vy,vz,m
1,3.628908947145612E-10,1.0908463132217438E-10,0.0,7.708550074462858E-10,3.6247012541926066E-10,0.0,0.999999999
2,0.6371091056483301,0.7709153687869109,0.0,-0.7708550066754315,0.6375298749432082,0.0,1.0E-9
