id,x,y,z,vx,vy,vz,m
1,3.706311796792394E-10,1.1274795614827887E-10,0.0,7.77189211987987E-10,3.702052842115244E-10,0.0,0.999999999
2,0.6293688206913921,0.7772520439644698,0.0,-0.7771892112107988,0.6297947161586795,0.0,1.0E-9
