id,x,y,z,vx,vy,vz,m
1,8.905518763315248E-10,4.665377946403976E-10,0.0,9.941627030041608E-10,8.896895874462309E-10,0.0,0.999999999
2,0.10944812455902679,0.9944622058261394,0.0,-0.994162702009997,0.1103104134434565,0.0,1.0E-9
