id,x,y,z,vx,vy,vz,m,t
2,1.078550872690537,0.03909302425395785,0.0,-0.060106926683717275,0.4672888170349711,0.0,1.0,2.719999999999986
3,-0.44767827264933296,0.3181072493260174,0.0,1.106138736511695,-0.4126576896683854,0.0,1.0,2.719999999999986
1,-0.6308726000412066,-0.3572002735799755,0.0,-1.0460318098279784,-0.054631127366585513,0.0,1.0,2.719999999999986
