id,x,y,z,vx,vy,vz,m
1,1.0723607678061132E-9,5.637377112421233E-9,0.0,-9.97379360942976E-10,1.07236066019214E-9,0.0,0.999999999
2,-0.07236076673375115,-0.9973771067838595,0.0,0.9973793599455971,-0.07236065911978298,0.0,1.0E-9
