id,x,y,z,vx,vy,vz,m,t
2,0.4393027571363253,-0.31493734218906966,0.0,1.1049347676453438,-0.4280314469760112,0.0,1.0,1.490000000000001
3,-1.0780744828905993,-0.04273117769625987,0.0,-0.0656353897203665,0.46732059946018706,0.0,1.0,1.490000000000001
1,0.6387717257542723,0.3576685198853295,0.0,-1.039299377924978,-0.039289152484176276,0.0,1.0,1.490000000000001
