id,x,y,z,vx,vy,vz,m
1,1.6531138089875478E-10,6.250719333260882E-9,0.0,-5.507206265070157E-10,1.6530934381168616E-10,0.0,0.999999999
2,0.8346886192665587,-0.5507193270101696,0.0,0.5507206259562955,0.8346906563536194,0.0,1.0E-9
