id,x,y,z,vx,vy,vz,m
1,4.562406743604714E-11,6.278602477916207E-9,0.0,-2.986031807185278E-10,4.562178101863513E-11,0.0,0.999999999
2,0.9543759326095794,-0.29860247163761167,0.0,0.2986031804199249,0.9543782190269829,0.0,1.0E-9
