id,x,y,z,vx,vy,vz,m
1,2.3435739775240676E-10,6.252902001862475E-9,0.0,-6.468129803789449E-10,2.418454315437635E-10,0.0,0.999999999
2,0.765642602481972,-0.6529019956095821,0.0,0.6468129797321382,0.7581545686980805,0.0,1.0E-9
