id,x,y,z,vx,vy,vz,m
1,6.220579667778457E-10,6.025827634410593E-9,0.0,-9.258297722423648E-10,6.220569241453328E-10,0.0,0.999999999
2,0.377942033844214,-0.92582762838477,0.0,0.9258297713165359,0.3779430764767204,0.0,1.0E-9
