id,x,y,z,vx,vy,vz,m
1,3.784344185565924E-10,1.164889477563534E-10,0.0,7.83445686120939E-10,3.780033532290077E-10,0.0,0.999999999
2,0.6215655818218424,0.7835110523601362,0.0,-0.7834456853374945,0.6219966471489943,0.0,1.0E-9
