id,x,y,z,vx,vy,vz,m
1,1.9939663047937035E-9,2.8776143827806706E-9,0.0,1.3478944330419802E-10,1.98949416782284E-9,0.0,0.999999999
2,-0.9939663027997339,0.1333856200969414,0.0,-0.13478944316940503,-0.9894941658333473,0.0,1.0E-9
