id,x,y,z,vx,vy,vz,m,t
2,0.29696715211801694,0.22523521288944434,0.0,-0.7251770519665796,0.05609988568860168,0.0,0.4,0.9500000000000006
1,-0.19797810141201133,-0.150156808592963,0.0,0.48345136797771965,-0.037399923792401105,0.0,0.6,0.9500000000000006
