id,x,y,z,vx,vy,vz,m
1,5.286636803102621E-10,1.9804649969054488E-10,0.0,8.819535283436745E-10,5.286638133048068E-10,0.0,0.999999999
2,0.47133632021840227,0.8819535005075018,0.0,-0.8819535274617205,0.47133618722385723,0.0,1.0E-9
