id,x,y,z,vx,vy,vz,m
1,4.4751806055119254E-11,6.306362071329986E-9,0.0,-3.133941591295362E-10,5.383036208910133E-11,0.0,0.999999999
2,0.9552481939896568,-0.31636206502362607,0.0,0.3133941588161491,0.9461696379647281,0.0,1.0E-9
