id,x,y,z,vx,vy,vz,m
1,9.51811286876199E-11,6.329651122097554E-9,0.0,4.362492225611249E-10,1.0340622316752897E-10,0.0,0.999999999
2,0.90481887140759,0.4403488842320895,0.0,-0.43624922212486894,0.8965937769358772,0.0,1.0E-9
