id,x,y,z,vx,vy,vz,m,t
2,0.38731708869351106,0.20979215916631494,0.0,-0.5715389732964868,0.15515274009780775,0.0,0.4,0.8100000000000005
1,-0.2582113924623407,-0.13986143944421,0.0,0.38102598219765776,-0.10343516006520512,0.0,0.6,0.8100000000000005
