id,x,y,z,vx,vy,vz,m,t
2,0.18204172829020232,0.22125488972782656,0.0,-0.9266968636701728,-0.13759767571640386,0.0,0.4,1.0900000000000007
1,-0.12136115219346831,-0.14750325981855109,0.0,0.6177979091134485,0.09173178381093594,0.0,0.6,1.0900000000000007
