id,x,y,z,vx,vy,vz,m,t
2,0.6478779345884905,0.3578242552040487,0.0,-1.0313865646061848,-0.021575237927493236,0.0,1.0,3.5899999999999674
3,0.42959140424427833,-0.3110847567140238,0.0,1.103406504473926,-0.445735281095524,0.0,1.0,3.5899999999999674
1,-1.0774693388327714,-0.04673949849002494,0.0,-0.07201993986774187,0.4673105190230174,0.0,1.0,3.5899999999999674
