id,x,y,z,vx,vy,vz,m,t
1,-0.3890776459710278,0.04609320550258904,0.0,-0.0942538758075348,-0.19444819297175858,0.0,0.6,2.480999999999838
2,0.5836164689565456,-0.0691398082538852,0.0,0.14138081371130376,0.29167228945763596,0.0,0.4,2.480999999999838
