id,x,y,z,vx,vy,vz,m
1,3.936397621320337E-10,6.182921619106238E-9,0.0,-7.954731491895784E-10,3.997461580802346E-10,0.0,0.999999999
2,0.6063602382616254,-0.802921612923323,0.0,0.7954731483941107,0.60025384231951,0.0,1.0E-9
