id,x,y,z,vx,vy,vz,m
1,4.40142527229981E-12,6.313827505420407E-9,0.0,1.4482195081001349E-10,1.3623315196810603E-11,0.0,0.999999999
2,0.9955985747321283,0.1461725008934089,0.0,-0.14482195066518452,0.986376684816813,0.0,1.0E-9
