id,x,y,z,vx,vy,vz,m,t
2,0.4627366639354658,0.18147912692797938,0.0,-0.43813916698874217,0.21715535467534278,0.0,0.4,0.6600000000000004
1,-0.3084911092903105,-0.12098608461865296,0.0,0.2920927779924947,-0.14477023645022855,0.0,0.6,0.6600000000000004
