id,x,y,z,vx,vy,vz,m
1,6.774915847213262E-13,6.283238849919487E-9,0.0,3.676123664236441E-11,6.751412171204413E-13,0.0,0.999999999
2,0.9993225084159587,0.03676115636374171,0.0,-0.036761236605602904,0.9993248587835513,0.0,1.0E-9
