id,x,y,z,vx,vy,vz,m
1,8.690963094658673E-11,1.2242753406948837E-11,0.0,4.0775724668962086E-10,8.690968213856284E-11,0.0,0.999999999
2,0.913090369140323,0.407757246605294,0.0,-0.40775724628186355,0.913090317948347,0.0,1.0E-9
