id,x,y,z,vx,vy,vz,m
1,1.1647660914340153E-9,5.552949285262037E-9,0.0,-9.830860302145684E-10,1.1644624696613913E-9,0.0,0.999999999
2,-0.16476609026923433,-0.9919492797090914,0.0,0.9830860292314856,-0.16446246849693008,0.0,1.0E-9
