id,x,y,z,vx,vy,vz,m
1,4.0471995575568116E-12,1.2219826065688804E-13,0.0,8.987780157219859E-11,4.047210791801086E-12,0.0,0.999999999
2,0.9959528004464905,0.08987780173946533,0.0,-0.08987780148232077,0.9959527892122462,0.0,1.0E-9
