id,x,y,z,vx,vy,vz,m,t
1,-0.29948289382240073,-0.12523197406942208,0.0,0.3086317368748836,-0.13806939144656036,0.0,0.6,0.6900000000000005
2,0.4492243407336018,0.18784796110413304,0.0,-0.462947605312325,0.20710408716984022,0.0,0.4,0.6900000000000005
