id,x,y,z,vx,vy,vz,m
1,4.76656413728594E-11,4.943829619791342E-12,0.0,3.050561700623579E-10,4.7665679551701185E-11,0.0,0.999999999
2,0.9523343586748065,0.30505617038515254,0.0,-0.3050561697573017,0.9523343204959646,0.0,1.0E-9
