id,x,y,z,vx,vy,vz,m,t
2,0.04258212274624498,-0.0394279905986335,0.0,0.9357195195488878,-0.8604794138074741,0.0,1.0,1.1000000000000008
3,-0.9900874888229998,-0.2230505526817222,0.0,-0.4125657635632749,0.4442927729615416,0.0,1.0,1.1000000000000008
1,0.9475053660767535,0.2624785432803559,0.0,-0.5231537559856139,0.4161866408459324,0.0,1.0,1.1000000000000008
