id,x,y,z,vx,vy,vz,m
1,4.760291217645485E-10,6.1389091463831226E-9,0.0,-8.509664971343303E-10,4.814205627392942E-10,0.0,0.999999999
2,0.5239708787114995,-0.8589091402442214,0.0,0.850966496283369,0.5185794377421256,0.0,1.0E-9
