id,x,y,z,vx,vy,vz,m
1,1.7926168116466024E-10,6.272163222261308E-9,0.0,-5.767252042591515E-10,1.8722325941463227E-10,0.0,0.999999999
2,0.8207383190146237,-0.582163215989149,0.0,0.576725203682433,0.812776740772589,0.0,1.0E-9
