id,x,y,z,vx,vy,vz,m,t
2,0.8810653728338058,0.30543066686255116,0.0,-0.674715318589363,0.35234704410011536,0.0,1.0,3.319999999999973
3,0.14823362878920496,-0.1329316314527772,0.0,0.9703000083456348,-0.8128847930653816,0.0,1.0,3.319999999999973
1,-1.0292990016230135,-0.17249903540977407,0.0,-0.29558468975627267,0.46053774896526656,0.0,1.0,3.319999999999973
