id,x,y,z,vx,vy,vz,m
1,1.4082426437115067E-9,1.076946605770946E-9,0.0,9.135682966827539E-10,1.4064860341956504E-9,0.0,0.999999999
2,-0.4082426423032628,0.9140533953059987,0.0,-0.913568295769185,-0.4064860327891674,0.0,1.0E-9
