id,x,y,z,vx,vy,vz,m,t
1,-0.20607690236323997,0.1493929373890068,0.0,-0.4696860501079628,-0.04771070095199163,0.0,0.6,1.7809999999999147
2,0.30911535354486186,-0.2240894060835113,0.0,0.7045290751619465,0.07156605142798632,0.0,0.4,1.7809999999999147
