id,x,y,z,vx,vy,vz,m
1,2.2875031884948699E-10,5.3467280138695083E-11,0.0,6.365327246156515E-10,2.2875040105320972E-10,0.0,0.999999999
2,0.7712496813792638,0.6365327199147722,0.0,-0.6365327239791186,0.7712495991755409,0.0,1.0E-9
