id,x,y,z,vx,vy,vz,m
1,5.3960515843243304E-11,5.930241584216439E-12,0.0,3.24068327215586E-10,5.3798194136957013E-11,0.0,0.999999999
2,0.9460394842107175,0.3240697584217137,0.0,-0.3240683268915178,0.9462018059168412,0.0,1.0E-9
