id,x,y,z,vx,vy,vz,m
1,4.995916902099952E-12,1.640957525274399E-13,0.0,9.983589202903228E-11,4.945998219678355E-12,0.0,0.999999999
2,0.9950040831028965,0.09983590424763668,0.0,-0.09983589192919638,0.995054001785268,0.0,1.0E-9
