id,x,y,z,vx,vy,vz,m
1,1.814447450203658E-9,1.937430321207649E-9,0.0,5.835182612085204E-10,1.8112686567959644E-9,0.0,0.999999999
2,-0.8144474483892076,0.5835696807297779,0.0,-0.5835182606249991,-0.8112686549846962,0.0,1.0E-9
