id,x,y,z,vx,vy,vz,m
1,9.363316209545137E-10,5.794762052658967E-9,0.0,-9.946826159825902E-10,9.37834291070627E-10,0.0,0.999999999
2,0.06366837998183487,-1.00376204686421,0.0,0.9946826149879121,0.06216570986720655,0.0,1.0E-9
