id,x,y,z,vx,vy,vz,m,t
1,-0.25437083876264643,-0.14088072833416057,0.0,0.38759670313886124,-0.09983480105529041,0.0,0.6,0.8200000000000006
2,0.38155625814397054,0.21132109250124076,0.0,-0.5813950547082914,0.1497522015829351,0.0,0.4,0.8200000000000006
