id,x,y,z,vx,vy,vz,m,t
1,-0.3845143197388677,-0.05475473198832759,0.0,0.11264460163028359,-0.1920138707959462,0.0,0.6,2.9909999999997816
2,0.5767714796083052,0.08213209798248924,0.0,-0.1689669024454237,0.2880208061939188,0.0,0.4,2.9909999999997816
