id,x,y,z,vx,vy,vz,m
1,3.0561183208749696E-10,6.19959848058214E-9,0.0,-7.196001636248921E-10,3.056100998796489E-10,0.0,0.999999999
2,0.6943881682181169,-0.7195984743825476,0.0,0.7196001629052922,0.6943899004259574,0.0,1.0E-9
