id,x,y,z,vx,vy,vz,m,t
2,0.8439792128207111,-0.32286143246314425,0.0,0.7497400711373321,0.306721680462291,0.0,1.0,1.9000000000000015
3,-1.0433598003900597,0.14869507746803692,0.0,0.24700924373880606,0.46402548087147527,0.0,1.0,1.9000000000000015
1,0.19938058756934626,0.1741663549951071,0.0,-0.9967493148761394,-0.7707471613337666,0.0,1.0,1.9000000000000015
