id,x,y,z,vx,vy,vz,m
1,1.9933090847710256E-11,1.3323051058998714E-12,0.0,1.9866769456370006E-10,1.993311568516228E-11,0.0,0.999999999
2,0.9800669091722232,0.19866769489543243,0.0,-0.19866769436503234,0.9800668843347707,0.0,1.0E-9
