id,x,y,z,vx,vy,vz,m
1,1.6919595403729218E-9,4.689408746314456E-9,0.0,-7.219015011471895E-10,1.6880950082773286E-9,0.0,0.999999999
2,-0.6919595386809506,-0.7284087416250494,0.0,0.7219015004252904,-0.6880950065892353,0.0,1.0E-9
