id,x,y,z,vx,vy,vz,m,t
2,0.8672845230489196,0.31231833431206624,0.0,-0.7034048499261789,0.33621834655905214,0.0,1.0,3.3399999999999728
3,0.1677341682090419,-0.1490462093721333,0.0,0.9798558738690433,-0.7983328501316443,0.0,1.0,3.3399999999999728
1,-1.0350186912579642,-0.16327212493993298,0.0,-0.2764510239428652,0.4621145035725924,0.0,1.0,3.3399999999999728
