id,x,y,z,vx,vy,vz,m,t
2,0.2181718815476133,0.18835215381331954,0.0,-1.0072929331516032,-0.7523562669756916,0.0,1.0,3.989999999999959
3,0.8296595674571675,-0.32840665459469087,0.0,0.7770158824254795,0.2875192306856525,0.0,1.0,3.989999999999959
1,-1.047831449004784,0.14005450078137138,0.0,0.23027705072612342,0.46483703629003914,0.0,1.0,3.989999999999959
