id,x,y,z,vx,vy,vz,m,t
2,0.5093523202127528,-0.14747372474359977,0.0,0.34423810597414156,0.25365186524772415,0.0,0.4,2.1699999999999977
1,-0.33956821347516913,0.09831581649573355,0.0,-0.22949207064942792,-0.16910124349848246,0.0,0.6,2.1699999999999977
