id,x,y,z,vx,vy,vz,m
1,1.3875252212268315E-11,6.284003495668593E-9,0.0,1.65996895211151E-10,1.3872949101283674E-11,0.0,0.999999999
2,0.9861247478016093,0.16599651061539886,0.0,-0.1659968950451538,0.9861270509125861,0.0,1.0E-9
