id,x,y,z,vx,vy,vz,m
1,1.43714441010041E-9,5.159389898897485E-9,0.0,-8.993918932142426E-10,1.4371449779971837E-9,0.0,0.999999999
2,-0.4371444086632641,-0.8993898937380992,0.0,0.8993918923148511,-0.4371449765600422,0.0,1.0E-9
