id,x,y,z,vx,vy,vz,m
1,2.7137835600880714E-13,6.28322802295477E-9,0.0,-2.3228077643740873E-11,2.6901953326542857E-13,0.0,0.999999999
2,0.9997286216442651,-0.023228016671549896,0.0,0.02322807762051307,0.999730980467,0.0,1.0E-9
