id,x,y,z,vx,vy,vz,m,t
2,1.0367605680164829,0.16032991859863488,0.0,-0.27046868507699623,0.4625519792951004,0.0,1.0,2.9799999999999804
3,-0.17398570711252745,0.15411079714496606,0.0,0.983065268318326,-0.7932936878031334,0.0,1.0,2.9799999999999804
1,-0.8627748609039578,-0.31444071574360116,0.0,-0.7125965832413306,0.33074170850803336,0.0,1.0,2.9799999999999804
