id,x,y,z,vx,vy,vz,m,t
2,-0.11699886764999962,0.10617983933390752,0.0,0.9567644481757078,-0.8324038730081963,0.0,1.0,0.9300000000000006
3,-0.9021860567788973,-0.29372639495538827,0.0,-0.628947424501861,0.37520422521190927,0.0,1.0,0.9300000000000006
1,1.0191849244288962,0.1875465556214809,0.0,-0.32781702367384774,0.45719964779628686,0.0,1.0,0.9300000000000006
