id,x,y,z,vx,vy,vz,m
1,1.9011501464654563E-9,4.0235047967677615E-9,0.0,-4.335059003478001E-10,1.901151342165339E-9,0.0,0.999999999
2,-0.9011501445643044,-0.43350479274425624,0.0,0.43350589991429467,-0.90115134026419,0.0,1.0E-9
