id,x,y,z,vx,vy,vz,m
1,1.7049967435046664E-9,4.639208910203599E-9,0.0,-7.092105038960441E-10,1.7049977247487033E-9,0.0,0.999999999
2,-0.7049967417996679,-0.709208905564392,0.0,0.7092105031868341,-0.7049977230437084,0.0,1.0E-9
