id,x,y,z,vx,vy,vz,m,t
2,0.3539600628270298,0.275524337003984,0.0,-1.0795390859802618,-0.5741407321489922,0.0,1.0,3.8599999999999617
3,0.7167277325379988,-0.3549436390435353,0.0,0.9556918040415909,0.10691358671643117,0.0,1.0,3.8599999999999617
1,-1.0706877953650316,0.07941930203955141,0.0,0.12384728193867064,0.46722714543256094,0.0,1.0,3.8599999999999617
