id,x,y,z,vx,vy,vz,m
1,6.00651587276361E-10,2.4320082574468227E-10,0.0,9.16799210015253E-10,6.006517336107454E-10,0.0,0.999999999
2,0.3993484133242913,0.9167991744985186,0.0,-0.9167992090984535,0.39934826698990666,0.0,1.0E-9
