id,x,y,z,vx,vy,vz,m,t
2,0.9248569111550186,0.27910129784549104,0.0,-0.5773924245253814,0.39714240268084405,0.0,1.0,3.2499999999999747
3,0.08129241492946729,-0.07463128276804357,0.0,0.9443998712793087,-0.8492244940461481,0.0,1.0,3.2499999999999747
1,-1.0061493260844885,-0.20447001507744766,0.0,-0.36700744675392805,0.4520820913653043,0.0,1.0,3.2499999999999747
