id,x,y,z,vx,vy,vz,m,t
2,0.5197234760351325,0.14581790544069514,0.0,-0.32416801614368773,0.25538568608422907,0.0,0.4,0.5100000000000002
1,-0.34648231735675483,-0.09721193696046344,0.0,0.21611201076245845,-0.17025712405615276,0.0,0.6,0.5100000000000002
