id,x,y,z,vx,vy,vz,m,t
2,-0.060174678509228474,0.05544482472515437,0.0,0.939054854099152,-0.8562156041016822,0.0,1.0,0.9900000000000007
3,-0.9374577732270143,-0.2701715588342356,0.0,-0.5475619662191861,0.4081297658620455,0.0,1.0,0.9900000000000007
1,0.9976324517362416,0.2147267341090814,0.0,-0.3914928878799669,0.4480858382396366,0.0,1.0,0.9900000000000007
