id,x,y,z,vx,vy,vz,m
1,1.0558586725657951E-9,5.675108607934036E-9,0.0,-9.95084557997833E-10,1.0564024016961549E-9,0.0,0.999999999
2,-0.05585867150992034,-1.0041086022589334,0.0,0.9950845570027517,-0.056402400639754116,0.0,1.0E-9
