id,x,y,z,vx,vy,vz,m
1,9.392285226186267E-10,5.118484207572645E-10,0.0,9.98151656927479E-10,9.392287512515097E-10,0.0,0.999999999
2,0.06077147832060275,0.998151579754584,0.0,-0.9981516559293275,0.0607712496877191,0.0,1.0E-9
