id,x,y,z,vx,vy,vz,m,t
2,0.919015294941354,0.283045778571308,0.0,-0.5909308182075185,0.3917537424825489,0.0,1.0,3.2599999999999745
3,0.09075085780546445,-0.08310427607054788,0.0,0.9472887039201235,-0.8453741664547156,0.0,1.0,3.2599999999999745
1,-1.0097661527468211,-0.19994150250076032,0.0,-0.35635788571260585,0.45362042397216695,0.0,1.0,3.2599999999999745
