id,x,y,z,vx,vy,vz,m,t
2,0.5980786980784106,0.02397415175106246,0.0,-0.04806413810625438,0.2990370539412974,0.0,0.4,0.08
1,-0.3987191320522738,-0.015982767834041643,0.0,0.032042758737502924,-0.19935803596086496,0.0,0.6,0.08
