id,x,y,z,vx,vy,vz,m
1,1.7603427531514294E-10,6.352310469396835E-9,0.0,5.722988449580119E-10,1.8343138670525346E-10,0.0,0.999999999
2,0.8239657248609201,0.5776895369554667,0.0,-0.5722988443857064,0.8165686134781786,0.0,1.0E-9
